Startup_ID,Team_Size,Founder_Experience_Years,Startup_Age_Years,Industry,City,Funding_Goal,Funding_Raised,Funding_Success,Growth_Rate,Revenue
1,3,15,4,EdTech,Mumbai,159050,875074,Yes,High,5000000
2,4,15,5,AgriTech,Pune,1904038,1600511,No,Low,500000
3,19,11,2,EdTech,Chennai,470005,2209947,Yes,High,5000000
4,4,14,3,E-Commerce,Hyderabad,1596808,1114783,No,Low,500000
5,2,7,9,AI,Pune,1538016,124867,No,Low,500000
6,10,1,1,HealthTech,Kolkata,1166463,1180840,Yes,High,5000000
7,4,10,10,CleanTech,Pune,289555,925749,Yes,High,5000000
8,10,14,4,E-Commerce,Chennai,751141,1877441,Yes,High,5000000
9,20,0,4,EdTech,Bangalore,888909,1781437,Yes,High,5000000
10,17,0,8,AgriTech,Mumbai,1920601,2059824,Yes,High,5000000
11,4,13,6,CleanTech,Chennai,1890195,237626,No,Low,500000
12,19,15,5,AgriTech,Bangalore,1843377,1226229,No,Low,500000
13,5,11,10,AgriTech,Kolkata,1130443,2105735,Yes,High,5000000
14,11,2,4,AgriTech,Chennai,399026,491691,Yes,High,5000000
15,8,10,10,AI,Hyderabad,403689,1075471,Yes,High,5000000
16,17,10,2,FinTech,Kolkata,1914611,555696,No,Low,500000
17,14,4,5,CleanTech,Bangalore,937492,1128903,Yes,High,5000000
18,12,11,10,EdTech,Delhi,1657689,2439088,Yes,High,5000000
19,20,9,3,HealthTech,Bangalore,1108628,705743,No,Low,500000
20,12,13,8,AI,Chennai,1358592,351086,No,Low,500000
21,20,9,10,FinTech,Delhi,637992,854262,Yes,High,5000000
22,12,3,10,HealthTech,Hyderabad,1067629,645160,No,Low,500000
23,14,5,6,E-Commerce,Bangalore,663884,1548204,Yes,High,5000000
24,15,13,7,FinTech,Hyderabad,661177,356237,No,Low,500000
25,4,7,1,AgriTech,Kolkata,977432,986595,Yes,High,5000000
26,3,3,1,E-Commerce,Bangalore,1428946,2230338,Yes,High,5000000
27,2,2,9,HealthTech,Bangalore,1660425,1373595,No,Low,500000
28,2,5,9,CleanTech,Kolkata,711392,237769,No,Low,500000
29,13,2,4,AgriTech,Bangalore,1104647,2370422,Yes,High,5000000
30,9,1,7,FinTech,Pune,356523,252365,No,Low,500000
31,17,15,4,FinTech,Bangalore,1990914,1483460,No,Low,500000
32,20,13,4,AgriTech,Kolkata,1325191,1572592,Yes,High,5000000
33,16,8,5,AI,Kolkata,233089,1103077,Yes,High,5000000
34,17,4,5,EdTech,Chennai,593971,1145482,Yes,High,5000000
35,3,9,4,AgriTech,Hyderabad,1327410,2149469,Yes,High,5000000
36,16,8,10,AI,Mumbai,1904997,2055909,Yes,High,5000000
37,18,12,1,EdTech,Bangalore,1259346,2194044,Yes,High,5000000
38,11,6,6,E-Commerce,Delhi,1326874,848038,No,Low,500000
39,13,9,7,CleanTech,Kolkata,1519418,1360134,No,Low,500000
40,3,15,5,CleanTech,Bangalore,251535,1349141,Yes,High,5000000
41,2,8,5,CleanTech,Kolkata,715576,1039060,Yes,High,5000000
42,19,13,6,FinTech,Hyderabad,418101,199641,No,Low,500000
43,12,8,9,E-Commerce,Mumbai,1624067,1754287,Yes,High,5000000
44,17,9,4,AI,Delhi,793751,913358,Yes,High,5000000
45,20,9,9,FinTech,Bangalore,259911,204698,No,Low,500000
46,19,9,3,CleanTech,Delhi,1793621,818352,No,Low,500000
47,16,10,10,AI,Pune,1786420,920753,No,Low,500000
48,12,2,8,CleanTech,Bangalore,1816395,503454,No,Low,500000
49,6,9,5,EdTech,Hyderabad,1374004,582527,No,Low,500000
50,10,10,1,FinTech,Bangalore,633949,962006,Yes,High,5000000
51,11,7,9,CleanTech,Kolkata,981124,1047045,Yes,High,5000000
52,12,11,10,E-Commerce,Kolkata,1894932,1657792,No,Low,500000
53,20,11,4,AI,Kolkata,1746776,2453459,Yes,High,5000000
54,3,6,6,E-Commerce,Bangalore,1573493,145923,No,Low,500000
55,14,11,5,HealthTech,Hyderabad,605454,2348909,Yes,High,5000000
56,3,15,6,CleanTech,Pune,1155947,1982329,Yes,High,5000000
57,6,15,5,HealthTech,Mumbai,612685,109440,No,Low,500000
58,2,4,2,FinTech,Hyderabad,1840387,1459764,No,Low,500000
59,13,14,8,FinTech,Chennai,243512,1886892,Yes,High,5000000
60,13,15,7,FinTech,Pune,1745253,1904674,Yes,High,5000000
61,9,13,3,EdTech,Pune,1762930,2427678,Yes,High,5000000
62,8,13,1,AgriTech,Delhi,497779,1004150,Yes,High,5000000
63,17,13,4,AgriTech,Delhi,545868,1250013,Yes,High,5000000
64,5,3,7,AgriTech,Pune,1428257,645895,No,Low,500000
65,20,14,5,AgriTech,Pune,1834131,1748349,No,Low,500000
66,19,11,1,EdTech,Chennai,1558257,1767983,Yes,High,5000000
67,7,15,10,FinTech,Kolkata,606420,362632,No,Low,500000
68,18,3,1,CleanTech,Pune,200412,982659,Yes,High,5000000
69,14,6,2,AI,Delhi,290632,2129349,Yes,High,5000000
70,2,4,4,CleanTech,Mumbai,759829,2428275,Yes,High,5000000
71,13,8,7,HealthTech,Mumbai,1341183,2480387,Yes,High,5000000
72,7,9,9,HealthTech,Kolkata,1701643,1875646,Yes,High,5000000
73,4,15,9,AgriTech,Chennai,1198641,50323,No,Low,500000
74,4,3,6,AgriTech,Chennai,869721,1530724,Yes,High,5000000
75,6,8,10,E-Commerce,Chennai,66601,2187706,Yes,High,5000000
76,10,0,1,EdTech,Delhi,256358,1943514,Yes,High,5000000
77,17,1,10,AI,Chennai,1935366,854379,No,Low,500000
78,13,14,7,AI,Delhi,222951,1601349,Yes,High,5000000
79,15,5,7,CleanTech,Delhi,1346905,1406575,Yes,High,5000000
80,19,7,9,E-Commerce,Kolkata,901254,1489677,Yes,High,5000000
81,12,7,4,CleanTech,Chennai,1164339,860464,No,Low,500000
82,7,11,1,CleanTech,Kolkata,262528,289568,Yes,High,5000000
83,4,0,7,AI,Kolkata,1536251,1549627,Yes,High,5000000
84,14,15,7,HealthTech,Hyderabad,1919351,1956418,Yes,High,5000000
85,20,14,9,CleanTech,Kolkata,1607236,1819735,Yes,High,5000000
86,8,10,10,E-Commerce,Mumbai,1845504,1176568,No,Low,500000
87,19,14,2,HealthTech,Bangalore,840304,167676,No,Low,500000
88,3,15,1,E-Commerce,Bangalore,1175121,1219334,Yes,High,5000000
89,7,4,1,FinTech,Hyderabad,1605485,899865,No,Low,500000
90,16,5,9,E-Commerce,Mumbai,1218010,965967,No,Low,500000
91,9,5,5,AI,Pune,1752006,1192267,No,Low,500000
92,4,8,1,FinTech,Bangalore,1103451,727621,No,Low,500000
93,14,6,9,E-Commerce,Delhi,887614,772343,No,Low,500000
94,13,3,2,E-Commerce,Mumbai,599655,2468347,Yes,High,5000000
95,14,11,8,CleanTech,Pune,1396634,1333422,No,Low,500000
96,12,11,3,AI,Pune,1763241,1051361,No,Low,500000
97,12,10,8,AI,Hyderabad,1491165,1637852,Yes,High,5000000
98,9,10,6,CleanTech,Mumbai,412821,1869898,Yes,High,5000000
99,8,15,9,FinTech,Pune,1923506,445945,No,Low,500000
100,2,9,1,E-Commerce,Delhi,1736148,1349999,No,Low,500000
101,6,3,2,AgriTech,Mumbai,570458,1979006,Yes,High,5000000
102,6,0,10,FinTech,Hyderabad,1032752,376093,No,Low,500000
103,3,11,6,AgriTech,Delhi,184981,2036963,Yes,High,5000000
104,14,2,10,CleanTech,Bangalore,1713498,2210696,Yes,High,5000000
105,19,12,4,AgriTech,Mumbai,1412823,1995105,Yes,High,5000000
106,5,3,5,EdTech,Hyderabad,667730,704376,Yes,High,5000000
107,17,11,9,CleanTech,Bangalore,424650,622047,Yes,High,5000000
108,13,11,8,E-Commerce,Hyderabad,1590730,602150,No,Low,500000
109,13,15,1,EdTech,Pune,994085,717260,No,Low,500000
110,13,14,4,FinTech,Pune,1562124,1166975,No,Low,500000
111,20,3,10,AI,Hyderabad,567014,2335903,Yes,High,5000000
112,16,0,10,AgriTech,Bangalore,224668,878645,Yes,High,5000000
113,11,8,8,HealthTech,Mumbai,1936145,1464493,No,Low,500000
114,20,5,8,FinTech,Delhi,1685843,1444756,No,Low,500000
115,3,8,5,AgriTech,Pune,1707947,936380,No,Low,500000
116,4,8,9,AI,Hyderabad,693137,2342850,Yes,High,5000000
117,20,7,1,AgriTech,Delhi,672899,301409,No,Low,500000
118,12,8,5,AgriTech,Bangalore,631528,1466944,Yes,High,5000000
119,20,9,3,E-Commerce,Pune,1425865,58464,No,Low,500000
120,16,4,5,AgriTech,Pune,1906156,2134430,Yes,High,5000000
121,20,2,6,CleanTech,Kolkata,1690880,2494317,Yes,High,5000000
122,19,3,8,FinTech,Pune,1104426,1798170,Yes,High,5000000
123,4,13,3,E-Commerce,Chennai,586334,1649885,Yes,High,5000000
124,4,2,4,AgriTech,Mumbai,1886338,1466075,No,Low,500000
125,6,2,1,FinTech,Hyderabad,1612810,1605240,No,Low,500000
126,15,3,8,FinTech,Delhi,1684029,199141,No,Low,500000
127,8,9,5,AgriTech,Delhi,1627554,628259,No,Low,500000
128,14,1,1,FinTech,Bangalore,78777,677967,Yes,High,5000000
129,5,10,2,HealthTech,Bangalore,1917961,1109885,No,Low,500000
130,19,3,2,HealthTech,Chennai,690898,132651,No,Low,500000
131,3,4,10,E-Commerce,Hyderabad,546743,560643,Yes,High,5000000
132,2,1,10,AI,Delhi,1549683,600495,No,Low,500000
133,12,14,2,EdTech,Hyderabad,267424,2445432,Yes,High,5000000
134,2,3,10,E-Commerce,Hyderabad,717499,2446944,Yes,High,5000000
135,14,0,10,AgriTech,Bangalore,1971018,752447,No,Low,500000
136,7,0,10,FinTech,Kolkata,119966,1348313,Yes,High,5000000
137,17,3,7,FinTech,Hyderabad,1307253,705699,No,Low,500000
138,4,9,2,AI,Delhi,656225,178993,No,Low,500000
139,14,4,2,AgriTech,Mumbai,419407,1398375,Yes,High,5000000
140,5,3,7,AI,Delhi,644555,1667690,Yes,High,5000000
141,10,14,6,FinTech,Kolkata,891833,917693,Yes,High,5000000
142,9,2,1,AI,Kolkata,807906,586863,No,Low,500000
143,11,5,7,EdTech,Delhi,1131255,2477244,Yes,High,5000000
144,2,15,10,FinTech,Bangalore,1094802,127743,No,Low,500000
145,9,11,5,E-Commerce,Hyderabad,1366669,382350,No,Low,500000
146,15,8,4,CleanTech,Pune,1398900,2219489,Yes,High,5000000
147,11,1,8,EdTech,Pune,1735868,1298382,No,Low,500000
148,11,11,8,E-Commerce,Pune,1659978,1582835,No,Low,500000
149,15,15,6,CleanTech,Chennai,940359,583016,No,Low,500000
150,7,0,6,E-Commerce,Chennai,1112062,1379262,Yes,High,5000000
151,11,9,6,HealthTech,Bangalore,1284845,640227,No,Low,500000
152,16,11,8,EdTech,Bangalore,1864701,351246,No,Low,500000
153,5,1,7,EdTech,Chennai,1338316,262192,No,Low,500000
154,2,12,3,AI,Mumbai,405466,2352397,Yes,High,5000000
155,5,5,5,E-Commerce,Mumbai,1087409,1271247,Yes,High,5000000
156,10,9,7,EdTech,Bangalore,1841661,2094259,Yes,High,5000000
157,8,11,1,EdTech,Bangalore,1628120,1949312,Yes,High,5000000
158,6,3,6,AI,Delhi,1674818,2048912,Yes,High,5000000
159,4,15,3,CleanTech,Mumbai,867672,888682,Yes,High,5000000
160,4,9,9,CleanTech,Bangalore,510199,1645685,Yes,High,5000000
161,9,14,3,AI,Bangalore,1812159,480736,No,Low,500000
162,2,9,2,AgriTech,Bangalore,998753,2349208,Yes,High,5000000
163,12,3,7,E-Commerce,Pune,199380,2264999,Yes,High,5000000
164,7,14,3,AI,Delhi,1288888,1716910,Yes,High,5000000
165,2,7,8,AgriTech,Kolkata,807718,1395678,Yes,High,5000000
166,2,5,6,AgriTech,Mumbai,1417454,1195032,No,Low,500000
167,17,5,3,HealthTech,Mumbai,874016,1459355,Yes,High,5000000
168,18,12,6,AgriTech,Bangalore,1852910,1446380,No,Low,500000
169,8,2,4,HealthTech,Pune,1546261,2219639,Yes,High,5000000
170,12,3,9,HealthTech,Hyderabad,506248,861046,Yes,High,5000000
171,13,8,5,HealthTech,Mumbai,861115,1334773,Yes,High,5000000
172,8,5,6,CleanTech,Delhi,664523,556490,No,Low,500000
173,8,6,3,CleanTech,Bangalore,215459,565342,Yes,High,5000000
174,18,14,9,E-Commerce,Mumbai,1539132,1741394,Yes,High,5000000
175,15,1,3,E-Commerce,Kolkata,362745,709962,Yes,High,5000000
176,13,3,10,FinTech,Delhi,1684765,986764,No,Low,500000
177,19,0,5,HealthTech,Bangalore,1234423,1935416,Yes,High,5000000
178,10,5,8,HealthTech,Bangalore,1995935,1429446,No,Low,500000
179,3,6,7,CleanTech,Kolkata,678722,356672,No,Low,500000
180,4,8,1,AI,Hyderabad,1432748,1935372,Yes,High,5000000
181,6,10,5,AgriTech,Delhi,1645843,365250,No,Low,500000
182,5,2,8,EdTech,Hyderabad,158265,460723,Yes,High,5000000
183,20,3,9,AI,Chennai,1574302,1405135,No,Low,500000
184,12,12,6,E-Commerce,Bangalore,1272627,211060,No,Low,500000
185,13,8,9,CleanTech,Kolkata,1164499,293725,No,Low,500000
186,13,6,1,AgriTech,Bangalore,385941,570762,Yes,High,5000000
187,9,6,10,CleanTech,Mumbai,319382,1993015,Yes,High,5000000
188,6,13,6,EdTech,Mumbai,772925,713297,No,Low,500000
189,12,1,3,CleanTech,Bangalore,371706,1430649,Yes,High,5000000
190,16,12,2,CleanTech,Bangalore,689153,2445498,Yes,High,5000000
191,13,6,2,HealthTech,Hyderabad,719634,1694985,Yes,High,5000000
192,2,4,4,E-Commerce,Hyderabad,1898928,1286532,No,Low,500000
193,16,5,5,FinTech,Mumbai,77496,1638593,Yes,High,5000000
194,3,7,6,EdTech,Chennai,1164499,849416,No,Low,500000
195,4,3,2,CleanTech,Pune,1005016,2147153,Yes,High,5000000
196,11,1,8,EdTech,Hyderabad,1096767,2032210,Yes,High,5000000
197,14,5,7,CleanTech,Bangalore,545624,2337158,Yes,High,5000000
198,19,11,2,AI,Bangalore,58424,1994407,Yes,High,5000000
199,15,9,2,CleanTech,Bangalore,1225069,1630731,Yes,High,5000000
200,17,6,9,AgriTech,Chennai,1773614,1939958,Yes,High,5000000
201,10,1,9,AI,Chennai,535183,1247674,Yes,High,5000000
202,16,11,7,EdTech,Bangalore,1769070,1569245,No,Low,500000
203,18,0,1,EdTech,Delhi,89650,2449954,Yes,High,5000000
204,3,12,4,E-Commerce,Chennai,1245281,2057929,Yes,High,5000000
205,12,2,4,AI,Hyderabad,194276,1069550,Yes,High,5000000
206,7,7,1,EdTech,Mumbai,1150941,1125297,No,Low,500000
207,6,14,8,E-Commerce,Chennai,614206,939662,Yes,High,5000000
208,17,8,2,E-Commerce,Mumbai,1014762,2356519,Yes,High,5000000
209,4,2,5,FinTech,Bangalore,1679889,586757,No,Low,500000
210,14,2,8,AI,Pune,1509318,1406384,No,Low,500000
211,3,14,4,FinTech,Bangalore,1957058,1477608,No,Low,500000
212,11,9,4,EdTech,Bangalore,1051080,1343717,Yes,High,5000000
213,18,1,1,HealthTech,Hyderabad,306533,1762633,Yes,High,5000000
214,3,9,10,HealthTech,Kolkata,179643,966656,Yes,High,5000000
215,18,7,2,FinTech,Bangalore,720499,286620,No,Low,500000
216,18,7,4,AgriTech,Delhi,886058,572840,No,Low,500000
217,20,9,7,AgriTech,Hyderabad,914483,175845,No,Low,500000
218,4,10,4,CleanTech,Kolkata,633257,2065537,Yes,High,5000000
219,3,5,2,EdTech,Mumbai,1526581,1485785,No,Low,500000
220,11,4,8,E-Commerce,Kolkata,624095,306303,No,Low,500000
221,20,5,3,CleanTech,Bangalore,1257869,1163098,No,Low,500000
222,12,10,8,EdTech,Kolkata,1742259,2347555,Yes,High,5000000
223,13,15,5,E-Commerce,Pune,1032750,1831416,Yes,High,5000000
224,13,0,7,AgriTech,Hyderabad,1922780,1651680,No,Low,500000
225,14,10,7,HealthTech,Mumbai,72949,1041361,Yes,High,5000000
226,20,12,2,HealthTech,Delhi,1067336,2216563,Yes,High,5000000
227,2,1,5,E-Commerce,Bangalore,1612181,1543249,No,Low,500000
228,2,10,4,AgriTech,Bangalore,65844,264658,Yes,High,5000000
229,12,8,1,E-Commerce,Pune,480742,1660843,Yes,High,5000000
230,3,11,7,AI,Bangalore,242155,669985,Yes,High,5000000
231,5,2,8,AI,Bangalore,364498,1550726,Yes,High,5000000
232,11,11,1,FinTech,Kolkata,1954423,1999799,Yes,High,5000000
233,18,6,9,EdTech,Kolkata,50748,1048429,Yes,High,5000000
234,13,15,10,CleanTech,Mumbai,1392741,212105,No,Low,500000
235,4,8,5,HealthTech,Bangalore,597121,1593584,Yes,High,5000000
236,20,10,3,CleanTech,Bangalore,1665973,2484243,Yes,High,5000000
237,7,6,4,E-Commerce,Pune,1560089,2438172,Yes,High,5000000
238,13,9,6,AgriTech,Delhi,1061919,1788730,Yes,High,5000000
239,17,12,7,HealthTech,Hyderabad,656436,2008919,Yes,High,5000000
240,8,2,7,AI,Kolkata,1368400,1916002,Yes,High,5000000
241,12,5,7,EdTech,Hyderabad,1975161,261932,No,Low,500000
242,19,11,2,EdTech,Mumbai,644990,1386193,Yes,High,5000000
243,20,4,7,FinTech,Delhi,127445,2135968,Yes,High,5000000
244,15,1,2,CleanTech,Delhi,992750,1767106,Yes,High,5000000
245,11,11,1,E-Commerce,Mumbai,1085413,2455139,Yes,High,5000000
246,5,14,10,AI,Mumbai,315818,2129453,Yes,High,5000000
247,8,1,2,FinTech,Chennai,1519141,159068,No,Low,500000
248,5,7,2,HealthTech,Chennai,123811,888560,Yes,High,5000000
249,11,2,10,E-Commerce,Hyderabad,541976,1588215,Yes,High,5000000
250,3,12,7,FinTech,Pune,1073867,1979206,Yes,High,5000000
251,12,12,4,E-Commerce,Pune,126132,1399703,Yes,High,5000000
252,11,8,9,AI,Bangalore,1817672,1798261,No,Low,500000
253,17,5,10,AgriTech,Pune,1106588,1305366,Yes,High,5000000
254,12,12,3,EdTech,Pune,1604166,194655,No,Low,500000
255,4,10,3,HealthTech,Delhi,1684930,1843366,Yes,High,5000000
256,3,7,8,CleanTech,Delhi,1783087,608280,No,Low,500000
257,3,3,5,EdTech,Delhi,59994,1403573,Yes,High,5000000
258,3,12,1,HealthTech,Chennai,966043,727046,No,Low,500000
259,12,11,8,FinTech,Mumbai,587138,769640,Yes,High,5000000
260,5,9,2,EdTech,Pune,536023,1065733,Yes,High,5000000
261,12,5,2,AgriTech,Mumbai,268814,1969715,Yes,High,5000000
262,13,7,9,CleanTech,Mumbai,624359,2095074,Yes,High,5000000
263,5,0,8,EdTech,Pune,980111,644075,No,Low,500000
264,19,10,2,E-Commerce,Delhi,546923,107936,No,Low,500000
265,8,0,3,CleanTech,Bangalore,1518880,1254071,No,Low,500000
266,7,0,10,FinTech,Chennai,430119,773353,Yes,High,5000000
267,7,9,6,CleanTech,Pune,552929,24540,No,Low,500000
268,16,9,7,HealthTech,Delhi,1454419,2379835,Yes,High,5000000
269,5,4,5,CleanTech,Bangalore,1029415,65480,No,Low,500000
270,11,9,3,AI,Bangalore,1618561,725741,No,Low,500000
271,2,11,6,EdTech,Pune,85396,537257,Yes,High,5000000
272,17,1,1,HealthTech,Kolkata,1675581,212637,No,Low,500000
273,19,12,1,EdTech,Pune,942088,2142710,Yes,High,5000000
274,13,15,3,AgriTech,Kolkata,1725309,396715,No,Low,500000
275,9,2,2,HealthTech,Delhi,1742912,486587,No,Low,500000
276,13,11,9,AgriTech,Pune,1258552,1513799,Yes,High,5000000
277,10,2,9,AgriTech,Mumbai,1424808,1708821,Yes,High,5000000
278,20,2,10,HealthTech,Bangalore,1526277,2228544,Yes,High,5000000
279,8,14,9,CleanTech,Delhi,132184,323819,Yes,High,5000000
280,17,0,9,HealthTech,Hyderabad,183640,1443897,Yes,High,5000000
281,5,2,9,E-Commerce,Bangalore,1517910,161514,No,Low,500000
282,14,13,9,EdTech,Hyderabad,1724881,2456584,Yes,High,5000000
283,18,5,8,FinTech,Chennai,928230,631277,No,Low,500000
284,3,13,1,AI,Kolkata,1601157,287088,No,Low,500000
285,20,10,6,AgriTech,Pune,1011561,1252984,Yes,High,5000000
286,4,10,10,FinTech,Delhi,1416615,673168,No,Low,500000
287,16,10,2,AI,Bangalore,767696,531032,No,Low,500000
288,5,9,9,CleanTech,Chennai,654477,1029317,Yes,High,5000000
289,16,5,4,HealthTech,Mumbai,969404,1367013,Yes,High,5000000
290,11,3,4,EdTech,Chennai,636707,519259,No,Low,500000
291,17,10,4,HealthTech,Mumbai,1152387,2420038,Yes,High,5000000
292,3,15,6,AI,Bangalore,1635062,1541526,No,Low,500000
293,8,0,7,E-Commerce,Mumbai,1456236,2182973,Yes,High,5000000
294,16,9,10,AI,Kolkata,819280,2021288,Yes,High,5000000
295,11,11,8,FinTech,Bangalore,632380,1973776,Yes,High,5000000
296,18,9,4,HealthTech,Pune,1572616,1381689,No,Low,500000
297,16,13,4,EdTech,Pune,495135,1933635,Yes,High,5000000
298,16,15,10,FinTech,Bangalore,1540908,307507,No,Low,500000
299,15,1,3,AI,Chennai,1243729,1340853,Yes,High,5000000
300,20,14,3,AI,Chennai,945902,1808884,Yes,High,5000000
301,19,9,8,CleanTech,Delhi,513244,523431,Yes,High,5000000
302,8,13,10,HealthTech,Delhi,207809,1159054,Yes,High,5000000
303,13,13,10,FinTech,Bangalore,720291,926203,Yes,High,5000000
304,20,14,4,CleanTech,Bangalore,1157592,177415,No,Low,500000
305,10,2,9,AI,Pune,153289,1882535,Yes,High,5000000
306,10,1,7,CleanTech,Kolkata,377405,678766,Yes,High,5000000
307,4,7,7,AgriTech,Kolkata,388393,885535,Yes,High,5000000
308,5,10,9,HealthTech,Chennai,988698,1825821,Yes,High,5000000
309,2,10,8,AI,Kolkata,560038,36337,No,Low,500000
310,13,10,10,E-Commerce,Chennai,1508670,828259,No,Low,500000
311,6,1,4,E-Commerce,Mumbai,712130,1843459,Yes,High,5000000
312,5,12,2,E-Commerce,Mumbai,1502308,1393366,No,Low,500000
313,14,8,4,AgriTech,Kolkata,1184422,1974358,Yes,High,5000000
314,13,7,10,E-Commerce,Pune,1141194,208215,No,Low,500000
315,16,12,10,CleanTech,Chennai,183427,1714488,Yes,High,5000000
316,10,15,8,AgriTech,Bangalore,140809,988655,Yes,High,5000000
317,12,2,2,E-Commerce,Bangalore,1133692,2480207,Yes,High,5000000
318,18,9,3,CleanTech,Delhi,1886201,1604354,No,Low,500000
319,12,3,3,AI,Bangalore,1009988,1498182,Yes,High,5000000
320,8,1,9,AgriTech,Chennai,98726,1749669,Yes,High,5000000
321,6,11,4,HealthTech,Mumbai,55117,2074822,Yes,High,5000000
322,19,1,3,EdTech,Delhi,1224063,1549538,Yes,High,5000000
323,16,13,6,FinTech,Kolkata,1847955,1346373,No,Low,500000
324,7,6,8,HealthTech,Mumbai,124296,492244,Yes,High,5000000
325,6,5,1,E-Commerce,Hyderabad,1025366,2385127,Yes,High,5000000
326,4,4,2,AI,Hyderabad,1586674,2300226,Yes,High,5000000
327,19,5,7,HealthTech,Pune,647110,1285305,Yes,High,5000000
328,10,8,9,AgriTech,Hyderabad,661906,1523962,Yes,High,5000000
329,8,8,4,FinTech,Bangalore,510499,751022,Yes,High,5000000
330,6,0,8,AgriTech,Hyderabad,1436267,360768,No,Low,500000
331,16,7,7,HealthTech,Pune,1577175,1504315,No,Low,500000
332,4,12,8,EdTech,Chennai,564034,1234329,Yes,High,5000000
333,15,13,8,FinTech,Kolkata,1547233,1364449,No,Low,500000
334,16,0,4,FinTech,Chennai,689013,1291980,Yes,High,5000000
335,13,3,3,HealthTech,Kolkata,83786,787683,Yes,High,5000000
336,2,13,8,EdTech,Kolkata,577923,1063015,Yes,High,5000000
337,5,1,9,AgriTech,Chennai,660684,1880219,Yes,High,5000000
338,6,13,10,AgriTech,Hyderabad,536067,1646485,Yes,High,5000000
339,8,1,3,HealthTech,Pune,64630,1678126,Yes,High,5000000
340,17,13,10,FinTech,Hyderabad,1798478,1443915,No,Low,500000
341,2,3,1,AgriTech,Hyderabad,1850876,1410172,No,Low,500000
342,6,11,10,EdTech,Pune,661198,2401734,Yes,High,5000000
343,15,9,7,HealthTech,Delhi,1961691,919956,No,Low,500000
344,19,11,2,CleanTech,Kolkata,1505705,2423966,Yes,High,5000000
345,4,9,6,CleanTech,Hyderabad,1343312,1278598,No,Low,500000
346,3,12,2,E-Commerce,Chennai,722739,2337727,Yes,High,5000000
347,20,2,4,HealthTech,Kolkata,1179803,1964277,Yes,High,5000000
348,2,6,4,CleanTech,Pune,1931153,1556244,No,Low,500000
349,5,2,3,AI,Chennai,550463,1313721,Yes,High,5000000
350,13,13,2,CleanTech,Delhi,1063073,1736847,Yes,High,5000000
351,20,10,7,HealthTech,Kolkata,1959204,1681003,No,Low,500000
352,3,14,5,AgriTech,Bangalore,880425,1769992,Yes,High,5000000
353,8,0,4,AI,Delhi,1559655,1181886,No,Low,500000
354,18,13,1,AgriTech,Pune,290831,411809,Yes,High,5000000
355,13,0,5,HealthTech,Delhi,1036307,1093606,Yes,High,5000000
356,2,11,8,E-Commerce,Bangalore,777812,1004934,Yes,High,5000000
357,4,3,2,FinTech,Chennai,212189,487876,Yes,High,5000000
358,14,14,2,HealthTech,Bangalore,1808487,1618324,No,Low,500000
359,9,2,10,CleanTech,Mumbai,106371,627574,Yes,High,5000000
360,11,14,10,CleanTech,Kolkata,1354792,1941532,Yes,High,5000000
361,17,14,3,HealthTech,Mumbai,1817890,1976321,Yes,High,5000000
362,9,2,2,AgriTech,Chennai,304815,1154272,Yes,High,5000000
363,9,4,6,E-Commerce,Delhi,249123,1627942,Yes,High,5000000
364,12,4,1,AgriTech,Chennai,931264,613078,No,Low,500000
365,2,10,8,AgriTech,Mumbai,833925,2291712,Yes,High,5000000
366,15,14,9,AI,Kolkata,849285,1979906,Yes,High,5000000
367,5,3,1,E-Commerce,Mumbai,1927784,2222025,Yes,High,5000000
368,4,4,4,CleanTech,Chennai,615932,1317379,Yes,High,5000000
369,12,6,10,E-Commerce,Bangalore,1606080,500027,No,Low,500000
370,12,6,2,HealthTech,Hyderabad,475646,75623,No,Low,500000
371,20,4,10,AgriTech,Delhi,849700,680038,No,Low,500000
372,8,6,5,AI,Kolkata,1327367,2413476,Yes,High,5000000
373,12,3,9,HealthTech,Bangalore,684912,866927,Yes,High,5000000
374,6,5,7,FinTech,Delhi,1141410,1091930,No,Low,500000
375,20,1,6,EdTech,Kolkata,447330,1469653,Yes,High,5000000
376,7,0,6,FinTech,Bangalore,842193,1955186,Yes,High,5000000
377,12,14,7,E-Commerce,Kolkata,1663379,89643,No,Low,500000
378,9,2,3,AgriTech,Delhi,1458958,415394,No,Low,500000
379,6,8,3,E-Commerce,Mumbai,571936,863008,Yes,High,5000000
380,13,10,7,HealthTech,Bangalore,702930,1855140,Yes,High,5000000
381,19,11,2,FinTech,Hyderabad,535450,1221782,Yes,High,5000000
382,11,4,9,E-Commerce,Delhi,1725263,2297527,Yes,High,5000000
383,7,12,2,CleanTech,Hyderabad,391078,237254,No,Low,500000
384,20,9,6,AgriTech,Delhi,334582,1424097,Yes,High,5000000
385,19,3,8,E-Commerce,Bangalore,1088418,708019,No,Low,500000
386,13,15,3,FinTech,Mumbai,1319122,1105164,No,Low,500000
387,4,2,8,AI,Pune,1722786,1690331,No,Low,500000
388,5,2,1,CleanTech,Hyderabad,458151,352401,No,Low,500000
389,10,6,4,AgriTech,Delhi,109731,2213800,Yes,High,5000000
390,2,10,4,CleanTech,Mumbai,211074,701634,Yes,High,5000000
391,19,8,7,AgriTech,Mumbai,1086857,2293673,Yes,High,5000000
392,11,3,9,AgriTech,Pune,1190423,1971119,Yes,High,5000000
393,11,0,5,EdTech,Pune,1121749,1153156,Yes,High,5000000
394,20,12,5,CleanTech,Delhi,778019,351630,No,Low,500000
395,20,9,7,HealthTech,Chennai,1533015,1694444,Yes,High,5000000
396,10,15,7,E-Commerce,Bangalore,1991780,459104,No,Low,500000
397,5,8,3,CleanTech,Pune,232678,1442573,Yes,High,5000000
398,14,6,6,AgriTech,Pune,1445688,733271,No,Low,500000
399,4,3,8,AgriTech,Chennai,1514977,2373082,Yes,High,5000000
400,11,14,4,EdTech,Mumbai,641880,994428,Yes,High,5000000
401,8,10,4,E-Commerce,Bangalore,898217,1286937,Yes,High,5000000
402,6,1,9,HealthTech,Pune,771037,36819,No,Low,500000
403,11,15,9,CleanTech,Kolkata,1569727,414614,No,Low,500000
404,7,10,5,EdTech,Hyderabad,1223912,761774,No,Low,500000
405,3,11,1,E-Commerce,Delhi,1150406,1404743,Yes,High,5000000
406,12,15,5,AI,Chennai,363591,2004990,Yes,High,5000000
407,7,9,4,EdTech,Mumbai,1623667,963473,No,Low,500000
408,4,3,7,AI,Mumbai,1967373,743450,No,Low,500000
409,17,0,2,AgriTech,Kolkata,1153829,1947852,Yes,High,5000000
410,16,3,5,HealthTech,Pune,1259613,1561424,Yes,High,5000000
411,17,14,2,E-Commerce,Hyderabad,1819926,1638196,No,Low,500000
412,15,9,7,CleanTech,Mumbai,746272,192428,No,Low,500000
413,16,5,8,E-Commerce,Hyderabad,1083098,248219,No,Low,500000
414,4,3,9,AI,Hyderabad,1268141,1300692,Yes,High,5000000
415,17,7,2,CleanTech,Kolkata,427269,1364769,Yes,High,5000000
416,15,13,4,FinTech,Chennai,1963356,2225091,Yes,High,5000000
417,14,4,4,CleanTech,Hyderabad,74033,673632,Yes,High,5000000
418,4,13,1,FinTech,Kolkata,1779973,1337058,No,Low,500000
419,2,7,5,CleanTech,Pune,250729,1541905,Yes,High,5000000
420,4,4,4,CleanTech,Kolkata,297468,568895,Yes,High,5000000
421,10,1,1,E-Commerce,Bangalore,742856,1124949,Yes,High,5000000
422,20,8,9,HealthTech,Hyderabad,329492,2493257,Yes,High,5000000
423,20,9,2,CleanTech,Hyderabad,669136,463007,No,Low,500000
424,9,7,4,CleanTech,Bangalore,1822037,2065733,Yes,High,5000000
425,15,10,6,CleanTech,Bangalore,947897,1312298,Yes,High,5000000
426,11,4,4,E-Commerce,Chennai,1377337,1899077,Yes,High,5000000
427,15,5,1,CleanTech,Pune,1696208,1163149,No,Low,500000
428,10,8,6,E-Commerce,Mumbai,690090,794507,Yes,High,5000000
429,3,8,10,CleanTech,Chennai,885587,609523,No,Low,500000
430,2,4,2,HealthTech,Mumbai,953712,2185783,Yes,High,5000000
431,2,12,3,FinTech,Hyderabad,206331,1970790,Yes,High,5000000
432,13,12,1,AI,Mumbai,1848479,1172985,No,Low,500000
433,4,3,6,HealthTech,Delhi,1481155,1298294,No,Low,500000
434,5,7,1,EdTech,Kolkata,806736,939621,Yes,High,5000000
435,15,6,8,EdTech,Bangalore,993839,668547,No,Low,500000
436,6,14,9,HealthTech,Pune,1318676,1607052,Yes,High,5000000
437,19,13,1,AgriTech,Kolkata,1218295,1254099,Yes,High,5000000
438,8,12,1,AgriTech,Delhi,1296365,1117568,No,Low,500000
439,8,8,10,HealthTech,Mumbai,946230,1633721,Yes,High,5000000
440,16,6,8,HealthTech,Mumbai,1998322,723826,No,Low,500000
441,3,11,4,EdTech,Pune,520021,2174103,Yes,High,5000000
442,10,9,3,FinTech,Chennai,1032733,1107436,Yes,High,5000000
443,19,9,3,AI,Delhi,1699692,1651472,No,Low,500000
444,2,3,1,AgriTech,Chennai,1109735,565065,No,Low,500000
445,20,3,6,HealthTech,Mumbai,1923604,1013671,No,Low,500000
446,4,2,4,FinTech,Delhi,120555,2399912,Yes,High,5000000
447,5,15,5,E-Commerce,Mumbai,1813440,962661,No,Low,500000
448,19,2,6,AgriTech,Delhi,1855046,1918111,Yes,High,5000000
449,4,6,3,AgriTech,Delhi,91286,1452251,Yes,High,5000000
450,11,3,4,AI,Chennai,454873,62240,No,Low,500000
451,3,9,10,EdTech,Kolkata,1855403,321714,No,Low,500000
452,19,10,4,E-Commerce,Kolkata,1056369,780390,No,Low,500000
453,12,15,2,EdTech,Mumbai,1988694,667632,No,Low,500000
454,2,6,1,HealthTech,Delhi,1018006,437402,No,Low,500000
455,7,0,10,FinTech,Bangalore,283045,1162222,Yes,High,5000000
456,9,6,10,CleanTech,Chennai,679917,1847327,Yes,High,5000000
457,5,9,8,AgriTech,Chennai,50925,1498028,Yes,High,5000000
458,18,12,6,CleanTech,Mumbai,1213635,534939,No,Low,500000
459,6,3,1,CleanTech,Hyderabad,736017,1935029,Yes,High,5000000
460,15,4,3,HealthTech,Delhi,88779,292136,Yes,High,5000000
461,9,11,3,EdTech,Hyderabad,713970,955292,Yes,High,5000000
462,10,10,1,E-Commerce,Kolkata,1717846,1221183,No,Low,500000
463,6,0,3,EdTech,Hyderabad,1446655,1425264,No,Low,500000
464,6,7,6,AI,Chennai,475322,1618537,Yes,High,5000000
465,9,15,6,E-Commerce,Pune,167765,37948,No,Low,500000
466,9,12,6,HealthTech,Bangalore,1481671,1570740,Yes,High,5000000
467,15,1,5,EdTech,Chennai,1981552,2397249,Yes,High,5000000
468,10,4,9,FinTech,Mumbai,1496738,269928,No,Low,500000
469,15,7,3,CleanTech,Delhi,1228530,2237010,Yes,High,5000000
470,4,14,4,CleanTech,Chennai,1725817,1008085,No,Low,500000
471,17,2,2,CleanTech,Bangalore,1544797,1853150,Yes,High,5000000
472,3,2,7,HealthTech,Hyderabad,946438,2475674,Yes,High,5000000
473,11,13,5,E-Commerce,Mumbai,1197100,423748,No,Low,500000
474,19,1,4,CleanTech,Chennai,246970,177965,No,Low,500000
475,11,14,8,CleanTech,Pune,745064,870716,Yes,High,5000000
476,18,14,1,FinTech,Mumbai,862540,1954534,Yes,High,5000000
477,8,1,4,AgriTech,Pune,1451067,1288877,No,Low,500000
478,3,12,3,HealthTech,Chennai,116229,39294,No,Low,500000
479,4,8,9,CleanTech,Mumbai,1546177,2212831,Yes,High,5000000
480,12,1,9,E-Commerce,Bangalore,1443530,132127,No,Low,500000
481,2,10,7,E-Commerce,Bangalore,679375,273913,No,Low,500000
482,19,9,4,HealthTech,Kolkata,204175,1639593,Yes,High,5000000
483,10,13,10,E-Commerce,Hyderabad,1726457,2287936,Yes,High,5000000
484,9,6,3,AgriTech,Bangalore,1018523,1826940,Yes,High,5000000
485,9,12,7,E-Commerce,Chennai,548979,744734,Yes,High,5000000
486,10,2,8,FinTech,Pune,1261893,844458,No,Low,500000
487,7,6,7,FinTech,Pune,1025687,1533190,Yes,High,5000000
488,19,3,6,EdTech,Kolkata,113085,323630,Yes,High,5000000
489,18,8,10,FinTech,Hyderabad,970686,1132956,Yes,High,5000000
490,16,8,10,AI,Bangalore,751779,811799,Yes,High,5000000
491,4,1,9,E-Commerce,Delhi,1778135,2323724,Yes,High,5000000
492,16,0,10,E-Commerce,Mumbai,1141068,915884,No,Low,500000
493,5,3,5,FinTech,Pune,165520,1521681,Yes,High,5000000
494,7,9,2,FinTech,Hyderabad,338250,901682,Yes,High,5000000
495,5,0,9,FinTech,Hyderabad,431038,486526,Yes,High,5000000
496,13,6,8,AgriTech,Chennai,1742517,1492210,No,Low,500000
497,7,11,2,EdTech,Mumbai,136536,1341775,Yes,High,5000000
498,15,4,8,FinTech,Hyderabad,1448577,2026997,Yes,High,5000000
499,6,9,10,AI,Kolkata,653181,940710,Yes,High,5000000
500,2,12,2,AI,Bangalore,1002258,273254,No,Low,500000
501,8,10,2,AgriTech,Mumbai,234443,881828,Yes,High,5000000
502,4,11,8,FinTech,Bangalore,1971588,2265659,Yes,High,5000000
503,17,13,7,AgriTech,Delhi,1673580,245828,No,Low,500000
504,10,0,2,AI,Pune,479411,1984143,Yes,High,5000000
505,20,6,7,AgriTech,Kolkata,327491,2010066,Yes,High,5000000
506,19,7,9,HealthTech,Hyderabad,1379528,2078853,Yes,High,5000000
507,4,4,5,AI,Hyderabad,1113101,1612180,Yes,High,5000000
508,4,14,3,E-Commerce,Pune,248376,417040,Yes,High,5000000
509,13,13,4,AgriTech,Chennai,89709,729092,Yes,High,5000000
510,10,14,5,AgriTech,Hyderabad,186099,1044389,Yes,High,5000000
511,7,11,1,HealthTech,Pune,969912,659623,No,Low,500000
512,14,2,2,FinTech,Hyderabad,1816340,2272425,Yes,High,5000000
513,2,14,7,AI,Hyderabad,494300,2158672,Yes,High,5000000
514,19,11,6,FinTech,Delhi,298286,1229129,Yes,High,5000000
515,14,8,3,CleanTech,Kolkata,1733304,469578,No,Low,500000
516,5,4,7,AgriTech,Pune,280229,397164,Yes,High,5000000
517,17,1,2,EdTech,Mumbai,642280,99666,No,Low,500000
518,15,7,1,CleanTech,Delhi,474145,688743,Yes,High,5000000
519,9,0,5,AgriTech,Delhi,679514,2193497,Yes,High,5000000
520,7,4,7,AI,Pune,719679,410768,No,Low,500000
521,6,1,9,AI,Bangalore,373915,2075930,Yes,High,5000000
522,20,8,7,AI,Bangalore,863971,610735,No,Low,500000
523,19,7,7,HealthTech,Chennai,1779351,1764829,No,Low,500000
524,20,12,2,EdTech,Mumbai,1336911,409840,No,Low,500000
525,16,1,3,E-Commerce,Chennai,767554,1322535,Yes,High,5000000
526,18,1,1,HealthTech,Hyderabad,1777974,484839,No,Low,500000
527,13,12,3,E-Commerce,Mumbai,1782647,209437,No,Low,500000
528,8,10,7,CleanTech,Hyderabad,1438736,1379747,No,Low,500000
529,18,10,6,AI,Mumbai,969685,1381618,Yes,High,5000000
530,2,1,4,HealthTech,Pune,159602,1845023,Yes,High,5000000
531,18,0,1,HealthTech,Delhi,1105149,205124,No,Low,500000
532,16,13,5,CleanTech,Delhi,201474,193867,No,Low,500000
533,8,12,6,AI,Kolkata,547436,195771,No,Low,500000
534,7,6,1,EdTech,Pune,221907,439960,Yes,High,5000000
535,2,4,6,AI,Delhi,1334987,1178680,No,Low,500000
536,10,3,6,AgriTech,Pune,1839299,292529,No,Low,500000
537,17,15,4,E-Commerce,Pune,1265561,350762,No,Low,500000
538,13,12,9,CleanTech,Kolkata,946758,1464540,Yes,High,5000000
539,20,7,10,CleanTech,Pune,934604,130263,No,Low,500000
540,3,2,1,HealthTech,Mumbai,1672737,2127788,Yes,High,5000000
541,7,4,8,EdTech,Hyderabad,87147,947034,Yes,High,5000000
542,12,8,6,EdTech,Mumbai,1909992,1273887,No,Low,500000
543,7,14,7,HealthTech,Chennai,869047,1601201,Yes,High,5000000
544,14,8,10,HealthTech,Chennai,1411810,1231680,No,Low,500000
545,11,2,3,E-Commerce,Pune,1336094,92700,No,Low,500000
546,4,5,3,AgriTech,Chennai,717211,1132156,Yes,High,5000000
547,20,0,6,FinTech,Pune,83592,2246174,Yes,High,5000000
548,7,7,9,E-Commerce,Hyderabad,197247,1846971,Yes,High,5000000
549,12,11,8,HealthTech,Bangalore,1145480,2486119,Yes,High,5000000
550,4,2,2,EdTech,Bangalore,1119355,1465735,Yes,High,5000000
551,2,13,5,AgriTech,Chennai,657252,225427,No,Low,500000
552,9,7,1,EdTech,Mumbai,1934137,2347127,Yes,High,5000000
553,14,13,2,HealthTech,Kolkata,895113,2268177,Yes,High,5000000
554,6,8,9,HealthTech,Hyderabad,1387752,2455604,Yes,High,5000000
555,8,7,2,AI,Mumbai,377009,2216492,Yes,High,5000000
556,8,14,4,EdTech,Hyderabad,748289,2040191,Yes,High,5000000
557,3,4,4,CleanTech,Bangalore,243381,2188123,Yes,High,5000000
558,6,2,5,EdTech,Chennai,485148,1032627,Yes,High,5000000
559,3,9,3,AgriTech,Mumbai,157515,743766,Yes,High,5000000
560,14,11,8,CleanTech,Mumbai,918271,883309,No,Low,500000
561,10,0,9,AgriTech,Delhi,876786,1255927,Yes,High,5000000
562,16,0,10,CleanTech,Bangalore,959033,2096230,Yes,High,5000000
563,10,10,8,HealthTech,Chennai,1642536,2038955,Yes,High,5000000
564,15,11,5,CleanTech,Delhi,778296,1884087,Yes,High,5000000
565,6,3,2,EdTech,Hyderabad,376420,177155,No,Low,500000
566,5,11,4,EdTech,Pune,813542,2385674,Yes,High,5000000
567,5,12,7,FinTech,Bangalore,1175938,43015,No,Low,500000
568,16,4,8,AI,Delhi,1905801,722690,No,Low,500000
569,17,4,8,HealthTech,Chennai,494058,2280174,Yes,High,5000000
570,20,15,9,FinTech,Delhi,715441,2100987,Yes,High,5000000
571,8,10,9,E-Commerce,Pune,308229,732264,Yes,High,5000000
572,8,9,1,HealthTech,Chennai,666271,2238449,Yes,High,5000000
573,20,5,8,EdTech,Chennai,503723,639684,Yes,High,5000000
574,4,1,4,EdTech,Delhi,1170423,42859,No,Low,500000
575,20,11,4,AI,Mumbai,1580792,1524047,No,Low,500000
576,16,13,9,AI,Mumbai,1937289,1987452,Yes,High,5000000
577,19,2,5,CleanTech,Kolkata,1023044,2216803,Yes,High,5000000
578,9,14,3,CleanTech,Bangalore,1078042,98279,No,Low,500000
579,6,15,2,HealthTech,Bangalore,664828,421266,No,Low,500000
580,13,4,2,AgriTech,Bangalore,1980018,1570596,No,Low,500000
581,6,10,10,CleanTech,Delhi,1682975,1707069,Yes,High,5000000
582,7,6,4,FinTech,Mumbai,538417,2064297,Yes,High,5000000
583,5,13,6,AI,Hyderabad,775635,2423473,Yes,High,5000000
584,2,10,4,HealthTech,Kolkata,1323806,834600,No,Low,500000
585,15,6,8,E-Commerce,Kolkata,1398723,1109876,No,Low,500000
586,15,13,6,HealthTech,Bangalore,1777340,384952,No,Low,500000
587,12,9,7,AI,Pune,704190,1354911,Yes,High,5000000
588,7,6,7,FinTech,Bangalore,338135,527958,Yes,High,5000000
589,18,0,8,FinTech,Chennai,1041759,2378556,Yes,High,5000000
590,16,11,9,CleanTech,Chennai,558796,1984248,Yes,High,5000000
591,15,2,2,AI,Mumbai,247453,966410,Yes,High,5000000
592,12,13,2,EdTech,Pune,797821,940406,Yes,High,5000000
593,13,14,7,AI,Pune,261262,1819763,Yes,High,5000000
594,2,14,9,HealthTech,Chennai,1127822,2118470,Yes,High,5000000
595,13,12,10,AI,Kolkata,1253951,1924075,Yes,High,5000000
596,2,1,3,AI,Kolkata,178363,1964098,Yes,High,5000000
597,9,7,9,HealthTech,Chennai,1660193,1419059,No,Low,500000
598,15,2,1,CleanTech,Delhi,1279575,732110,No,Low,500000
599,7,12,7,AI,Bangalore,1761136,712761,No,Low,500000
600,10,14,10,AgriTech,Delhi,332564,649403,Yes,High,5000000
601,12,8,10,FinTech,Hyderabad,609114,1521017,Yes,High,5000000
602,19,8,9,EdTech,Mumbai,755773,495195,No,Low,500000
603,4,11,8,AI,Pune,1686701,1008449,No,Low,500000
604,7,3,4,EdTech,Pune,1532635,2119617,Yes,High,5000000
605,19,1,5,EdTech,Chennai,1770819,683314,No,Low,500000
606,17,7,2,CleanTech,Mumbai,235302,1218070,Yes,High,5000000
607,18,4,3,AgriTech,Mumbai,1571557,2499239,Yes,High,5000000
608,6,4,9,EdTech,Delhi,319549,582818,Yes,High,5000000
609,19,5,7,FinTech,Chennai,64393,567698,Yes,High,5000000
610,13,15,10,EdTech,Hyderabad,578956,1092540,Yes,High,5000000
611,20,11,4,E-Commerce,Pune,1789570,528201,No,Low,500000
612,4,3,8,AI,Mumbai,476042,72639,No,Low,500000
613,16,12,5,HealthTech,Delhi,1675199,201454,No,Low,500000
614,3,11,3,FinTech,Kolkata,1551122,2473651,Yes,High,5000000
615,7,2,7,FinTech,Kolkata,634800,2191662,Yes,High,5000000
616,4,8,6,AgriTech,Bangalore,1107173,282398,No,Low,500000
617,14,8,7,EdTech,Pune,1937455,105135,No,Low,500000
618,9,4,3,FinTech,Chennai,490908,1182001,Yes,High,5000000
619,7,11,3,AI,Bangalore,951403,1705370,Yes,High,5000000
620,13,0,6,AI,Kolkata,370852,1577412,Yes,High,5000000
621,4,1,9,FinTech,Kolkata,869086,1858022,Yes,High,5000000
622,13,12,8,E-Commerce,Mumbai,536896,1186474,Yes,High,5000000
623,11,5,4,AgriTech,Kolkata,293107,682612,Yes,High,5000000
624,2,2,6,FinTech,Chennai,1789117,1330227,No,Low,500000
625,14,12,3,FinTech,Delhi,681252,20672,No,Low,500000
626,19,10,4,E-Commerce,Mumbai,1210081,1618927,Yes,High,5000000
627,13,5,10,FinTech,Delhi,655347,241886,No,Low,500000
628,20,1,1,EdTech,Delhi,579991,675103,Yes,High,5000000
629,15,0,6,EdTech,Pune,1651318,216742,No,Low,500000
630,9,8,10,HealthTech,Pune,1636138,1949452,Yes,High,5000000
631,6,2,10,CleanTech,Hyderabad,1090819,1389917,Yes,High,5000000
632,3,6,10,EdTech,Pune,506054,299022,No,Low,500000
633,13,1,5,AgriTech,Kolkata,318541,536022,Yes,High,5000000
634,19,5,5,FinTech,Hyderabad,677791,2340645,Yes,High,5000000
635,20,14,1,AI,Chennai,1990137,465467,No,Low,500000
636,11,6,3,E-Commerce,Delhi,1913331,890682,No,Low,500000
637,17,3,6,E-Commerce,Delhi,716084,310788,No,Low,500000
638,15,11,9,E-Commerce,Delhi,1629095,1152735,No,Low,500000
639,10,4,1,FinTech,Hyderabad,1489873,921367,No,Low,500000
640,9,10,1,AgriTech,Chennai,1145139,515654,No,Low,500000
641,9,0,10,AI,Bangalore,1609959,50218,No,Low,500000
642,10,12,5,AgriTech,Bangalore,379464,234814,No,Low,500000
643,2,5,6,E-Commerce,Delhi,1883490,1504581,No,Low,500000
644,20,9,3,FinTech,Pune,1640484,1449320,No,Low,500000
645,3,15,1,CleanTech,Kolkata,662803,1863502,Yes,High,5000000
646,11,13,9,FinTech,Chennai,242859,784379,Yes,High,5000000
647,15,5,8,E-Commerce,Hyderabad,436579,864331,Yes,High,5000000
648,16,4,6,AgriTech,Delhi,850171,2192429,Yes,High,5000000
649,13,2,9,AI,Mumbai,1045535,1885909,Yes,High,5000000
650,15,14,5,EdTech,Kolkata,281294,765247,Yes,High,5000000
651,11,4,4,FinTech,Delhi,1688729,2183432,Yes,High,5000000
652,9,1,9,FinTech,Delhi,1583414,344707,No,Low,500000
653,19,8,1,CleanTech,Hyderabad,1447755,943080,No,Low,500000
654,17,11,4,HealthTech,Pune,1782164,140488,No,Low,500000
655,11,14,7,AgriTech,Bangalore,600121,162690,No,Low,500000
656,17,12,6,EdTech,Chennai,1920915,1017904,No,Low,500000
657,17,1,9,HealthTech,Delhi,519839,632471,Yes,High,5000000
658,9,0,10,FinTech,Pune,1602304,610978,No,Low,500000
659,14,3,9,E-Commerce,Mumbai,1407749,794913,No,Low,500000
660,14,12,7,AI,Hyderabad,673571,683745,Yes,High,5000000
661,10,7,6,CleanTech,Kolkata,374964,1677194,Yes,High,5000000
662,6,13,10,HealthTech,Mumbai,360282,2150954,Yes,High,5000000
663,11,1,7,HealthTech,Delhi,849907,1871696,Yes,High,5000000
664,20,11,8,EdTech,Kolkata,951305,208897,No,Low,500000
665,11,12,10,FinTech,Mumbai,1594694,1474396,No,Low,500000
666,9,4,7,EdTech,Kolkata,1926154,1505746,No,Low,500000
667,17,4,2,HealthTech,Mumbai,1813131,1958746,Yes,High,5000000
668,11,0,2,AgriTech,Delhi,1551608,2388378,Yes,High,5000000
669,17,1,6,AgriTech,Kolkata,948808,1228120,Yes,High,5000000
670,11,3,1,FinTech,Chennai,1158920,251202,No,Low,500000
671,4,15,9,FinTech,Kolkata,389260,1772359,Yes,High,5000000
672,14,4,6,AgriTech,Chennai,1269034,486256,No,Low,500000
673,16,6,3,EdTech,Pune,962078,1471301,Yes,High,5000000
674,9,0,4,AI,Mumbai,791282,277990,No,Low,500000
675,10,7,8,AgriTech,Hyderabad,1733154,544527,No,Low,500000
676,12,15,5,E-Commerce,Mumbai,1956706,557335,No,Low,500000
677,15,10,7,HealthTech,Bangalore,550160,2075899,Yes,High,5000000
678,3,9,7,CleanTech,Mumbai,1824630,2399582,Yes,High,5000000
679,3,0,2,AgriTech,Pune,1076529,1476289,Yes,High,5000000
680,4,13,3,AI,Mumbai,444103,1849765,Yes,High,5000000
681,17,13,3,AI,Bangalore,774248,1240135,Yes,High,5000000
682,7,13,3,E-Commerce,Chennai,1218802,1805314,Yes,High,5000000
683,15,12,10,EdTech,Kolkata,955634,1226305,Yes,High,5000000
684,10,3,3,AI,Pune,764822,2406239,Yes,High,5000000
685,13,1,1,HealthTech,Pune,537099,917322,Yes,High,5000000
686,2,9,3,HealthTech,Delhi,1360739,822274,No,Low,500000
687,11,9,8,AgriTech,Kolkata,784411,2052024,Yes,High,5000000
688,16,5,8,AgriTech,Mumbai,1590391,1129086,No,Low,500000
689,5,8,9,FinTech,Pune,1758673,864983,No,Low,500000
690,16,12,3,CleanTech,Kolkata,887658,1643755,Yes,High,5000000
691,19,8,4,HealthTech,Chennai,1070944,2273277,Yes,High,5000000
692,11,2,2,EdTech,Kolkata,1777135,1027471,No,Low,500000
693,2,1,5,HealthTech,Hyderabad,663854,1190956,Yes,High,5000000
694,13,0,1,AI,Hyderabad,1164738,453982,No,Low,500000
695,9,13,1,FinTech,Pune,503096,2096793,Yes,High,5000000
696,5,15,8,AI,Bangalore,1291547,2028430,Yes,High,5000000
697,5,4,8,CleanTech,Delhi,390374,1242324,Yes,High,5000000
698,19,0,10,AgriTech,Bangalore,136908,451213,Yes,High,5000000
699,11,3,9,FinTech,Bangalore,873456,1841430,Yes,High,5000000
700,4,8,5,EdTech,Bangalore,1000945,2249984,Yes,High,5000000
701,20,12,2,AI,Delhi,614383,1781454,Yes,High,5000000
702,13,4,4,AI,Kolkata,1486208,2380003,Yes,High,5000000
703,5,3,7,HealthTech,Pune,1728553,1484122,No,Low,500000
704,12,9,4,FinTech,Kolkata,1496155,2253471,Yes,High,5000000
705,12,8,10,AI,Delhi,666795,2307791,Yes,High,5000000
706,5,4,9,AI,Delhi,701966,1921668,Yes,High,5000000
707,18,4,3,EdTech,Delhi,1877597,689643,No,Low,500000
708,2,13,10,HealthTech,Chennai,1105040,409321,No,Low,500000
709,5,0,2,FinTech,Bangalore,314608,2235582,Yes,High,5000000
710,10,11,10,CleanTech,Chennai,1844644,1023357,No,Low,500000
711,7,6,3,AgriTech,Delhi,937925,2205149,Yes,High,5000000
712,14,4,10,CleanTech,Delhi,793067,725392,No,Low,500000
713,15,7,6,AgriTech,Hyderabad,318571,1881669,Yes,High,5000000
714,9,1,5,EdTech,Bangalore,888452,816247,No,Low,500000
715,18,3,2,HealthTech,Delhi,623110,721721,Yes,High,5000000
716,20,4,4,E-Commerce,Kolkata,578757,409653,No,Low,500000
717,17,0,6,E-Commerce,Bangalore,165290,1562051,Yes,High,5000000
718,10,8,4,E-Commerce,Mumbai,1466911,2407027,Yes,High,5000000
719,6,5,9,AgriTech,Mumbai,1403325,2130939,Yes,High,5000000
720,5,15,10,FinTech,Chennai,741683,712848,No,Low,500000
721,14,13,6,CleanTech,Kolkata,1146393,814855,No,Low,500000
722,10,6,9,AgriTech,Kolkata,1498848,857105,No,Low,500000
723,3,7,1,HealthTech,Delhi,1840942,1639402,No,Low,500000
724,19,15,3,CleanTech,Hyderabad,1737082,1933784,Yes,High,5000000
725,5,13,2,EdTech,Chennai,1459193,2349111,Yes,High,5000000
726,20,7,8,AgriTech,Kolkata,1581562,914935,No,Low,500000
727,18,7,8,AgriTech,Pune,733024,1538566,Yes,High,5000000
728,5,4,10,AI,Chennai,597581,608551,Yes,High,5000000
729,6,15,2,CleanTech,Pune,1048611,38778,No,Low,500000
730,4,11,9,HealthTech,Hyderabad,154643,729330,Yes,High,5000000
731,16,3,4,AI,Mumbai,838080,273629,No,Low,500000
732,14,5,7,EdTech,Bangalore,1887329,1494720,No,Low,500000
733,2,2,1,AI,Delhi,1774519,1423065,No,Low,500000
734,12,12,8,EdTech,Pune,172189,614072,Yes,High,5000000
735,17,14,2,E-Commerce,Pune,527512,1679359,Yes,High,5000000
736,15,4,4,HealthTech,Pune,559995,2065587,Yes,High,5000000
737,13,15,2,AgriTech,Chennai,407003,40034,No,Low,500000
738,9,12,3,AgriTech,Mumbai,259236,1184878,Yes,High,5000000
739,15,3,6,CleanTech,Kolkata,1650339,150100,No,Low,500000
740,11,9,4,AgriTech,Kolkata,164727,779497,Yes,High,5000000
741,14,15,5,AgriTech,Chennai,527446,227590,No,Low,500000
742,5,3,6,HealthTech,Hyderabad,175761,1093709,Yes,High,5000000
743,7,11,6,HealthTech,Bangalore,87317,1963611,Yes,High,5000000
744,17,4,6,AI,Bangalore,1627628,2010425,Yes,High,5000000
745,16,13,7,FinTech,Kolkata,1961728,455259,No,Low,500000
746,17,1,4,E-Commerce,Delhi,1926304,2301194,Yes,High,5000000
747,13,10,1,AgriTech,Bangalore,1055146,1768074,Yes,High,5000000
748,13,10,7,EdTech,Pune,1079494,1221807,Yes,High,5000000
749,18,0,5,E-Commerce,Pune,52339,1599229,Yes,High,5000000
750,13,7,5,AgriTech,Mumbai,856651,1358147,Yes,High,5000000
751,9,4,7,EdTech,Hyderabad,1355543,861015,No,Low,500000
752,14,11,5,E-Commerce,Chennai,1915806,2351123,Yes,High,5000000
753,18,0,8,FinTech,Hyderabad,1841009,770977,No,Low,500000
754,14,5,3,AgriTech,Kolkata,1945785,1106562,No,Low,500000
755,20,14,2,EdTech,Kolkata,381804,1632246,Yes,High,5000000
756,14,7,10,E-Commerce,Kolkata,826762,160481,No,Low,500000
757,14,4,2,EdTech,Mumbai,338967,2168389,Yes,High,5000000
758,2,8,3,EdTech,Delhi,1032726,1416219,Yes,High,5000000
759,2,13,9,AI,Mumbai,1851549,223875,No,Low,500000
760,19,6,3,HealthTech,Pune,996393,424268,No,Low,500000
761,16,8,5,HealthTech,Delhi,1611603,1281177,No,Low,500000
762,6,12,9,EdTech,Mumbai,887842,2231225,Yes,High,5000000
763,10,4,9,E-Commerce,Pune,1481350,1222174,No,Low,500000
764,3,3,3,AgriTech,Chennai,1771752,1069865,No,Low,500000
765,20,12,1,HealthTech,Bangalore,1128992,1497258,Yes,High,5000000
766,11,10,8,HealthTech,Mumbai,1110282,1946749,Yes,High,5000000
767,5,14,5,AI,Chennai,1977232,57026,No,Low,500000
768,12,4,5,EdTech,Mumbai,330232,1781668,Yes,High,5000000
769,4,9,4,FinTech,Delhi,211066,77171,No,Low,500000
770,20,6,5,AI,Delhi,89029,318697,Yes,High,5000000
771,12,14,4,AgriTech,Pune,209158,1352526,Yes,High,5000000
772,8,0,3,EdTech,Kolkata,659777,285058,No,Low,500000
773,13,15,5,CleanTech,Hyderabad,360354,1090516,Yes,High,5000000
774,16,10,3,FinTech,Hyderabad,1340216,980398,No,Low,500000
775,5,14,1,AgriTech,Chennai,1705422,1802355,Yes,High,5000000
776,5,0,5,CleanTech,Delhi,537792,801195,Yes,High,5000000
777,10,0,1,EdTech,Hyderabad,82553,1811272,Yes,High,5000000
778,13,11,9,CleanTech,Hyderabad,1293909,2143291,Yes,High,5000000
779,17,8,3,FinTech,Pune,1297971,1580989,Yes,High,5000000
780,20,8,4,AgriTech,Pune,315789,1793823,Yes,High,5000000
781,9,10,10,HealthTech,Bangalore,289704,2066741,Yes,High,5000000
782,3,15,5,AgriTech,Kolkata,1074075,58773,No,Low,500000
783,10,10,10,CleanTech,Hyderabad,1589588,933080,No,Low,500000
784,5,2,7,FinTech,Mumbai,1302656,538363,No,Low,500000
785,12,2,3,HealthTech,Mumbai,370248,1230908,Yes,High,5000000
786,8,1,7,AgriTech,Kolkata,884578,626162,No,Low,500000
787,5,12,5,EdTech,Hyderabad,621317,1644167,Yes,High,5000000
788,3,14,6,EdTech,Pune,1004385,71303,No,Low,500000
789,14,9,1,HealthTech,Chennai,1925616,138906,No,Low,500000
790,16,13,2,EdTech,Mumbai,554056,870253,Yes,High,5000000
791,20,8,3,AI,Mumbai,1695873,2173815,Yes,High,5000000
792,7,14,5,AgriTech,Bangalore,325498,2248703,Yes,High,5000000
793,18,3,3,E-Commerce,Hyderabad,364371,1755859,Yes,High,5000000
794,3,13,7,AgriTech,Delhi,180762,1996751,Yes,High,5000000
795,17,15,1,AI,Bangalore,1509184,1231869,No,Low,500000
796,12,5,6,FinTech,Bangalore,1851381,1576761,No,Low,500000
797,17,7,10,AgriTech,Kolkata,1159406,1133254,No,Low,500000
798,3,9,3,AI,Mumbai,707204,330063,No,Low,500000
799,5,6,1,AI,Chennai,199735,2444462,Yes,High,5000000
800,14,12,6,EdTech,Hyderabad,376165,1858418,Yes,High,5000000
801,12,7,8,FinTech,Pune,1889789,2265256,Yes,High,5000000
802,11,5,4,EdTech,Mumbai,1324079,2017844,Yes,High,5000000
803,11,2,2,AgriTech,Chennai,617187,929683,Yes,High,5000000
804,2,8,4,CleanTech,Mumbai,549028,784434,Yes,High,5000000
805,11,0,2,EdTech,Mumbai,1874928,1536104,No,Low,500000
806,20,11,8,AgriTech,Hyderabad,903362,940733,Yes,High,5000000
807,19,3,7,E-Commerce,Delhi,530765,711157,Yes,High,5000000
808,15,0,6,AgriTech,Bangalore,471376,2006010,Yes,High,5000000
809,16,10,9,HealthTech,Hyderabad,671171,1844263,Yes,High,5000000
810,11,9,4,FinTech,Pune,1443207,1560899,Yes,High,5000000
811,8,12,4,HealthTech,Hyderabad,744349,1665328,Yes,High,5000000
812,9,5,8,EdTech,Hyderabad,1525106,1265446,No,Low,500000
813,16,13,8,CleanTech,Chennai,1247840,2107302,Yes,High,5000000
814,18,5,7,FinTech,Mumbai,716794,1740907,Yes,High,5000000
815,8,3,4,EdTech,Hyderabad,1773037,2339470,Yes,High,5000000
816,3,1,7,EdTech,Mumbai,1332949,2457988,Yes,High,5000000
817,8,12,1,AI,Chennai,726377,994169,Yes,High,5000000
818,4,7,8,FinTech,Pune,1504095,1361602,No,Low,500000
819,3,6,6,AI,Pune,335701,2363881,Yes,High,5000000
820,15,14,8,AgriTech,Kolkata,1509032,982172,No,Low,500000
821,5,3,2,CleanTech,Hyderabad,1984222,75252,No,Low,500000
822,11,7,3,EdTech,Hyderabad,68360,2206084,Yes,High,5000000
823,2,2,7,AgriTech,Pune,1570068,1886707,Yes,High,5000000
824,17,11,4,AgriTech,Chennai,1061997,633634,No,Low,500000
825,16,2,4,E-Commerce,Pune,740252,1282948,Yes,High,5000000
826,18,1,10,HealthTech,Bangalore,1896254,109970,No,Low,500000
827,4,10,9,E-Commerce,Delhi,255927,1163741,Yes,High,5000000
828,5,8,4,CleanTech,Hyderabad,781518,2043924,Yes,High,5000000
829,9,6,4,E-Commerce,Bangalore,329035,2023050,Yes,High,5000000
830,6,8,6,AI,Mumbai,279372,1951674,Yes,High,5000000
831,17,0,3,HealthTech,Kolkata,744311,253263,No,Low,500000
832,17,13,10,AgriTech,Hyderabad,1877917,1917499,Yes,High,5000000
833,10,0,5,CleanTech,Pune,299583,1872091,Yes,High,5000000
834,17,13,2,CleanTech,Kolkata,775816,630758,No,Low,500000
835,2,10,10,AI,Chennai,737129,1094887,Yes,High,5000000
836,8,0,2,FinTech,Pune,208480,1323969,Yes,High,5000000
837,7,9,5,AI,Kolkata,1890205,867690,No,Low,500000
838,15,0,9,E-Commerce,Pune,1264336,1763983,Yes,High,5000000
839,13,7,3,CleanTech,Chennai,273070,889448,Yes,High,5000000
840,12,13,10,AI,Kolkata,382948,2062180,Yes,High,5000000
841,3,6,9,E-Commerce,Chennai,1075019,1574862,Yes,High,5000000
842,14,14,1,HealthTech,Kolkata,1882613,508305,No,Low,500000
843,15,11,5,CleanTech,Mumbai,1892956,1722883,No,Low,500000
844,15,3,10,CleanTech,Mumbai,117181,1625688,Yes,High,5000000
845,6,10,9,E-Commerce,Mumbai,1170608,471884,No,Low,500000
846,2,14,1,FinTech,Hyderabad,1060269,1008000,No,Low,500000
847,18,0,4,CleanTech,Hyderabad,1390499,652240,No,Low,500000
848,17,7,7,EdTech,Bangalore,480373,998133,Yes,High,5000000
849,11,11,1,AgriTech,Kolkata,1443964,2170358,Yes,High,5000000
850,19,1,6,AI,Hyderabad,852376,971383,Yes,High,5000000
851,8,8,3,E-Commerce,Hyderabad,1433763,1213354,No,Low,500000
852,5,2,9,EdTech,Delhi,78898,377948,Yes,High,5000000
853,15,7,8,HealthTech,Delhi,1480857,1345850,No,Low,500000
854,3,7,9,AgriTech,Bangalore,468903,1024511,Yes,High,5000000
855,16,13,8,CleanTech,Delhi,1287295,2462019,Yes,High,5000000
856,14,4,2,FinTech,Delhi,1911417,1914566,Yes,High,5000000
857,4,13,2,CleanTech,Chennai,1607666,2059001,Yes,High,5000000
858,4,6,1,E-Commerce,Kolkata,1749934,1669976,No,Low,500000
859,7,8,6,EdTech,Kolkata,151515,1400241,Yes,High,5000000
860,10,6,7,FinTech,Delhi,1736435,2430616,Yes,High,5000000
861,4,8,6,E-Commerce,Pune,551634,206566,No,Low,500000
862,11,6,5,HealthTech,Kolkata,1958755,206563,No,Low,500000
863,9,4,5,AgriTech,Bangalore,1801798,1783593,No,Low,500000
864,19,5,5,AI,Mumbai,490245,104639,No,Low,500000
865,13,5,1,E-Commerce,Mumbai,936890,2234269,Yes,High,5000000
866,8,6,7,CleanTech,Hyderabad,295724,2281649,Yes,High,5000000
867,17,7,2,FinTech,Chennai,1324840,1938517,Yes,High,5000000
868,9,8,3,CleanTech,Chennai,1566769,2070453,Yes,High,5000000
869,5,9,1,EdTech,Bangalore,904365,2329001,Yes,High,5000000
870,7,5,4,HealthTech,Chennai,1461513,1774114,Yes,High,5000000
871,7,11,7,EdTech,Bangalore,1017634,1917607,Yes,High,5000000
872,2,12,10,FinTech,Hyderabad,780336,2110887,Yes,High,5000000
873,18,5,1,E-Commerce,Pune,822602,879465,Yes,High,5000000
874,19,8,7,AgriTech,Hyderabad,143137,1002661,Yes,High,5000000
875,16,5,1,E-Commerce,Bangalore,805484,1715971,Yes,High,5000000
876,19,13,4,HealthTech,Chennai,1448275,909777,No,Low,500000
877,20,10,9,CleanTech,Pune,564163,1632031,Yes,High,5000000
878,2,13,8,EdTech,Pune,1436098,1676862,Yes,High,5000000
879,4,0,10,AI,Hyderabad,76517,829771,Yes,High,5000000
880,7,2,1,HealthTech,Pune,84596,2174585,Yes,High,5000000
881,13,6,9,AI,Kolkata,1187813,1059520,No,Low,500000
882,2,3,3,EdTech,Pune,321727,718676,Yes,High,5000000
883,11,1,5,CleanTech,Mumbai,457909,310218,No,Low,500000
884,12,10,8,HealthTech,Bangalore,894960,2031146,Yes,High,5000000
885,9,2,7,E-Commerce,Bangalore,1947937,1934736,No,Low,500000
886,2,6,4,AgriTech,Kolkata,89838,1121237,Yes,High,5000000
887,7,1,4,AI,Hyderabad,467496,316966,No,Low,500000
888,11,5,7,HealthTech,Delhi,1307451,955390,No,Low,500000
889,7,2,3,CleanTech,Hyderabad,1941844,68019,No,Low,500000
890,4,11,3,AI,Kolkata,1533042,1864234,Yes,High,5000000
891,9,9,9,AgriTech,Hyderabad,1200236,2121465,Yes,High,5000000
892,15,1,2,E-Commerce,Delhi,1357498,1990309,Yes,High,5000000
893,8,6,9,CleanTech,Chennai,1479417,635694,No,Low,500000
894,19,9,2,AI,Chennai,479904,193341,No,Low,500000
895,8,4,5,EdTech,Hyderabad,1382715,207983,No,Low,500000
896,10,15,3,AI,Kolkata,978345,1767149,Yes,High,5000000
897,16,12,1,AgriTech,Chennai,104134,223779,Yes,High,5000000
898,2,7,1,EdTech,Bangalore,818278,655464,No,Low,500000
899,19,9,4,EdTech,Kolkata,1741634,1790494,Yes,High,5000000
900,11,11,7,AI,Kolkata,839274,1962536,Yes,High,5000000
901,8,10,1,EdTech,Hyderabad,423335,106802,No,Low,500000
902,6,5,2,FinTech,Hyderabad,1289981,1787888,Yes,High,5000000
903,13,1,9,AgriTech,Pune,1524352,2274426,Yes,High,5000000
904,18,6,10,FinTech,Hyderabad,618941,2012412,Yes,High,5000000
905,14,3,4,AI,Delhi,419076,2001730,Yes,High,5000000
906,11,14,3,AI,Kolkata,489499,630301,Yes,High,5000000
907,11,8,4,FinTech,Hyderabad,181490,1869884,Yes,High,5000000
908,2,11,5,CleanTech,Bangalore,1593546,380365,No,Low,500000
909,17,15,2,HealthTech,Bangalore,953344,988883,Yes,High,5000000
910,20,1,1,AI,Bangalore,830865,172162,No,Low,500000
911,5,7,10,AI,Mumbai,360168,760986,Yes,High,5000000
912,4,3,2,FinTech,Pune,907497,75068,No,Low,500000
913,4,6,8,EdTech,Chennai,1852310,69482,No,Low,500000
914,13,1,8,EdTech,Mumbai,1176842,2454004,Yes,High,5000000
915,4,2,4,AgriTech,Pune,1231294,1093493,No,Low,500000
916,19,13,4,AgriTech,Delhi,1797732,2065350,Yes,High,5000000
917,16,11,10,AgriTech,Pune,651252,2282187,Yes,High,5000000
918,20,6,3,AI,Hyderabad,1959123,726086,No,Low,500000
919,5,14,10,E-Commerce,Kolkata,788370,106906,No,Low,500000
920,18,14,1,HealthTech,Mumbai,343576,770410,Yes,High,5000000
921,2,13,6,E-Commerce,Kolkata,1262398,414098,No,Low,500000
922,20,3,6,FinTech,Hyderabad,591135,1409195,Yes,High,5000000
923,12,6,8,E-Commerce,Hyderabad,771894,482374,No,Low,500000
924,8,14,9,FinTech,Delhi,1787802,2487420,Yes,High,5000000
925,11,15,7,EdTech,Chennai,1516916,2119888,Yes,High,5000000
926,17,11,8,CleanTech,Bangalore,767200,904119,Yes,High,5000000
927,3,15,8,CleanTech,Mumbai,1352556,2060293,Yes,High,5000000
928,6,12,9,E-Commerce,Chennai,1052551,696457,No,Low,500000
929,2,6,1,AgriTech,Chennai,783112,44198,No,Low,500000
930,12,7,5,E-Commerce,Mumbai,588562,147137,No,Low,500000
931,20,3,5,FinTech,Pune,292081,1890660,Yes,High,5000000
932,6,6,4,CleanTech,Delhi,844088,77421,No,Low,500000
933,7,5,8,AI,Delhi,1861294,2299951,Yes,High,5000000
934,19,8,6,FinTech,Chennai,1588580,2187247,Yes,High,5000000
935,20,3,3,HealthTech,Bangalore,965131,1805925,Yes,High,5000000
936,13,11,7,AI,Kolkata,978542,830027,No,Low,500000
937,15,12,8,AI,Delhi,1067327,2242392,Yes,High,5000000
938,19,8,1,AgriTech,Bangalore,1620428,2188323,Yes,High,5000000
939,7,10,8,FinTech,Kolkata,1397850,523640,No,Low,500000
940,15,12,2,EdTech,Pune,361178,556424,Yes,High,5000000
941,5,1,3,FinTech,Delhi,1922813,2260081,Yes,High,5000000
942,8,0,4,AgriTech,Delhi,134213,1061447,Yes,High,5000000
943,5,1,4,FinTech,Bangalore,592406,1201170,Yes,High,5000000
944,2,9,4,E-Commerce,Chennai,1251018,284978,No,Low,500000
945,4,9,10,E-Commerce,Mumbai,1985496,411605,No,Low,500000
946,9,10,4,HealthTech,Mumbai,1252681,470152,No,Low,500000
947,12,6,1,FinTech,Delhi,1583501,2245968,Yes,High,5000000
948,2,6,3,EdTech,Pune,528948,799531,Yes,High,5000000
949,7,7,9,E-Commerce,Hyderabad,195369,1838579,Yes,High,5000000
950,14,9,10,HealthTech,Bangalore,1270459,242718,No,Low,500000
951,2,2,4,AI,Kolkata,117312,203615,Yes,High,5000000
952,14,7,3,AgriTech,Pune,1111104,476935,No,Low,500000
953,8,6,2,EdTech,Hyderabad,1057215,1871313,Yes,High,5000000
954,11,14,4,FinTech,Pune,1521967,319637,No,Low,500000
955,7,11,1,EdTech,Bangalore,1014986,2487787,Yes,High,5000000
956,20,5,2,HealthTech,Bangalore,862981,1334079,Yes,High,5000000
957,9,8,7,AgriTech,Hyderabad,1057132,188932,No,Low,500000
958,2,7,4,AI,Kolkata,815679,468209,No,Low,500000
959,7,1,1,EdTech,Chennai,1143776,1219676,Yes,High,5000000
960,4,13,8,FinTech,Kolkata,777056,2452572,Yes,High,5000000
961,8,5,10,E-Commerce,Bangalore,815584,234994,No,Low,500000
962,7,1,4,EdTech,Kolkata,1000542,908092,No,Low,500000
963,18,1,4,FinTech,Mumbai,749888,1458583,Yes,High,5000000
964,11,6,3,E-Commerce,Delhi,631582,1754997,Yes,High,5000000
965,4,3,4,EdTech,Bangalore,1433896,2264875,Yes,High,5000000
966,14,3,3,HealthTech,Chennai,665339,297787,No,Low,500000
967,18,10,2,E-Commerce,Kolkata,1899576,777786,No,Low,500000
968,3,5,8,AI,Hyderabad,1491987,2197906,Yes,High,5000000
969,16,13,9,CleanTech,Pune,1615442,1315763,No,Low,500000
970,14,10,5,EdTech,Delhi,964821,77134,No,Low,500000
971,12,9,2,EdTech,Bangalore,207151,2143048,Yes,High,5000000
972,16,12,3,E-Commerce,Kolkata,967468,1679382,Yes,High,5000000
973,5,8,4,AI,Delhi,1200947,1348075,Yes,High,5000000
974,5,7,4,FinTech,Kolkata,805859,1292251,Yes,High,5000000
975,18,0,9,EdTech,Delhi,166923,2331321,Yes,High,5000000
976,19,1,5,AgriTech,Hyderabad,1192078,1259970,Yes,High,5000000
977,20,12,3,E-Commerce,Hyderabad,1948614,2330601,Yes,High,5000000
978,6,15,1,AgriTech,Mumbai,1833453,2257093,Yes,High,5000000
979,17,12,1,CleanTech,Bangalore,805163,203533,No,Low,500000
980,9,3,9,AI,Hyderabad,1086431,125232,No,Low,500000
981,13,11,3,HealthTech,Pune,1859119,1247089,No,Low,500000
982,19,11,9,E-Commerce,Hyderabad,192492,2394553,Yes,High,5000000
983,7,9,3,EdTech,Bangalore,686419,2063733,Yes,High,5000000
984,16,0,3,E-Commerce,Chennai,1668897,1332564,No,Low,500000
985,11,3,7,FinTech,Mumbai,860437,2208944,Yes,High,5000000
986,15,10,1,CleanTech,Bangalore,1710695,1999799,Yes,High,5000000
987,16,4,5,FinTech,Bangalore,1526270,1758228,Yes,High,5000000
988,15,3,4,CleanTech,Delhi,1288930,216112,No,Low,500000
989,8,13,2,E-Commerce,Bangalore,484769,1567890,Yes,High,5000000
990,20,8,8,FinTech,Delhi,590743,520694,No,Low,500000
991,6,3,8,HealthTech,Hyderabad,367353,2462812,Yes,High,5000000
992,5,6,7,CleanTech,Delhi,1905616,2254518,Yes,High,5000000
993,10,9,4,EdTech,Pune,1748793,2291577,Yes,High,5000000
994,10,5,2,FinTech,Pune,1952029,1981595,Yes,High,5000000
995,11,11,6,E-Commerce,Mumbai,715637,964342,Yes,High,5000000
996,20,3,4,EdTech,Pune,1084114,1603545,Yes,High,5000000
997,20,8,7,AI,Mumbai,1083810,60272,No,Low,500000
998,13,5,1,CleanTech,Chennai,1436695,391467,No,Low,500000
999,20,12,9,AgriTech,Mumbai,403976,2130066,Yes,High,5000000
1000,17,8,8,E-Commerce,Delhi,1227065,1878504,Yes,High,5000000
1001,3,3,6,HealthTech,Hyderabad,822137,1604387,Yes,High,5000000
1002,8,4,3,EdTech,Pune,99053,748733,Yes,High,5000000
1003,20,1,2,FinTech,Kolkata,339097,1204640,Yes,High,5000000
1004,12,10,2,HealthTech,Kolkata,846585,1976006,Yes,High,5000000
1005,12,11,6,CleanTech,Hyderabad,439399,1805466,Yes,High,5000000
1006,4,8,1,HealthTech,Kolkata,260232,2366223,Yes,High,5000000
1007,6,6,1,FinTech,Pune,1392025,2163392,Yes,High,5000000
1008,10,8,1,HealthTech,Kolkata,680493,932203,Yes,High,5000000
1009,8,1,7,AgriTech,Pune,664328,2145880,Yes,High,5000000
1010,4,14,1,FinTech,Kolkata,692678,825855,Yes,High,5000000
1011,8,2,10,HealthTech,Bangalore,1125723,109873,No,Low,500000
1012,8,9,6,EdTech,Mumbai,1937025,623226,No,Low,500000
1013,15,7,9,AgriTech,Mumbai,965789,2293056,Yes,High,5000000
1014,10,7,10,AI,Kolkata,214018,1345448,Yes,High,5000000
1015,7,4,8,AgriTech,Mumbai,1371695,2380230,Yes,High,5000000
1016,17,6,2,HealthTech,Kolkata,1018244,277628,No,Low,500000
1017,17,12,10,AgriTech,Bangalore,470433,44837,No,Low,500000
1018,19,7,2,E-Commerce,Mumbai,206569,2202164,Yes,High,5000000
1019,2,4,5,HealthTech,Delhi,1550035,1724764,Yes,High,5000000
1020,3,10,10,CleanTech,Bangalore,1532577,583459,No,Low,500000
1021,19,14,2,HealthTech,Pune,992071,2276971,Yes,High,5000000
1022,9,2,7,AgriTech,Pune,807806,1532328,Yes,High,5000000
1023,8,3,5,E-Commerce,Chennai,1693593,389475,No,Low,500000
1024,17,1,4,FinTech,Chennai,1552704,647494,No,Low,500000
1025,14,9,2,E-Commerce,Mumbai,1835292,357862,No,Low,500000
1026,5,13,8,E-Commerce,Kolkata,223340,2381030,Yes,High,5000000
1027,17,5,10,HealthTech,Bangalore,1505859,949390,No,Low,500000
1028,17,10,1,EdTech,Mumbai,1189173,1721589,Yes,High,5000000
1029,3,5,3,EdTech,Hyderabad,996393,376836,No,Low,500000
1030,20,0,8,HealthTech,Kolkata,1872239,2111154,Yes,High,5000000
1031,3,4,10,EdTech,Chennai,1635514,1452919,No,Low,500000
1032,12,1,6,FinTech,Delhi,1239209,1601114,Yes,High,5000000
1033,2,2,6,CleanTech,Mumbai,1520086,1828961,Yes,High,5000000
1034,9,9,1,CleanTech,Bangalore,1992060,518342,No,Low,500000
1035,3,14,5,CleanTech,Kolkata,255202,1918517,Yes,High,5000000
1036,9,8,9,AgriTech,Mumbai,1827232,2070048,Yes,High,5000000
1037,9,4,10,CleanTech,Kolkata,739499,1995683,Yes,High,5000000
1038,7,3,9,CleanTech,Hyderabad,442217,1839317,Yes,High,5000000
1039,17,6,6,CleanTech,Mumbai,1173333,2200730,Yes,High,5000000
1040,2,6,3,AgriTech,Kolkata,320073,1825711,Yes,High,5000000
1041,15,2,4,FinTech,Bangalore,1512597,252478,No,Low,500000
1042,15,14,6,E-Commerce,Delhi,978701,590150,No,Low,500000
1043,16,15,8,AgriTech,Pune,1857835,1644118,No,Low,500000
1044,10,4,7,CleanTech,Kolkata,1900115,560092,No,Low,500000
1045,14,9,2,AI,Chennai,96932,605819,Yes,High,5000000
1046,17,12,7,AgriTech,Kolkata,656666,968875,Yes,High,5000000
1047,6,14,5,FinTech,Mumbai,101591,429015,Yes,High,5000000
1048,9,3,6,AI,Hyderabad,1441016,439188,No,Low,500000
1049,9,13,3,FinTech,Pune,396266,1832324,Yes,High,5000000
1050,13,6,10,E-Commerce,Mumbai,109057,1196004,Yes,High,5000000
1051,19,7,1,EdTech,Mumbai,1960860,1584270,No,Low,500000
1052,18,9,7,HealthTech,Mumbai,830806,139627,No,Low,500000
1053,15,13,3,HealthTech,Kolkata,1327177,1494330,Yes,High,5000000
1054,10,1,5,AI,Mumbai,1157294,1254221,Yes,High,5000000
1055,19,3,7,EdTech,Kolkata,1236044,1466179,Yes,High,5000000
1056,3,13,6,CleanTech,Delhi,1762820,2406788,Yes,High,5000000
1057,14,13,5,E-Commerce,Delhi,1824276,216673,No,Low,500000
1058,3,2,2,AI,Pune,678183,1457711,Yes,High,5000000
1059,9,6,1,FinTech,Kolkata,774414,743387,No,Low,500000
1060,18,2,3,HealthTech,Pune,619754,1374176,Yes,High,5000000
1061,7,12,9,HealthTech,Delhi,1337167,2234378,Yes,High,5000000
1062,18,6,3,E-Commerce,Mumbai,1156690,1576935,Yes,High,5000000
1063,14,9,2,EdTech,Mumbai,598883,449204,No,Low,500000
1064,11,1,9,CleanTech,Bangalore,85683,404018,Yes,High,5000000
1065,14,8,6,AgriTech,Bangalore,104838,1777926,Yes,High,5000000
1066,8,10,7,E-Commerce,Chennai,1036238,166709,No,Low,500000
1067,10,3,8,AI,Bangalore,504004,2329017,Yes,High,5000000
1068,20,11,1,AI,Mumbai,1340369,1198815,No,Low,500000
1069,7,1,6,AI,Hyderabad,1519876,325092,No,Low,500000
1070,11,11,8,AgriTech,Hyderabad,932978,1366969,Yes,High,5000000
1071,5,13,7,HealthTech,Delhi,171568,1388741,Yes,High,5000000
1072,9,8,10,AI,Kolkata,1021689,1441096,Yes,High,5000000
1073,12,8,4,CleanTech,Bangalore,471268,598802,Yes,High,5000000
1074,8,12,2,HealthTech,Bangalore,1822014,1611925,No,Low,500000
1075,2,9,10,HealthTech,Bangalore,208612,1549155,Yes,High,5000000
1076,4,4,4,E-Commerce,Chennai,1625008,938664,No,Low,500000
1077,12,1,5,E-Commerce,Kolkata,1085537,286293,No,Low,500000
1078,14,13,4,AI,Delhi,378329,1635248,Yes,High,5000000
1079,8,13,1,EdTech,Mumbai,1580178,1843668,Yes,High,5000000
1080,4,13,3,AI,Delhi,366953,1202582,Yes,High,5000000
1081,4,13,9,AgriTech,Delhi,1784128,458599,No,Low,500000
1082,12,13,7,CleanTech,Hyderabad,568844,1273768,Yes,High,5000000
1083,6,2,6,HealthTech,Bangalore,698958,2156806,Yes,High,5000000
1084,8,3,1,E-Commerce,Pune,1820213,2148078,Yes,High,5000000
1085,12,3,2,AgriTech,Kolkata,691953,1429717,Yes,High,5000000
1086,9,9,8,E-Commerce,Pune,932841,783069,No,Low,500000
1087,17,3,9,EdTech,Delhi,1594492,1628710,Yes,High,5000000
1088,13,7,3,FinTech,Chennai,1515745,1070204,No,Low,500000
1089,15,4,8,AI,Delhi,1706585,2099595,Yes,High,5000000
1090,13,9,9,CleanTech,Pune,587616,906309,Yes,High,5000000
1091,18,6,2,E-Commerce,Delhi,1747393,1671194,No,Low,500000
1092,4,6,5,CleanTech,Mumbai,1014298,2435468,Yes,High,5000000
1093,12,12,8,AgriTech,Pune,1828564,1279459,No,Low,500000
1094,15,15,3,EdTech,Chennai,1006910,955161,No,Low,500000
1095,13,0,10,AI,Kolkata,463151,429583,No,Low,500000
1096,2,3,2,E-Commerce,Kolkata,1748726,1873248,Yes,High,5000000
1097,7,13,1,HealthTech,Kolkata,726226,139347,No,Low,500000
1098,8,5,3,AgriTech,Mumbai,240384,615500,Yes,High,5000000
1099,16,14,7,EdTech,Mumbai,310984,1392763,Yes,High,5000000
1100,8,1,10,CleanTech,Chennai,1175184,1123204,No,Low,500000
1101,5,5,9,HealthTech,Pune,1705731,440866,No,Low,500000
1102,11,9,4,E-Commerce,Chennai,1683361,2456692,Yes,High,5000000
1103,8,15,9,E-Commerce,Delhi,140454,596783,Yes,High,5000000
1104,4,3,8,E-Commerce,Mumbai,663347,1225822,Yes,High,5000000
1105,16,4,4,CleanTech,Hyderabad,1965329,2287621,Yes,High,5000000
1106,20,3,4,CleanTech,Pune,1774213,626037,No,Low,500000
1107,13,15,5,FinTech,Chennai,1382053,1956874,Yes,High,5000000
1108,20,8,10,FinTech,Kolkata,84458,42760,No,Low,500000
1109,11,11,10,FinTech,Mumbai,393754,1081045,Yes,High,5000000
1110,10,14,1,AI,Pune,1727913,973646,No,Low,500000
1111,9,0,2,HealthTech,Pune,744279,2428322,Yes,High,5000000
1112,11,3,8,AgriTech,Kolkata,1719481,746055,No,Low,500000
1113,14,8,5,AI,Chennai,1571799,2342801,Yes,High,5000000
1114,14,12,1,CleanTech,Hyderabad,1652206,1854626,Yes,High,5000000
1115,3,2,4,AgriTech,Delhi,66718,317962,Yes,High,5000000
1116,11,1,5,E-Commerce,Hyderabad,479459,428299,No,Low,500000
1117,20,6,5,CleanTech,Chennai,1012046,1921852,Yes,High,5000000
1118,2,15,5,CleanTech,Chennai,1061658,289721,No,Low,500000
1119,10,12,5,AgriTech,Kolkata,438215,560759,Yes,High,5000000
1120,17,14,2,CleanTech,Bangalore,925497,1795103,Yes,High,5000000
1121,4,3,9,AI,Hyderabad,1337960,1559155,Yes,High,5000000
1122,18,10,5,EdTech,Pune,274184,932784,Yes,High,5000000
1123,5,9,6,AI,Bangalore,640045,920775,Yes,High,5000000
1124,3,9,2,EdTech,Pune,1340080,882000,No,Low,500000
1125,9,4,5,CleanTech,Mumbai,1301843,1095552,No,Low,500000
1126,19,0,4,FinTech,Delhi,1351080,2209685,Yes,High,5000000
1127,13,2,5,EdTech,Hyderabad,1173579,694487,No,Low,500000
1128,13,8,6,EdTech,Mumbai,880161,2337883,Yes,High,5000000
1129,14,10,10,E-Commerce,Bangalore,1493707,1096524,No,Low,500000
1130,12,5,6,HealthTech,Mumbai,1244656,2055930,Yes,High,5000000
1131,13,2,8,E-Commerce,Pune,998282,48575,No,Low,500000
1132,7,13,5,AgriTech,Bangalore,1771731,685346,No,Low,500000
1133,4,2,4,AgriTech,Chennai,417626,1371663,Yes,High,5000000
1134,17,9,5,HealthTech,Hyderabad,934725,2425034,Yes,High,5000000
1135,13,8,5,AI,Chennai,1685652,1646778,No,Low,500000
1136,15,15,4,E-Commerce,Delhi,58105,1605136,Yes,High,5000000
1137,19,3,6,EdTech,Kolkata,378078,233822,No,Low,500000
1138,6,15,4,AgriTech,Hyderabad,741923,849442,Yes,High,5000000
1139,10,0,9,EdTech,Kolkata,1098801,1816056,Yes,High,5000000
1140,7,6,10,FinTech,Pune,979670,896733,No,Low,500000
1141,11,11,5,CleanTech,Mumbai,913071,1829183,Yes,High,5000000
1142,14,1,1,EdTech,Kolkata,348063,1581175,Yes,High,5000000
1143,11,0,6,FinTech,Hyderabad,100934,1095213,Yes,High,5000000
1144,18,8,7,AgriTech,Bangalore,629864,1616619,Yes,High,5000000
1145,4,2,10,FinTech,Pune,1621612,2385256,Yes,High,5000000
1146,17,0,3,EdTech,Bangalore,1036839,180332,No,Low,500000
1147,11,10,10,HealthTech,Pune,956326,226689,No,Low,500000
1148,18,13,8,AI,Hyderabad,1430863,2109358,Yes,High,5000000
1149,15,7,2,HealthTech,Chennai,185904,1507518,Yes,High,5000000
1150,5,9,3,FinTech,Pune,1513927,875134,No,Low,500000
1151,8,2,9,AgriTech,Delhi,1294512,385695,No,Low,500000
1152,15,10,5,EdTech,Kolkata,490077,2442832,Yes,High,5000000
1153,2,12,2,E-Commerce,Mumbai,307034,1022730,Yes,High,5000000
1154,13,10,4,FinTech,Hyderabad,703236,1295994,Yes,High,5000000
1155,19,10,10,FinTech,Hyderabad,236417,69071,No,Low,500000
1156,19,4,8,AgriTech,Mumbai,1809096,615744,No,Low,500000
1157,2,3,2,FinTech,Hyderabad,536101,1985474,Yes,High,5000000
1158,18,0,5,FinTech,Kolkata,1506740,1692213,Yes,High,5000000
1159,16,1,9,FinTech,Bangalore,1535162,2169436,Yes,High,5000000
1160,5,5,8,EdTech,Mumbai,1447241,1119149,No,Low,500000
1161,17,2,7,FinTech,Bangalore,548548,2273294,Yes,High,5000000
1162,7,10,9,HealthTech,Delhi,1768008,2344001,Yes,High,5000000
1163,10,2,2,AgriTech,Kolkata,60239,2080188,Yes,High,5000000
1164,16,7,1,CleanTech,Kolkata,576771,1332672,Yes,High,5000000
1165,18,8,6,EdTech,Chennai,1072469,1151702,Yes,High,5000000
1166,17,13,9,FinTech,Bangalore,392272,599250,Yes,High,5000000
1167,7,6,3,E-Commerce,Kolkata,434671,2403339,Yes,High,5000000
1168,5,8,8,CleanTech,Pune,1268345,289621,No,Low,500000
1169,13,8,2,CleanTech,Bangalore,1864431,1215692,No,Low,500000
1170,17,4,3,HealthTech,Bangalore,204564,494468,Yes,High,5000000
1171,2,1,7,E-Commerce,Bangalore,1162019,1402780,Yes,High,5000000
1172,9,15,6,FinTech,Bangalore,1379718,1527561,Yes,High,5000000
1173,8,3,5,CleanTech,Hyderabad,1764020,862459,No,Low,500000
1174,14,15,10,AgriTech,Chennai,226194,413885,Yes,High,5000000
1175,7,11,5,AgriTech,Pune,929378,867390,No,Low,500000
1176,8,10,5,AI,Delhi,1769671,671056,No,Low,500000
1177,19,3,4,E-Commerce,Kolkata,106848,2423747,Yes,High,5000000
1178,13,9,3,AI,Mumbai,1864717,203616,No,Low,500000
1179,5,3,2,AI,Mumbai,630000,336773,No,Low,500000
1180,20,10,2,HealthTech,Hyderabad,536714,1239022,Yes,High,5000000
1181,7,12,3,CleanTech,Delhi,1102770,2160755,Yes,High,5000000
1182,16,6,8,E-Commerce,Delhi,118565,1045701,Yes,High,5000000
1183,11,14,9,AI,Bangalore,67321,1836838,Yes,High,5000000
1184,9,13,6,AI,Delhi,1431681,2263270,Yes,High,5000000
1185,19,1,2,FinTech,Bangalore,577410,428648,No,Low,500000
1186,6,2,8,AI,Pune,1735965,894773,No,Low,500000
1187,11,1,2,HealthTech,Hyderabad,1394017,1383946,No,Low,500000
1188,18,3,1,HealthTech,Pune,824247,1392942,Yes,High,5000000
1189,6,1,9,AI,Delhi,1556856,521352,No,Low,500000
1190,19,9,10,E-Commerce,Mumbai,1162740,2146440,Yes,High,5000000
1191,8,8,6,E-Commerce,Delhi,895795,589189,No,Low,500000
1192,11,8,6,CleanTech,Chennai,581174,92599,No,Low,500000
1193,10,5,10,CleanTech,Pune,1671918,406798,No,Low,500000
1194,13,8,7,AI,Delhi,1440294,1493352,Yes,High,5000000
1195,7,7,3,AgriTech,Mumbai,286256,333917,Yes,High,5000000
1196,4,3,10,EdTech,Kolkata,361948,1445687,Yes,High,5000000
1197,13,2,5,E-Commerce,Delhi,1896717,1591674,No,Low,500000
1198,19,14,1,AI,Hyderabad,196405,486524,Yes,High,5000000
1199,8,3,5,E-Commerce,Delhi,216573,1850312,Yes,High,5000000
1200,14,8,6,CleanTech,Chennai,974604,65823,No,Low,500000
1201,4,0,4,HealthTech,Chennai,800842,1834207,Yes,High,5000000
1202,20,2,10,AI,Hyderabad,772512,2115912,Yes,High,5000000
1203,3,4,7,AI,Pune,1700770,1604855,No,Low,500000
1204,17,12,8,HealthTech,Kolkata,1733063,1079147,No,Low,500000
1205,2,5,6,AI,Bangalore,379622,213742,No,Low,500000
1206,5,1,4,AI,Hyderabad,1292349,2373050,Yes,High,5000000
1207,3,15,7,EdTech,Delhi,1775888,2173697,Yes,High,5000000
1208,18,10,5,FinTech,Chennai,1660970,1401618,No,Low,500000
1209,4,10,7,EdTech,Kolkata,1770369,838505,No,Low,500000
1210,15,12,6,EdTech,Chennai,1945718,600180,No,Low,500000
1211,4,10,2,AI,Bangalore,1416240,1659374,Yes,High,5000000
1212,13,2,1,AI,Kolkata,1984964,275938,No,Low,500000
1213,16,6,10,FinTech,Kolkata,596955,1650494,Yes,High,5000000
1214,2,3,8,AgriTech,Kolkata,958149,2105372,Yes,High,5000000
1215,9,2,1,FinTech,Mumbai,1592600,1247866,No,Low,500000
1216,14,8,2,HealthTech,Hyderabad,1049195,59583,No,Low,500000
1217,12,0,3,EdTech,Chennai,1625880,1326070,No,Low,500000
1218,15,4,1,E-Commerce,Delhi,472954,1268189,Yes,High,5000000
1219,9,5,3,HealthTech,Mumbai,1347334,1986024,Yes,High,5000000
1220,2,12,7,EdTech,Pune,695855,738303,Yes,High,5000000
1221,9,4,7,EdTech,Bangalore,443385,1604597,Yes,High,5000000
1222,16,5,8,EdTech,Kolkata,1682291,1406183,No,Low,500000
1223,13,15,9,CleanTech,Hyderabad,86094,371815,Yes,High,5000000
1224,9,9,2,AI,Delhi,130282,1963235,Yes,High,5000000
1225,17,3,3,E-Commerce,Chennai,1983078,2470451,Yes,High,5000000
1226,7,12,8,HealthTech,Chennai,1034101,431996,No,Low,500000
1227,19,9,2,AI,Mumbai,1312635,1458757,Yes,High,5000000
1228,2,2,1,AgriTech,Kolkata,1406993,1037228,No,Low,500000
1229,6,6,3,FinTech,Bangalore,1194844,431339,No,Low,500000
1230,3,13,2,AI,Hyderabad,707597,1303474,Yes,High,5000000
1231,2,8,2,AI,Delhi,775700,2158755,Yes,High,5000000
1232,13,11,8,E-Commerce,Delhi,647936,1599821,Yes,High,5000000
1233,14,5,6,HealthTech,Mumbai,1399352,1863675,Yes,High,5000000
1234,13,5,1,E-Commerce,Hyderabad,1208681,2453852,Yes,High,5000000
1235,14,15,4,AI,Kolkata,1758247,2095827,Yes,High,5000000
1236,12,7,8,FinTech,Bangalore,796183,1984535,Yes,High,5000000
1237,17,2,1,E-Commerce,Chennai,1349432,2007213,Yes,High,5000000
1238,9,5,9,AI,Delhi,336178,441279,Yes,High,5000000
1239,9,15,8,EdTech,Pune,493101,2392886,Yes,High,5000000
1240,7,0,10,FinTech,Chennai,575041,52222,No,Low,500000
1241,11,6,7,HealthTech,Bangalore,1640641,1800099,Yes,High,5000000
1242,11,2,9,AI,Delhi,1085188,1090110,Yes,High,5000000
1243,6,7,5,EdTech,Pune,188008,501783,Yes,High,5000000
1244,18,8,6,EdTech,Bangalore,209364,2430072,Yes,High,5000000
1245,8,12,10,EdTech,Mumbai,1292126,1360623,Yes,High,5000000
1246,17,11,9,EdTech,Mumbai,999803,761362,No,Low,500000
1247,2,3,2,CleanTech,Delhi,1918916,2221232,Yes,High,5000000
1248,15,0,2,FinTech,Hyderabad,490049,584799,Yes,High,5000000
1249,3,3,9,AI,Mumbai,1003665,1752621,Yes,High,5000000
1250,13,0,7,FinTech,Kolkata,1073930,2109606,Yes,High,5000000
1251,6,1,7,AI,Hyderabad,981252,1085115,Yes,High,5000000
1252,9,0,1,AgriTech,Bangalore,687576,821977,Yes,High,5000000
1253,9,12,2,FinTech,Delhi,1590509,32031,No,Low,500000
1254,7,10,8,E-Commerce,Chennai,1243734,181169,No,Low,500000
1255,6,13,1,EdTech,Delhi,349101,855251,Yes,High,5000000
1256,4,6,8,AI,Bangalore,834344,1073624,Yes,High,5000000
1257,9,11,6,AI,Bangalore,1048412,2069711,Yes,High,5000000
1258,8,12,4,AgriTech,Bangalore,618098,1539701,Yes,High,5000000
1259,17,10,5,AI,Chennai,116262,1637672,Yes,High,5000000
1260,10,5,2,HealthTech,Chennai,737002,185151,No,Low,500000
1261,13,12,7,AI,Hyderabad,1046734,1005018,No,Low,500000
1262,9,10,6,AgriTech,Bangalore,1243725,284535,No,Low,500000
1263,12,15,1,AgriTech,Bangalore,1700262,1232402,No,Low,500000
1264,4,5,7,FinTech,Chennai,1852309,721240,No,Low,500000
1265,2,0,6,E-Commerce,Pune,442696,1712926,Yes,High,5000000
1266,5,6,7,CleanTech,Hyderabad,854838,545129,No,Low,500000
1267,4,8,3,AgriTech,Bangalore,1864923,1287058,No,Low,500000
1268,6,3,3,AgriTech,Chennai,1888784,1495415,No,Low,500000
1269,2,8,2,HealthTech,Pune,1963193,1838155,No,Low,500000
1270,15,10,6,AgriTech,Hyderabad,1347807,1384299,Yes,High,5000000
1271,15,1,6,AI,Bangalore,1429481,571886,No,Low,500000
1272,9,5,10,CleanTech,Pune,919565,1710400,Yes,High,5000000
1273,5,14,6,EdTech,Bangalore,1683221,67948,No,Low,500000
1274,20,4,8,CleanTech,Delhi,1332690,1407293,Yes,High,5000000
1275,5,0,6,E-Commerce,Hyderabad,210641,2474741,Yes,High,5000000
1276,15,6,2,AgriTech,Bangalore,413505,197283,No,Low,500000
1277,14,4,8,AI,Pune,154036,406598,Yes,High,5000000
1278,19,11,2,FinTech,Chennai,1000897,54942,No,Low,500000
1279,9,4,3,AgriTech,Chennai,815834,2111854,Yes,High,5000000
1280,20,13,8,AgriTech,Mumbai,1856068,2172365,Yes,High,5000000
1281,4,1,9,FinTech,Pune,169571,521529,Yes,High,5000000
1282,8,0,7,AI,Kolkata,1622583,2012190,Yes,High,5000000
1283,10,15,10,FinTech,Bangalore,1205334,1821599,Yes,High,5000000
1284,18,11,10,AI,Kolkata,227546,1596970,Yes,High,5000000
1285,6,3,2,CleanTech,Delhi,404530,712885,Yes,High,5000000
1286,10,3,2,EdTech,Kolkata,1773107,1889898,Yes,High,5000000
1287,6,7,8,HealthTech,Chennai,479638,1078466,Yes,High,5000000
1288,3,4,3,CleanTech,Pune,1474013,87292,No,Low,500000
1289,13,5,8,CleanTech,Hyderabad,1457554,1253478,No,Low,500000
1290,3,7,3,AgriTech,Mumbai,651269,288370,No,Low,500000
1291,13,0,6,EdTech,Mumbai,1590032,1796621,Yes,High,5000000
1292,10,13,9,E-Commerce,Kolkata,482213,2221943,Yes,High,5000000
1293,16,5,9,CleanTech,Chennai,73617,1680949,Yes,High,5000000
1294,15,2,3,EdTech,Delhi,622720,1344714,Yes,High,5000000
1295,4,2,2,FinTech,Pune,803791,2473589,Yes,High,5000000
1296,13,1,2,EdTech,Chennai,1391906,1854528,Yes,High,5000000
1297,11,4,5,CleanTech,Mumbai,1839362,1509820,No,Low,500000
1298,2,8,2,AI,Pune,1334620,187507,No,Low,500000
1299,10,15,6,E-Commerce,Delhi,1713321,2456061,Yes,High,5000000
1300,7,11,10,HealthTech,Chennai,1990114,1921836,No,Low,500000
1301,5,7,3,AI,Hyderabad,557301,1324321,Yes,High,5000000
1302,6,7,3,FinTech,Delhi,169473,705483,Yes,High,5000000
1303,16,14,9,EdTech,Delhi,1588420,1513724,No,Low,500000
1304,4,12,10,AgriTech,Chennai,1870739,112973,No,Low,500000
1305,9,6,3,HealthTech,Chennai,1746493,1098690,No,Low,500000
1306,17,7,3,AI,Hyderabad,1115994,1642250,Yes,High,5000000
1307,20,15,8,FinTech,Bangalore,1480421,1391005,No,Low,500000
1308,20,6,8,HealthTech,Mumbai,674591,1739480,Yes,High,5000000
1309,7,7,3,HealthTech,Mumbai,321943,717524,Yes,High,5000000
1310,8,0,6,EdTech,Chennai,1924761,1794602,No,Low,500000
1311,6,3,4,AgriTech,Mumbai,1608752,2410922,Yes,High,5000000
1312,15,12,8,AgriTech,Bangalore,1276777,2247226,Yes,High,5000000
1313,5,11,8,E-Commerce,Chennai,80213,1755640,Yes,High,5000000
1314,11,8,1,EdTech,Delhi,946798,1573633,Yes,High,5000000
1315,17,4,4,EdTech,Delhi,730142,1835275,Yes,High,5000000
1316,13,11,8,HealthTech,Bangalore,1534690,258966,No,Low,500000
1317,17,15,2,AgriTech,Chennai,1009626,792738,No,Low,500000
1318,14,9,3,AI,Mumbai,505898,553073,Yes,High,5000000
1319,18,7,8,HealthTech,Mumbai,1391710,2156449,Yes,High,5000000
1320,10,10,4,EdTech,Hyderabad,1724342,507675,No,Low,500000
1321,9,13,8,CleanTech,Hyderabad,530123,1032011,Yes,High,5000000
1322,3,13,1,AI,Chennai,896319,1371806,Yes,High,5000000
1323,17,8,1,FinTech,Bangalore,1373294,1439634,Yes,High,5000000
1324,15,5,7,AI,Bangalore,1845276,1011246,No,Low,500000
1325,3,8,6,AgriTech,Pune,204340,844912,Yes,High,5000000
1326,15,12,2,EdTech,Bangalore,458651,1339013,Yes,High,5000000
1327,12,6,2,AI,Bangalore,651561,2386922,Yes,High,5000000
1328,13,13,4,EdTech,Hyderabad,1677794,2150655,Yes,High,5000000
1329,7,15,5,AI,Kolkata,1876496,1817050,No,Low,500000
1330,11,8,10,EdTech,Chennai,126081,1206067,Yes,High,5000000
1331,8,9,5,HealthTech,Bangalore,285657,155920,No,Low,500000
1332,3,7,8,E-Commerce,Delhi,1541912,1118746,No,Low,500000
1333,20,4,7,E-Commerce,Mumbai,494307,2150143,Yes,High,5000000
1334,16,11,3,FinTech,Bangalore,120276,1593710,Yes,High,5000000
1335,12,0,8,AgriTech,Kolkata,528473,654108,Yes,High,5000000
1336,15,13,2,EdTech,Kolkata,100627,1343155,Yes,High,5000000
1337,20,2,6,AgriTech,Bangalore,1808953,199823,No,Low,500000
1338,17,9,3,E-Commerce,Hyderabad,509166,1027537,Yes,High,5000000
1339,19,2,8,FinTech,Hyderabad,543315,2365101,Yes,High,5000000
1340,16,11,5,E-Commerce,Delhi,469044,991503,Yes,High,5000000
1341,19,14,4,E-Commerce,Bangalore,328921,442874,Yes,High,5000000
1342,15,14,3,HealthTech,Pune,1306146,1832753,Yes,High,5000000
1343,8,6,9,CleanTech,Bangalore,1723218,2343493,Yes,High,5000000
1344,11,4,9,AI,Kolkata,77175,267282,Yes,High,5000000
1345,9,0,7,HealthTech,Pune,1551532,1573265,Yes,High,5000000
1346,3,10,2,AI,Bangalore,95785,1703276,Yes,High,5000000
1347,16,5,6,AgriTech,Pune,929081,642472,No,Low,500000
1348,16,14,1,AI,Chennai,899946,630111,No,Low,500000
1349,16,9,10,AgriTech,Mumbai,50661,1280945,Yes,High,5000000
1350,9,13,10,CleanTech,Bangalore,605972,821346,Yes,High,5000000
1351,19,11,3,HealthTech,Bangalore,1477241,525706,No,Low,500000
1352,4,7,6,E-Commerce,Chennai,1406846,1938076,Yes,High,5000000
1353,4,13,8,HealthTech,Bangalore,744037,1844491,Yes,High,5000000
1354,12,8,4,FinTech,Pune,855439,804965,No,Low,500000
1355,16,2,10,HealthTech,Mumbai,1895745,1442662,No,Low,500000
1356,12,4,5,AgriTech,Bangalore,792207,645996,No,Low,500000
1357,7,4,4,EdTech,Chennai,1987408,169194,No,Low,500000
1358,20,2,3,EdTech,Chennai,1879596,1525126,No,Low,500000
1359,6,9,6,E-Commerce,Pune,1599720,1078990,No,Low,500000
1360,7,3,8,E-Commerce,Delhi,933158,67954,No,Low,500000
1361,17,13,1,E-Commerce,Kolkata,1825987,721299,No,Low,500000
1362,4,3,2,FinTech,Pune,103814,77865,No,Low,500000
1363,14,15,8,EdTech,Hyderabad,292917,1184043,Yes,High,5000000
1364,7,15,2,AgriTech,Hyderabad,920737,2257337,Yes,High,5000000
1365,8,6,8,FinTech,Hyderabad,1205336,1403328,Yes,High,5000000
1366,12,8,10,AI,Bangalore,77887,1255184,Yes,High,5000000
1367,19,14,2,E-Commerce,Hyderabad,670580,1860745,Yes,High,5000000
1368,3,13,5,AgriTech,Pune,1606086,471224,No,Low,500000
1369,19,5,2,E-Commerce,Kolkata,941188,748258,No,Low,500000
1370,20,5,8,AI,Bangalore,1932761,1210452,No,Low,500000
1371,20,14,6,AI,Delhi,315651,1872714,Yes,High,5000000
1372,9,7,6,FinTech,Delhi,883622,1366444,Yes,High,5000000
1373,12,14,5,E-Commerce,Kolkata,272095,888885,Yes,High,5000000
1374,7,9,7,EdTech,Mumbai,1553838,2227374,Yes,High,5000000
1375,15,5,8,HealthTech,Bangalore,715833,1405444,Yes,High,5000000
1376,6,6,7,HealthTech,Mumbai,1386714,1364396,No,Low,500000
1377,7,12,9,AI,Hyderabad,1450398,2421876,Yes,High,5000000
1378,20,8,6,E-Commerce,Bangalore,1143252,693159,No,Low,500000
1379,3,14,5,FinTech,Pune,1277672,412928,No,Low,500000
1380,6,12,6,FinTech,Kolkata,949973,722895,No,Low,500000
1381,4,0,2,EdTech,Chennai,1997504,411126,No,Low,500000
1382,18,11,5,CleanTech,Kolkata,1117278,1046318,No,Low,500000
1383,12,2,2,E-Commerce,Delhi,645202,1167305,Yes,High,5000000
1384,2,12,9,AgriTech,Bangalore,1114341,1207668,Yes,High,5000000
1385,20,6,5,EdTech,Hyderabad,1097307,1983804,Yes,High,5000000
1386,14,8,1,CleanTech,Delhi,1341564,410001,No,Low,500000
1387,19,7,10,AI,Delhi,1370531,2026847,Yes,High,5000000
1388,15,15,8,EdTech,Hyderabad,119966,330339,Yes,High,5000000
1389,9,13,1,FinTech,Delhi,1920018,595965,No,Low,500000
1390,6,14,6,CleanTech,Pune,1276624,2029385,Yes,High,5000000
1391,11,3,7,AI,Mumbai,924973,1843091,Yes,High,5000000
1392,17,1,9,EdTech,Hyderabad,1332758,582244,No,Low,500000
1393,9,4,5,AI,Hyderabad,1513343,2461639,Yes,High,5000000
1394,17,13,9,FinTech,Pune,940322,1652577,Yes,High,5000000
1395,3,8,8,E-Commerce,Chennai,1954684,1994624,Yes,High,5000000
1396,18,11,6,E-Commerce,Bangalore,1088117,1149767,Yes,High,5000000
1397,16,14,8,E-Commerce,Delhi,1002062,1000166,No,Low,500000
1398,2,8,9,HealthTech,Bangalore,255610,2467766,Yes,High,5000000
1399,11,13,1,AI,Bangalore,1616838,20376,No,Low,500000
1400,3,12,4,EdTech,Chennai,1393968,1014253,No,Low,500000
1401,3,12,9,CleanTech,Delhi,602162,757581,Yes,High,5000000
1402,7,2,7,AI,Mumbai,1478007,910226,No,Low,500000
1403,17,6,1,CleanTech,Bangalore,1233375,629064,No,Low,500000
1404,8,10,5,AgriTech,Mumbai,1367175,355073,No,Low,500000
1405,12,8,5,FinTech,Kolkata,908323,393530,No,Low,500000
1406,17,12,10,EdTech,Kolkata,1221207,1010506,No,Low,500000
1407,17,14,9,CleanTech,Kolkata,1536972,1964210,Yes,High,5000000
1408,3,13,10,FinTech,Delhi,125534,1302836,Yes,High,5000000
1409,13,1,9,AgriTech,Chennai,1289299,2336987,Yes,High,5000000
1410,15,13,2,HealthTech,Hyderabad,308418,392432,Yes,High,5000000
1411,16,2,5,E-Commerce,Bangalore,135496,2119234,Yes,High,5000000
1412,5,4,10,FinTech,Pune,397249,1607067,Yes,High,5000000
1413,2,11,1,CleanTech,Chennai,311670,603425,Yes,High,5000000
1414,8,8,1,CleanTech,Bangalore,309319,2295559,Yes,High,5000000
1415,20,5,4,AgriTech,Bangalore,528722,182005,No,Low,500000
1416,11,11,3,HealthTech,Delhi,1800487,1223343,No,Low,500000
1417,7,0,9,AgriTech,Bangalore,1377846,569510,No,Low,500000
1418,14,10,6,EdTech,Hyderabad,257112,792697,Yes,High,5000000
1419,5,5,8,AI,Pune,1975047,1812013,No,Low,500000
1420,11,1,6,AI,Kolkata,617003,531457,No,Low,500000
1421,6,3,7,AI,Kolkata,1986723,989494,No,Low,500000
1422,6,15,10,EdTech,Delhi,764838,1317561,Yes,High,5000000
1423,7,15,10,CleanTech,Mumbai,1458262,460988,No,Low,500000
1424,16,15,9,AI,Mumbai,1137572,1816789,Yes,High,5000000
1425,15,1,7,AI,Kolkata,1132442,2397331,Yes,High,5000000
1426,6,0,8,FinTech,Kolkata,1538536,68983,No,Low,500000
1427,14,8,7,EdTech,Hyderabad,1815175,1018012,No,Low,500000
1428,15,2,10,HealthTech,Pune,1152062,1047510,No,Low,500000
1429,15,0,1,CleanTech,Hyderabad,1815183,361042,No,Low,500000
1430,7,10,4,AgriTech,Pune,834396,1160120,Yes,High,5000000
1431,7,3,9,EdTech,Bangalore,1727390,1249981,No,Low,500000
1432,8,4,8,HealthTech,Mumbai,80286,2211059,Yes,High,5000000
1433,8,9,5,FinTech,Delhi,1062139,1315473,Yes,High,5000000
1434,10,15,8,HealthTech,Kolkata,411389,500318,Yes,High,5000000
1435,4,10,8,AI,Delhi,855836,46967,No,Low,500000
1436,7,1,2,HealthTech,Mumbai,621670,499282,No,Low,500000
1437,3,11,6,E-Commerce,Mumbai,1341029,439436,No,Low,500000
1438,9,15,7,E-Commerce,Chennai,1605617,1054967,No,Low,500000
1439,7,14,2,FinTech,Mumbai,1056554,526464,No,Low,500000
1440,18,10,1,FinTech,Hyderabad,1735933,314427,No,Low,500000
1441,9,9,8,FinTech,Hyderabad,750752,2211748,Yes,High,5000000
1442,8,12,5,HealthTech,Delhi,84053,1293819,Yes,High,5000000
1443,8,12,4,FinTech,Hyderabad,1679656,1510037,No,Low,500000
1444,4,11,9,HealthTech,Delhi,403646,808206,Yes,High,5000000
1445,6,6,8,AI,Mumbai,840456,2149996,Yes,High,5000000
1446,9,14,5,EdTech,Delhi,1718148,1720355,Yes,High,5000000
1447,4,8,6,E-Commerce,Kolkata,661167,259997,No,Low,500000
1448,17,9,9,HealthTech,Chennai,191419,1783231,Yes,High,5000000
1449,4,7,8,HealthTech,Bangalore,586985,287177,No,Low,500000
1450,10,2,2,HealthTech,Pune,1910458,1628803,No,Low,500000
1451,15,11,10,AI,Bangalore,508313,806753,Yes,High,5000000
1452,7,3,8,FinTech,Delhi,1100046,743229,No,Low,500000
1453,4,14,3,HealthTech,Chennai,1470372,229588,No,Low,500000
1454,13,12,5,E-Commerce,Hyderabad,916619,1936256,Yes,High,5000000
1455,20,9,6,E-Commerce,Kolkata,1076516,1002822,No,Low,500000
1456,4,3,1,HealthTech,Mumbai,795149,1228183,Yes,High,5000000
1457,20,14,9,HealthTech,Mumbai,1054593,373603,No,Low,500000
1458,4,2,10,AI,Delhi,593702,1287694,Yes,High,5000000
1459,9,4,6,AI,Kolkata,1314604,639289,No,Low,500000
1460,2,13,3,AI,Pune,1112771,1603741,Yes,High,5000000
1461,4,13,4,E-Commerce,Mumbai,1596655,1937860,Yes,High,5000000
1462,20,2,7,AgriTech,Bangalore,539094,276995,No,Low,500000
1463,17,6,7,E-Commerce,Bangalore,1852684,950301,No,Low,500000
1464,5,10,1,CleanTech,Hyderabad,204039,426459,Yes,High,5000000
1465,17,0,2,E-Commerce,Hyderabad,1471221,251605,No,Low,500000
1466,9,6,6,EdTech,Bangalore,402991,803566,Yes,High,5000000
1467,4,2,5,HealthTech,Kolkata,1391111,676253,No,Low,500000
1468,4,5,6,AgriTech,Bangalore,1455250,1133319,No,Low,500000
1469,16,6,10,CleanTech,Chennai,226222,319484,Yes,High,5000000
1470,17,8,4,EdTech,Kolkata,1533225,931885,No,Low,500000
1471,12,7,10,FinTech,Pune,370197,915716,Yes,High,5000000
1472,17,10,3,AI,Delhi,516150,1772180,Yes,High,5000000
1473,8,2,8,AgriTech,Delhi,958184,1569663,Yes,High,5000000
1474,16,14,6,CleanTech,Chennai,1984806,92463,No,Low,500000
1475,14,6,6,AI,Mumbai,1014238,474517,No,Low,500000
1476,17,13,6,AI,Mumbai,801194,1978328,Yes,High,5000000
1477,11,10,1,HealthTech,Chennai,305760,1285151,Yes,High,5000000
1478,13,2,8,E-Commerce,Kolkata,1257927,445192,No,Low,500000
1479,12,11,5,EdTech,Kolkata,1798191,684489,No,Low,500000
1480,4,10,3,CleanTech,Mumbai,749256,41569,No,Low,500000
1481,10,11,6,FinTech,Chennai,1085403,1904646,Yes,High,5000000
1482,9,2,6,AgriTech,Pune,339287,1240418,Yes,High,5000000
1483,10,4,10,FinTech,Bangalore,1981133,540443,No,Low,500000
1484,5,14,5,CleanTech,Hyderabad,608644,427665,No,Low,500000
1485,8,13,3,HealthTech,Pune,1426625,809702,No,Low,500000
1486,4,8,9,FinTech,Kolkata,1377821,874706,No,Low,500000
1487,18,11,6,E-Commerce,Hyderabad,773130,1734774,Yes,High,5000000
1488,11,8,9,E-Commerce,Pune,1016721,1369656,Yes,High,5000000
1489,20,6,7,AI,Chennai,1114317,204492,No,Low,500000
1490,15,8,7,CleanTech,Kolkata,122493,560415,Yes,High,5000000
1491,2,2,6,E-Commerce,Kolkata,1934077,71021,No,Low,500000
1492,17,7,8,EdTech,Delhi,1007675,501482,No,Low,500000
1493,7,10,4,FinTech,Hyderabad,595979,251475,No,Low,500000
1494,7,1,5,AI,Mumbai,1756499,1639187,No,Low,500000
1495,19,8,9,AI,Mumbai,1718135,107795,No,Low,500000
1496,9,7,9,FinTech,Pune,764329,258223,No,Low,500000
1497,12,2,8,AgriTech,Mumbai,1663975,1991538,Yes,High,5000000
1498,17,2,8,FinTech,Mumbai,918509,360952,No,Low,500000
1499,12,8,6,FinTech,Kolkata,1977995,1267448,No,Low,500000
1500,19,15,5,EdTech,Kolkata,197728,465333,Yes,High,5000000
1501,7,5,7,HealthTech,Pune,324821,2482108,Yes,High,5000000
1502,4,0,5,E-Commerce,Delhi,1767663,1407629,No,Low,500000
1503,13,0,8,CleanTech,Chennai,257985,187453,No,Low,500000
1504,11,1,2,FinTech,Chennai,836859,2117762,Yes,High,5000000
1505,3,10,1,AI,Mumbai,948680,524109,No,Low,500000
1506,6,14,5,EdTech,Delhi,889842,2091116,Yes,High,5000000
1507,4,12,7,FinTech,Chennai,449433,377641,No,Low,500000
1508,9,0,5,HealthTech,Kolkata,1609521,1030995,No,Low,500000
1509,13,12,3,AI,Hyderabad,180675,169630,No,Low,500000
1510,7,5,10,AgriTech,Chennai,882783,1055448,Yes,High,5000000
1511,6,7,4,AI,Pune,1651983,1433150,No,Low,500000
1512,7,2,9,AI,Hyderabad,1912858,37456,No,Low,500000
1513,7,3,9,FinTech,Chennai,1995140,2019309,Yes,High,5000000
1514,9,14,6,EdTech,Bangalore,1834933,1955451,Yes,High,5000000
1515,8,9,6,HealthTech,Mumbai,155727,1271578,Yes,High,5000000
1516,14,8,8,FinTech,Delhi,1893843,2486260,Yes,High,5000000
1517,10,6,5,FinTech,Delhi,1873767,1155780,No,Low,500000
1518,4,2,7,EdTech,Mumbai,1501179,1882979,Yes,High,5000000
1519,11,9,4,AI,Delhi,1162821,731223,No,Low,500000
1520,10,3,3,EdTech,Delhi,1054342,2207092,Yes,High,5000000
1521,11,1,5,HealthTech,Bangalore,1081806,514712,No,Low,500000
1522,6,7,6,E-Commerce,Kolkata,1345542,229581,No,Low,500000
1523,12,5,1,HealthTech,Kolkata,604459,2120475,Yes,High,5000000
1524,20,11,1,HealthTech,Delhi,1699973,999300,No,Low,500000
1525,4,15,8,E-Commerce,Hyderabad,1606127,1769095,Yes,High,5000000
1526,16,12,2,AgriTech,Kolkata,1760501,1703167,No,Low,500000
1527,10,1,5,FinTech,Mumbai,1975726,679535,No,Low,500000
1528,8,13,8,E-Commerce,Mumbai,1524175,1025701,No,Low,500000
1529,13,0,4,CleanTech,Pune,1092937,440908,No,Low,500000
1530,15,14,7,FinTech,Hyderabad,354488,1373935,Yes,High,5000000
1531,18,13,4,FinTech,Pune,1676332,1520161,No,Low,500000
1532,12,4,3,AgriTech,Mumbai,1579886,1834138,Yes,High,5000000
1533,19,13,7,CleanTech,Mumbai,322709,227140,No,Low,500000
1534,14,7,2,FinTech,Hyderabad,315679,1209183,Yes,High,5000000
1535,14,1,4,AgriTech,Mumbai,951603,50346,No,Low,500000
1536,8,14,1,AI,Bangalore,1941109,2408091,Yes,High,5000000
1537,12,9,1,EdTech,Hyderabad,77439,683140,Yes,High,5000000
1538,2,9,7,AI,Chennai,1938655,2070282,Yes,High,5000000
1539,8,14,10,E-Commerce,Delhi,160275,1323451,Yes,High,5000000
1540,2,2,2,HealthTech,Chennai,1523931,1266336,No,Low,500000
1541,2,12,8,EdTech,Bangalore,675613,2285306,Yes,High,5000000
1542,4,10,10,FinTech,Bangalore,1204071,1280778,Yes,High,5000000
1543,17,0,1,EdTech,Hyderabad,338868,1602529,Yes,High,5000000
1544,5,6,10,AI,Pune,82002,2170153,Yes,High,5000000
1545,15,9,6,EdTech,Bangalore,1361462,1496562,Yes,High,5000000
1546,11,10,8,E-Commerce,Kolkata,757603,1422683,Yes,High,5000000
1547,2,13,2,E-Commerce,Delhi,185367,872911,Yes,High,5000000
1548,2,4,6,HealthTech,Hyderabad,853962,1375886,Yes,High,5000000
1549,17,15,9,AgriTech,Delhi,956872,1849860,Yes,High,5000000
1550,8,4,7,EdTech,Bangalore,751749,2111506,Yes,High,5000000
1551,11,9,10,HealthTech,Pune,535358,1306088,Yes,High,5000000
1552,13,11,3,FinTech,Bangalore,1862864,525387,No,Low,500000
1553,13,11,4,E-Commerce,Pune,382241,2384397,Yes,High,5000000
1554,19,7,9,AI,Kolkata,1872265,445750,No,Low,500000
1555,13,12,5,CleanTech,Bangalore,1496356,2022465,Yes,High,5000000
1556,19,12,1,FinTech,Mumbai,420592,151130,No,Low,500000
1557,2,6,4,E-Commerce,Kolkata,989028,289882,No,Low,500000
1558,9,12,3,FinTech,Bangalore,88589,1976140,Yes,High,5000000
1559,15,3,4,FinTech,Kolkata,1635812,521228,No,Low,500000
1560,18,5,9,EdTech,Bangalore,1905686,2410487,Yes,High,5000000
1561,6,9,6,E-Commerce,Pune,956337,1931928,Yes,High,5000000
1562,16,6,5,CleanTech,Bangalore,1548305,1927955,Yes,High,5000000
1563,11,11,5,FinTech,Delhi,1386082,252697,No,Low,500000
1564,16,10,1,AI,Mumbai,1598276,2031770,Yes,High,5000000
1565,16,0,8,CleanTech,Kolkata,1222383,1493180,Yes,High,5000000
1566,8,3,1,HealthTech,Bangalore,1604916,1592392,No,Low,500000
1567,5,0,6,CleanTech,Kolkata,1092507,650094,No,Low,500000
1568,7,1,5,AI,Bangalore,1831620,721562,No,Low,500000
1569,19,0,7,E-Commerce,Hyderabad,376225,1992785,Yes,High,5000000
1570,13,1,10,E-Commerce,Bangalore,1422625,2465500,Yes,High,5000000
1571,19,7,10,AI,Mumbai,500131,367188,No,Low,500000
1572,3,14,6,EdTech,Mumbai,1298628,1826008,Yes,High,5000000
1573,16,12,1,FinTech,Bangalore,86900,2136739,Yes,High,5000000
1574,12,13,5,HealthTech,Kolkata,254158,1079104,Yes,High,5000000
1575,10,10,1,AI,Hyderabad,1453221,2394873,Yes,High,5000000
1576,19,2,7,EdTech,Kolkata,891210,546285,No,Low,500000
1577,16,2,8,HealthTech,Delhi,223916,2106306,Yes,High,5000000
1578,13,1,7,CleanTech,Kolkata,864727,75443,No,Low,500000
1579,7,15,4,CleanTech,Hyderabad,476351,1465507,Yes,High,5000000
1580,6,11,9,AgriTech,Hyderabad,1808314,1112661,No,Low,500000
1581,17,3,9,AI,Bangalore,1465248,261062,No,Low,500000
1582,19,8,8,E-Commerce,Hyderabad,1233828,42208,No,Low,500000
1583,10,14,9,EdTech,Chennai,355175,2119831,Yes,High,5000000
1584,6,4,7,AgriTech,Bangalore,930661,1254339,Yes,High,5000000
1585,2,1,7,E-Commerce,Delhi,718007,1564049,Yes,High,5000000
1586,19,3,3,AI,Pune,1300236,757129,No,Low,500000
1587,2,11,2,EdTech,Kolkata,810241,47722,No,Low,500000
1588,14,14,3,EdTech,Delhi,90233,870458,Yes,High,5000000
1589,19,10,8,CleanTech,Kolkata,1087067,535709,No,Low,500000
1590,17,13,7,HealthTech,Kolkata,1780144,2294712,Yes,High,5000000
1591,18,10,7,E-Commerce,Chennai,1525493,2264970,Yes,High,5000000
1592,16,8,6,FinTech,Pune,736820,1000914,Yes,High,5000000
1593,19,3,6,EdTech,Delhi,1573206,776467,No,Low,500000
1594,17,12,5,FinTech,Chennai,827692,1114142,Yes,High,5000000
1595,12,15,2,AI,Hyderabad,1667590,510271,No,Low,500000
1596,4,9,1,AgriTech,Mumbai,1102728,1354431,Yes,High,5000000
1597,13,15,9,CleanTech,Mumbai,1679631,1827483,Yes,High,5000000
1598,13,3,8,FinTech,Hyderabad,1157660,2402148,Yes,High,5000000
1599,19,15,2,E-Commerce,Kolkata,70844,1896649,Yes,High,5000000
1600,7,11,2,EdTech,Mumbai,1915862,1833072,No,Low,500000
1601,2,5,10,EdTech,Pune,1554712,210041,No,Low,500000
1602,4,4,9,AI,Mumbai,1510650,842664,No,Low,500000
1603,12,11,4,EdTech,Delhi,103989,476366,Yes,High,5000000
1604,10,3,3,CleanTech,Delhi,267672,815998,Yes,High,5000000
1605,12,13,2,HealthTech,Pune,553458,1719101,Yes,High,5000000
1606,4,5,3,AgriTech,Hyderabad,1972385,2290398,Yes,High,5000000
1607,5,11,2,E-Commerce,Hyderabad,1165147,438466,No,Low,500000
1608,11,5,7,CleanTech,Bangalore,1907289,994039,No,Low,500000
1609,17,8,7,FinTech,Mumbai,1995144,1846040,No,Low,500000
1610,5,3,5,HealthTech,Hyderabad,1971530,1156635,No,Low,500000
1611,6,10,9,CleanTech,Chennai,930033,650886,No,Low,500000
1612,2,11,5,AgriTech,Pune,56667,1784402,Yes,High,5000000
1613,15,0,5,FinTech,Mumbai,1337276,42412,No,Low,500000
1614,16,6,4,HealthTech,Pune,1957487,2237290,Yes,High,5000000
1615,16,13,8,EdTech,Mumbai,217514,167196,No,Low,500000
1616,11,9,2,FinTech,Bangalore,348295,1423165,Yes,High,5000000
1617,13,4,8,HealthTech,Delhi,1248436,1217615,No,Low,500000
1618,14,6,1,CleanTech,Kolkata,976120,1057995,Yes,High,5000000
1619,3,6,8,EdTech,Mumbai,1462443,348373,No,Low,500000
1620,14,8,3,FinTech,Bangalore,1892925,1932356,Yes,High,5000000
1621,9,5,3,HealthTech,Kolkata,1555535,402156,No,Low,500000
1622,20,9,7,E-Commerce,Bangalore,786011,341103,No,Low,500000
1623,2,1,9,HealthTech,Kolkata,593971,133775,No,Low,500000
1624,6,9,2,HealthTech,Mumbai,165591,1731274,Yes,High,5000000
1625,16,4,6,CleanTech,Pune,1767264,2365011,Yes,High,5000000
1626,8,3,10,FinTech,Chennai,1782058,1440420,No,Low,500000
1627,19,9,9,AgriTech,Bangalore,53404,182932,Yes,High,5000000
1628,19,12,4,AgriTech,Pune,777106,1564948,Yes,High,5000000
1629,5,6,7,EdTech,Mumbai,637809,1307477,Yes,High,5000000
1630,18,0,9,HealthTech,Chennai,602654,1757754,Yes,High,5000000
1631,2,15,1,EdTech,Bangalore,1530011,246738,No,Low,500000
1632,2,0,7,AgriTech,Kolkata,635588,1575714,Yes,High,5000000
1633,9,13,2,HealthTech,Chennai,1584802,1573229,No,Low,500000
1634,13,14,4,AgriTech,Hyderabad,1348483,431924,No,Low,500000
1635,6,9,2,EdTech,Mumbai,1420582,1651358,Yes,High,5000000
1636,19,6,3,EdTech,Mumbai,275196,952283,Yes,High,5000000
1637,6,11,7,EdTech,Mumbai,472287,2118982,Yes,High,5000000
1638,15,4,9,EdTech,Delhi,395157,1361494,Yes,High,5000000
1639,20,15,10,CleanTech,Mumbai,1865820,483723,No,Low,500000
1640,12,7,3,AI,Bangalore,387814,595163,Yes,High,5000000
1641,20,8,10,FinTech,Kolkata,1694684,1631221,No,Low,500000
1642,11,1,1,E-Commerce,Kolkata,774957,1929692,Yes,High,5000000
1643,10,5,6,E-Commerce,Delhi,430034,1766016,Yes,High,5000000
1644,20,4,2,E-Commerce,Delhi,258720,1555219,Yes,High,5000000
1645,15,15,1,AgriTech,Chennai,1336340,825184,No,Low,500000
1646,11,4,6,AI,Kolkata,1646902,398210,No,Low,500000
1647,14,7,6,FinTech,Chennai,1587594,1883727,Yes,High,5000000
1648,11,10,8,CleanTech,Bangalore,146248,1619841,Yes,High,5000000
1649,17,14,8,EdTech,Pune,1964438,736647,No,Low,500000
1650,14,3,4,E-Commerce,Pune,1911413,2153460,Yes,High,5000000
1651,4,15,10,EdTech,Bangalore,150030,524202,Yes,High,5000000
1652,16,0,5,HealthTech,Hyderabad,380824,246439,No,Low,500000
1653,17,6,4,CleanTech,Pune,1216575,1025186,No,Low,500000
1654,19,8,7,AI,Hyderabad,793968,939463,Yes,High,5000000
1655,15,7,8,AgriTech,Delhi,1284983,1362263,Yes,High,5000000
1656,14,2,4,HealthTech,Delhi,1990909,913925,No,Low,500000
1657,16,4,9,AgriTech,Mumbai,1759517,1973256,Yes,High,5000000
1658,19,12,3,EdTech,Pune,1897283,1298197,No,Low,500000
1659,5,3,8,CleanTech,Delhi,205880,1649387,Yes,High,5000000
1660,15,8,4,EdTech,Chennai,1869561,1615366,No,Low,500000
1661,6,3,8,AgriTech,Mumbai,538919,343880,No,Low,500000
1662,3,5,5,EdTech,Delhi,1116893,1555096,Yes,High,5000000
1663,11,1,8,CleanTech,Bangalore,479425,758721,Yes,High,5000000
1664,16,6,3,CleanTech,Hyderabad,657989,138337,No,Low,500000
1665,12,1,4,E-Commerce,Delhi,1689672,243751,No,Low,500000
1666,15,15,6,E-Commerce,Mumbai,785912,53446,No,Low,500000
1667,11,2,6,HealthTech,Chennai,714974,1275808,Yes,High,5000000
1668,8,8,10,HealthTech,Bangalore,572535,1088303,Yes,High,5000000
1669,2,2,2,AgriTech,Hyderabad,392069,1308058,Yes,High,5000000
1670,10,2,1,HealthTech,Hyderabad,1947624,2113885,Yes,High,5000000
1671,19,0,1,E-Commerce,Hyderabad,282997,608314,Yes,High,5000000
1672,14,15,4,EdTech,Chennai,1010826,1655417,Yes,High,5000000
1673,6,4,3,CleanTech,Kolkata,427525,1926846,Yes,High,5000000
1674,3,1,4,HealthTech,Pune,402173,390184,No,Low,500000
1675,20,0,9,AI,Hyderabad,115663,2497975,Yes,High,5000000
1676,2,12,1,AI,Bangalore,1141398,374102,No,Low,500000
1677,7,6,4,AI,Chennai,649793,1655676,Yes,High,5000000
1678,13,9,5,AgriTech,Mumbai,1216927,42891,No,Low,500000
1679,3,14,7,AI,Mumbai,1270385,1269420,No,Low,500000
1680,6,7,9,E-Commerce,Hyderabad,740530,415996,No,Low,500000
1681,12,13,4,AI,Hyderabad,1471491,2317104,Yes,High,5000000
1682,5,8,1,HealthTech,Bangalore,1400753,247500,No,Low,500000
1683,17,10,6,CleanTech,Bangalore,1486698,2257953,Yes,High,5000000
1684,5,5,8,E-Commerce,Hyderabad,1869802,1186833,No,Low,500000
1685,11,3,1,AgriTech,Bangalore,1477275,395287,No,Low,500000
1686,3,0,1,E-Commerce,Delhi,1261352,335709,No,Low,500000
1687,13,5,4,E-Commerce,Mumbai,1938271,1445802,No,Low,500000
1688,9,2,1,E-Commerce,Mumbai,1295085,1420979,Yes,High,5000000
1689,9,15,5,CleanTech,Hyderabad,1398400,282396,No,Low,500000
1690,14,3,2,AI,Delhi,673176,1053520,Yes,High,5000000
1691,15,14,4,FinTech,Hyderabad,1614162,980483,No,Low,500000
1692,13,5,6,FinTech,Kolkata,1519330,1269902,No,Low,500000
1693,12,4,3,EdTech,Chennai,679794,1425860,Yes,High,5000000
1694,17,11,3,AI,Chennai,1384893,66458,No,Low,500000
1695,2,15,2,FinTech,Delhi,559387,924214,Yes,High,5000000
1696,18,9,9,HealthTech,Pune,1683806,1929672,Yes,High,5000000
1697,3,7,8,HealthTech,Delhi,978453,573167,No,Low,500000
1698,19,5,7,CleanTech,Hyderabad,1820033,1931089,Yes,High,5000000
1699,12,2,6,AI,Pune,1280357,1416977,Yes,High,5000000
1700,5,6,3,E-Commerce,Pune,691331,2459931,Yes,High,5000000
1701,20,7,9,CleanTech,Hyderabad,1923007,647300,No,Low,500000
1702,9,2,7,EdTech,Pune,1258517,2232374,Yes,High,5000000
1703,5,15,6,CleanTech,Chennai,255573,161160,No,Low,500000
1704,13,5,9,EdTech,Pune,1298720,1338547,Yes,High,5000000
1705,4,6,2,AgriTech,Chennai,488683,2197002,Yes,High,5000000
1706,16,2,10,EdTech,Mumbai,1947005,2288258,Yes,High,5000000
1707,13,6,7,AI,Chennai,1404333,2141667,Yes,High,5000000
1708,20,10,6,E-Commerce,Pune,1239723,1631107,Yes,High,5000000
1709,7,1,6,FinTech,Hyderabad,696284,94826,No,Low,500000
1710,16,14,3,HealthTech,Bangalore,114358,1196511,Yes,High,5000000
1711,10,2,2,FinTech,Bangalore,762586,531204,No,Low,500000
1712,11,14,6,AI,Bangalore,560264,1532379,Yes,High,5000000
1713,2,14,1,EdTech,Chennai,1838397,1777061,No,Low,500000
1714,10,2,5,HealthTech,Pune,346010,1772349,Yes,High,5000000
1715,15,1,6,HealthTech,Chennai,1691699,1394940,No,Low,500000
1716,9,13,10,AgriTech,Delhi,1954624,113075,No,Low,500000
1717,10,2,1,CleanTech,Bangalore,1585059,1334597,No,Low,500000
1718,2,9,5,CleanTech,Hyderabad,1817213,44673,No,Low,500000
1719,20,11,9,EdTech,Bangalore,1484874,980873,No,Low,500000
1720,6,5,9,HealthTech,Chennai,689554,1047988,Yes,High,5000000
1721,18,1,9,EdTech,Delhi,1897389,1192512,No,Low,500000
1722,19,5,1,E-Commerce,Bangalore,1028353,253862,No,Low,500000
1723,6,1,1,AI,Bangalore,128046,2308735,Yes,High,5000000
1724,7,10,2,FinTech,Delhi,1539200,555554,No,Low,500000
1725,16,9,7,FinTech,Kolkata,1378787,1095597,No,Low,500000
1726,16,6,4,CleanTech,Hyderabad,1389661,1854173,Yes,High,5000000
1727,9,0,10,FinTech,Pune,645360,801982,Yes,High,5000000
1728,17,4,4,HealthTech,Hyderabad,1776815,796010,No,Low,500000
1729,15,2,10,AI,Mumbai,1079241,1662398,Yes,High,5000000
1730,3,3,5,FinTech,Hyderabad,642926,190245,No,Low,500000
1731,7,9,10,EdTech,Kolkata,1466123,1446028,No,Low,500000
1732,4,8,5,HealthTech,Hyderabad,178006,228366,Yes,High,5000000
1733,13,14,8,EdTech,Chennai,831216,974933,Yes,High,5000000
1734,12,2,4,AI,Mumbai,1722728,670280,No,Low,500000
1735,15,5,8,CleanTech,Hyderabad,1349624,370715,No,Low,500000
1736,20,8,9,HealthTech,Kolkata,345797,955822,Yes,High,5000000
1737,12,7,1,AI,Chennai,1706121,263557,No,Low,500000
1738,4,5,7,EdTech,Hyderabad,847139,1941348,Yes,High,5000000
1739,2,3,6,AgriTech,Kolkata,1699910,375315,No,Low,500000
1740,9,12,7,FinTech,Pune,466617,55779,No,Low,500000
1741,14,4,3,AgriTech,Mumbai,1179809,394813,No,Low,500000
1742,20,4,5,FinTech,Pune,591045,193004,No,Low,500000
1743,17,0,8,FinTech,Chennai,682265,1075890,Yes,High,5000000
1744,9,8,7,AI,Chennai,1066624,365963,No,Low,500000
1745,11,12,6,AgriTech,Bangalore,463037,1859815,Yes,High,5000000
1746,19,1,8,EdTech,Pune,1661966,1141454,No,Low,500000
1747,6,7,1,EdTech,Kolkata,1052893,1562023,Yes,High,5000000
1748,2,0,1,HealthTech,Hyderabad,1000207,53585,No,Low,500000
1749,9,3,3,HealthTech,Hyderabad,958969,153646,No,Low,500000
1750,17,1,1,HealthTech,Mumbai,1312975,2149698,Yes,High,5000000
1751,19,8,4,FinTech,Hyderabad,1004115,1851409,Yes,High,5000000
1752,13,7,2,FinTech,Kolkata,134317,24256,No,Low,500000
1753,16,9,1,HealthTech,Kolkata,1049201,818283,No,Low,500000
1754,16,10,7,AgriTech,Delhi,1865239,1911262,Yes,High,5000000
1755,12,12,8,AI,Mumbai,727050,1438680,Yes,High,5000000
1756,10,11,9,E-Commerce,Delhi,206025,765194,Yes,High,5000000
1757,15,7,10,E-Commerce,Hyderabad,1353717,2161574,Yes,High,5000000
1758,4,11,4,FinTech,Pune,1940171,1117202,No,Low,500000
1759,3,3,5,CleanTech,Bangalore,959595,1547634,Yes,High,5000000
1760,10,5,9,FinTech,Mumbai,1908359,1414003,No,Low,500000
1761,4,4,10,EdTech,Pune,611947,1988842,Yes,High,5000000
1762,16,3,7,HealthTech,Chennai,744676,981816,Yes,High,5000000
1763,12,3,8,EdTech,Chennai,1049158,1550560,Yes,High,5000000
1764,10,1,7,AI,Bangalore,1726635,2448976,Yes,High,5000000
1765,9,7,9,E-Commerce,Mumbai,1029932,840947,No,Low,500000
1766,20,7,5,AI,Delhi,1284787,913808,No,Low,500000
1767,17,6,7,AgriTech,Chennai,1680738,122791,No,Low,500000
1768,5,8,10,EdTech,Delhi,75591,1655419,Yes,High,5000000
1769,17,2,7,HealthTech,Kolkata,1468720,2283882,Yes,High,5000000
1770,20,9,7,CleanTech,Pune,665969,2408561,Yes,High,5000000
1771,5,1,8,EdTech,Hyderabad,1335176,1640686,Yes,High,5000000
1772,2,13,5,HealthTech,Pune,777821,1695596,Yes,High,5000000
1773,13,14,10,CleanTech,Chennai,1534515,1437387,No,Low,500000
1774,12,3,3,AI,Bangalore,89739,2316915,Yes,High,5000000
1775,9,2,2,AgriTech,Hyderabad,1672411,1838132,Yes,High,5000000
1776,16,1,1,AI,Pune,1857941,438708,No,Low,500000
1777,13,15,10,EdTech,Chennai,431495,2289140,Yes,High,5000000
1778,15,13,5,AI,Kolkata,1006533,791603,No,Low,500000
1779,15,8,8,AgriTech,Delhi,1294071,498468,No,Low,500000
1780,14,0,4,CleanTech,Chennai,1418906,457286,No,Low,500000
1781,2,10,5,AI,Pune,1770391,370286,No,Low,500000
1782,13,6,7,EdTech,Bangalore,470439,955778,Yes,High,5000000
1783,4,0,6,AI,Pune,1930351,1658766,No,Low,500000
1784,15,9,10,HealthTech,Mumbai,427834,418117,No,Low,500000
1785,19,12,8,HealthTech,Pune,938708,1061926,Yes,High,5000000
1786,2,8,9,FinTech,Chennai,675397,461930,No,Low,500000
1787,9,5,10,E-Commerce,Hyderabad,1970880,1509036,No,Low,500000
1788,17,0,10,EdTech,Mumbai,1155140,2445765,Yes,High,5000000
1789,11,3,9,E-Commerce,Kolkata,907181,1999697,Yes,High,5000000
1790,18,12,2,FinTech,Delhi,1029830,1107929,Yes,High,5000000
1791,16,14,7,FinTech,Bangalore,135900,916978,Yes,High,5000000
1792,6,14,2,AgriTech,Delhi,176788,1909647,Yes,High,5000000
1793,12,5,1,AgriTech,Chennai,691481,1634351,Yes,High,5000000
1794,18,14,5,E-Commerce,Hyderabad,1764693,2387941,Yes,High,5000000
1795,5,8,10,FinTech,Delhi,1468898,940279,No,Low,500000
1796,14,1,8,HealthTech,Mumbai,1343968,1891535,Yes,High,5000000
1797,8,12,8,EdTech,Mumbai,1096799,1377931,Yes,High,5000000
1798,17,13,1,CleanTech,Delhi,68015,302492,Yes,High,5000000
1799,15,3,8,AgriTech,Pune,1490716,693923,No,Low,500000
1800,14,11,9,AI,Bangalore,1970747,1849512,No,Low,500000
1801,5,2,9,CleanTech,Mumbai,215797,104864,No,Low,500000
1802,4,7,10,AgriTech,Kolkata,1583063,1562909,No,Low,500000
1803,14,11,2,CleanTech,Bangalore,747160,751272,Yes,High,5000000
1804,10,5,1,E-Commerce,Pune,411126,1140169,Yes,High,5000000
1805,13,13,1,AI,Bangalore,1408426,719033,No,Low,500000
1806,8,13,8,AgriTech,Pune,968253,800588,No,Low,500000
1807,14,14,5,AI,Pune,1297459,894361,No,Low,500000
1808,4,8,9,E-Commerce,Mumbai,272454,2475834,Yes,High,5000000
1809,6,3,8,E-Commerce,Kolkata,1476852,57852,No,Low,500000
1810,15,1,7,E-Commerce,Bangalore,1126662,132202,No,Low,500000
1811,19,9,5,AI,Delhi,1280118,1627380,Yes,High,5000000
1812,17,13,8,HealthTech,Kolkata,350528,2381052,Yes,High,5000000
1813,9,5,5,AgriTech,Hyderabad,127669,1885871,Yes,High,5000000
1814,11,11,7,HealthTech,Chennai,1838136,248664,No,Low,500000
1815,17,0,7,CleanTech,Kolkata,966931,1116629,Yes,High,5000000
1816,11,2,2,CleanTech,Hyderabad,745468,2077462,Yes,High,5000000
1817,2,0,4,EdTech,Delhi,1857774,1926344,Yes,High,5000000
1818,17,1,10,CleanTech,Chennai,1993656,772063,No,Low,500000
1819,11,2,8,E-Commerce,Mumbai,407523,1251212,Yes,High,5000000
1820,14,15,1,FinTech,Pune,1416168,1423552,Yes,High,5000000
1821,12,3,9,E-Commerce,Bangalore,1888225,1453635,No,Low,500000
1822,15,11,6,E-Commerce,Mumbai,142272,556015,Yes,High,5000000
1823,6,5,3,HealthTech,Pune,240337,1547428,Yes,High,5000000
1824,8,0,9,E-Commerce,Hyderabad,593668,409449,No,Low,500000
1825,10,5,3,FinTech,Mumbai,1823814,724353,No,Low,500000
1826,14,4,2,EdTech,Delhi,434024,885503,Yes,High,5000000
1827,7,6,10,AI,Chennai,1183930,1633088,Yes,High,5000000
1828,19,15,3,HealthTech,Hyderabad,1260399,372355,No,Low,500000
1829,9,2,2,HealthTech,Chennai,1975962,2293107,Yes,High,5000000
1830,19,0,1,EdTech,Kolkata,753999,2469551,Yes,High,5000000
1831,16,2,4,E-Commerce,Pune,1144558,2463648,Yes,High,5000000
1832,2,12,10,HealthTech,Delhi,873187,1199242,Yes,High,5000000
1833,9,15,10,AgriTech,Pune,1888688,1812198,No,Low,500000
1834,20,9,9,EdTech,Hyderabad,697831,799512,Yes,High,5000000
1835,7,5,4,CleanTech,Bangalore,918095,2078589,Yes,High,5000000
1836,6,10,10,CleanTech,Mumbai,1519147,310192,No,Low,500000
1837,3,7,2,CleanTech,Kolkata,150891,1559979,Yes,High,5000000
1838,17,12,10,FinTech,Delhi,907591,1773791,Yes,High,5000000
1839,7,5,2,HealthTech,Bangalore,1169679,2444895,Yes,High,5000000
1840,18,9,8,CleanTech,Chennai,1109715,1552335,Yes,High,5000000
1841,12,14,1,HealthTech,Chennai,409965,1200872,Yes,High,5000000
1842,19,5,3,FinTech,Delhi,1153788,671546,No,Low,500000
1843,13,11,8,EdTech,Mumbai,997610,1613614,Yes,High,5000000
1844,15,6,2,E-Commerce,Mumbai,1501375,335704,No,Low,500000
1845,17,7,6,EdTech,Delhi,394721,1115697,Yes,High,5000000
1846,7,3,5,CleanTech,Delhi,471476,175957,No,Low,500000
1847,12,11,2,FinTech,Pune,1873511,638456,No,Low,500000
1848,8,14,7,AI,Kolkata,158859,500341,Yes,High,5000000
1849,2,0,9,EdTech,Mumbai,261426,1734930,Yes,High,5000000
1850,8,1,2,HealthTech,Bangalore,1074775,665588,No,Low,500000
1851,4,15,9,EdTech,Mumbai,1090260,1489969,Yes,High,5000000
1852,2,9,9,CleanTech,Mumbai,1284917,178087,No,Low,500000
1853,8,6,10,E-Commerce,Hyderabad,1223982,923767,No,Low,500000
1854,15,12,6,EdTech,Mumbai,692362,1683927,Yes,High,5000000
1855,9,8,6,AI,Mumbai,239435,293926,Yes,High,5000000
1856,5,8,5,CleanTech,Delhi,1280678,2499992,Yes,High,5000000
1857,8,9,8,CleanTech,Chennai,1816867,1017818,No,Low,500000
1858,16,2,10,FinTech,Chennai,240030,2463763,Yes,High,5000000
1859,20,6,5,HealthTech,Mumbai,1140875,1689893,Yes,High,5000000
1860,12,0,8,CleanTech,Pune,608831,1145216,Yes,High,5000000
1861,3,7,2,AgriTech,Mumbai,1840270,113662,No,Low,500000
1862,20,12,9,AgriTech,Chennai,116358,1532978,Yes,High,5000000
1863,19,6,8,HealthTech,Delhi,879138,1784727,Yes,High,5000000
1864,16,13,3,CleanTech,Chennai,610045,1885564,Yes,High,5000000
1865,10,14,9,EdTech,Pune,1783421,650361,No,Low,500000
1866,19,14,9,EdTech,Chennai,426148,2421870,Yes,High,5000000
1867,16,4,6,EdTech,Delhi,937504,1553658,Yes,High,5000000
1868,8,6,2,FinTech,Hyderabad,715861,2156066,Yes,High,5000000
1869,20,15,3,AgriTech,Pune,215951,1919975,Yes,High,5000000
1870,20,2,1,AI,Chennai,490078,915626,Yes,High,5000000
1871,6,6,7,FinTech,Delhi,883239,1198309,Yes,High,5000000
1872,8,7,8,FinTech,Kolkata,1674948,787235,No,Low,500000
1873,4,7,7,AI,Kolkata,1113602,1694223,Yes,High,5000000
1874,3,7,1,E-Commerce,Pune,300267,655884,Yes,High,5000000
1875,20,9,6,EdTech,Pune,511791,216434,No,Low,500000
1876,19,0,1,E-Commerce,Kolkata,809500,1251463,Yes,High,5000000
1877,8,3,9,AI,Hyderabad,360999,704803,Yes,High,5000000
1878,9,5,7,HealthTech,Hyderabad,1911343,270518,No,Low,500000
1879,19,13,10,AI,Pune,303879,746383,Yes,High,5000000
1880,2,1,9,FinTech,Kolkata,1062565,1868383,Yes,High,5000000
1881,16,12,8,HealthTech,Kolkata,1396303,947794,No,Low,500000
1882,11,13,2,AgriTech,Kolkata,1802179,1928588,Yes,High,5000000
1883,9,14,2,HealthTech,Delhi,1780573,1280581,No,Low,500000
1884,18,11,1,CleanTech,Pune,660131,378432,No,Low,500000
1885,11,4,7,EdTech,Kolkata,1813421,570890,No,Low,500000
1886,11,12,8,CleanTech,Delhi,860260,74323,No,Low,500000
1887,3,9,2,AI,Delhi,1347906,1150999,No,Low,500000
1888,3,2,7,AgriTech,Chennai,1599393,924537,No,Low,500000
1889,8,11,6,AgriTech,Bangalore,1264792,1893750,Yes,High,5000000
1890,8,8,7,E-Commerce,Pune,1336877,1505310,Yes,High,5000000
1891,16,15,7,AI,Kolkata,1104702,1652261,Yes,High,5000000
1892,20,3,2,FinTech,Chennai,635523,1556939,Yes,High,5000000
1893,20,15,9,CleanTech,Pune,996509,736838,No,Low,500000
1894,18,10,9,EdTech,Mumbai,676413,137421,No,Low,500000
1895,5,14,5,HealthTech,Bangalore,1777317,1715352,No,Low,500000
1896,20,1,2,E-Commerce,Kolkata,525294,1194546,Yes,High,5000000
1897,12,2,3,FinTech,Kolkata,1097411,786029,No,Low,500000
1898,19,3,3,HealthTech,Kolkata,124634,1087439,Yes,High,5000000
1899,17,14,9,CleanTech,Chennai,812728,1061017,Yes,High,5000000
1900,2,0,2,AI,Kolkata,1490932,932071,No,Low,500000
1901,15,5,5,EdTech,Hyderabad,1231571,1584363,Yes,High,5000000
1902,19,15,10,FinTech,Kolkata,1285754,558543,No,Low,500000
1903,13,6,2,E-Commerce,Kolkata,618671,1395293,Yes,High,5000000
1904,4,10,4,AI,Kolkata,1314062,1816379,Yes,High,5000000
1905,4,12,5,CleanTech,Delhi,1753972,1135475,No,Low,500000
1906,13,2,2,FinTech,Kolkata,580656,458644,No,Low,500000
1907,2,12,9,HealthTech,Bangalore,1156976,1496433,Yes,High,5000000
1908,14,9,7,E-Commerce,Hyderabad,307579,2065903,Yes,High,5000000
1909,7,3,5,CleanTech,Mumbai,1875058,820375,No,Low,500000
1910,15,0,10,EdTech,Bangalore,227115,1101571,Yes,High,5000000
1911,10,5,1,E-Commerce,Pune,519201,681664,Yes,High,5000000
1912,8,3,2,CleanTech,Bangalore,233543,1022379,Yes,High,5000000
1913,15,13,3,FinTech,Chennai,299142,1784372,Yes,High,5000000
1914,8,13,8,EdTech,Delhi,659476,1812504,Yes,High,5000000
1915,14,13,4,AgriTech,Hyderabad,1182489,2261646,Yes,High,5000000
1916,15,12,4,HealthTech,Bangalore,763319,1018934,Yes,High,5000000
1917,12,14,1,AgriTech,Hyderabad,172554,811953,Yes,High,5000000
1918,19,13,8,AgriTech,Chennai,671875,1625579,Yes,High,5000000
1919,19,11,10,FinTech,Chennai,784895,1006206,Yes,High,5000000
1920,19,11,9,E-Commerce,Kolkata,177551,1238113,Yes,High,5000000
1921,2,0,1,AI,Kolkata,1322463,736884,No,Low,500000
1922,19,8,2,CleanTech,Kolkata,798092,2164399,Yes,High,5000000
1923,3,11,4,E-Commerce,Delhi,971400,1068435,Yes,High,5000000
1924,10,2,3,HealthTech,Kolkata,295822,92146,No,Low,500000
1925,4,2,5,AgriTech,Bangalore,972877,1110269,Yes,High,5000000
1926,4,9,9,HealthTech,Bangalore,1716234,1854965,Yes,High,5000000
1927,7,0,5,EdTech,Hyderabad,694121,1713250,Yes,High,5000000
1928,13,15,7,E-Commerce,Bangalore,498208,2368157,Yes,High,5000000
1929,4,9,6,AI,Pune,1040771,1144416,Yes,High,5000000
1930,15,12,7,AI,Delhi,623729,1817329,Yes,High,5000000
1931,5,13,9,EdTech,Delhi,1520543,1277149,No,Low,500000
1932,12,5,8,AgriTech,Delhi,1834770,1384809,No,Low,500000
1933,16,7,2,FinTech,Mumbai,1237941,1905283,Yes,High,5000000
1934,6,5,1,EdTech,Hyderabad,1524636,2486073,Yes,High,5000000
1935,19,10,9,AgriTech,Chennai,179641,1731835,Yes,High,5000000
1936,6,12,10,FinTech,Hyderabad,904299,2357790,Yes,High,5000000
1937,4,4,6,HealthTech,Hyderabad,1687359,361189,No,Low,500000
1938,11,10,3,HealthTech,Mumbai,1149753,1415566,Yes,High,5000000
1939,10,9,8,FinTech,Hyderabad,1042591,748658,No,Low,500000
1940,3,13,5,E-Commerce,Pune,1765689,541372,No,Low,500000
1941,17,13,9,EdTech,Hyderabad,1080149,2223560,Yes,High,5000000
1942,15,9,9,CleanTech,Hyderabad,1168566,1765951,Yes,High,5000000
1943,11,3,6,E-Commerce,Delhi,1826856,2201778,Yes,High,5000000
1944,4,15,5,AgriTech,Hyderabad,621712,293531,No,Low,500000
1945,8,13,6,E-Commerce,Mumbai,1820070,2394390,Yes,High,5000000
1946,20,5,6,FinTech,Bangalore,1035619,519443,No,Low,500000
1947,14,5,3,FinTech,Bangalore,67030,1494303,Yes,High,5000000
1948,14,4,6,HealthTech,Kolkata,1440794,1643944,Yes,High,5000000
1949,7,14,7,FinTech,Mumbai,1333918,2239636,Yes,High,5000000
1950,20,8,5,HealthTech,Bangalore,789287,1336794,Yes,High,5000000
1951,9,14,7,FinTech,Hyderabad,805283,2302140,Yes,High,5000000
1952,17,2,2,HealthTech,Chennai,1979425,652945,No,Low,500000
1953,15,4,9,EdTech,Kolkata,1067537,588991,No,Low,500000
1954,3,1,9,EdTech,Delhi,715337,2358901,Yes,High,5000000
1955,11,0,3,FinTech,Kolkata,443195,732997,Yes,High,5000000
1956,10,2,9,CleanTech,Mumbai,1959501,1884100,No,Low,500000
1957,13,5,10,EdTech,Kolkata,1917280,1736723,No,Low,500000
1958,14,14,5,HealthTech,Delhi,1751021,2393956,Yes,High,5000000
1959,11,6,2,E-Commerce,Mumbai,1332691,836426,No,Low,500000
1960,12,8,10,HealthTech,Mumbai,1815572,2256070,Yes,High,5000000
1961,7,0,1,CleanTech,Mumbai,187331,766180,Yes,High,5000000
1962,2,5,10,FinTech,Hyderabad,701777,1219704,Yes,High,5000000
1963,6,2,4,AgriTech,Mumbai,347702,1238589,Yes,High,5000000
1964,19,15,8,EdTech,Kolkata,888729,1434699,Yes,High,5000000
1965,12,15,6,FinTech,Delhi,1436219,1399597,No,Low,500000
1966,7,7,2,FinTech,Pune,1994115,1215360,No,Low,500000
1967,11,11,5,E-Commerce,Kolkata,1105067,2179608,Yes,High,5000000
1968,4,9,9,HealthTech,Kolkata,230953,569410,Yes,High,5000000
1969,13,4,4,EdTech,Chennai,105799,183161,Yes,High,5000000
1970,16,5,5,EdTech,Pune,1363792,991269,No,Low,500000
1971,11,10,1,CleanTech,Bangalore,508580,1278539,Yes,High,5000000
1972,6,0,10,EdTech,Kolkata,672987,2264232,Yes,High,5000000
1973,19,9,4,FinTech,Pune,459613,1566384,Yes,High,5000000
1974,7,11,7,AI,Delhi,1565191,1061318,No,Low,500000
1975,20,1,8,E-Commerce,Chennai,702695,278190,No,Low,500000
1976,10,0,3,HealthTech,Bangalore,460205,1753694,Yes,High,5000000
1977,8,12,10,FinTech,Kolkata,1784474,718374,No,Low,500000
1978,8,0,5,HealthTech,Mumbai,1035077,1092400,Yes,High,5000000
1979,13,4,9,CleanTech,Pune,1270351,620742,No,Low,500000
1980,20,9,10,EdTech,Mumbai,753202,422507,No,Low,500000
1981,9,0,4,AgriTech,Bangalore,921244,1266973,Yes,High,5000000
1982,12,8,9,FinTech,Pune,756215,1279902,Yes,High,5000000
1983,5,4,1,EdTech,Kolkata,378694,883720,Yes,High,5000000
1984,3,4,2,E-Commerce,Chennai,658134,2042965,Yes,High,5000000
1985,13,2,4,AgriTech,Hyderabad,884249,1764827,Yes,High,5000000
1986,15,0,4,AgriTech,Kolkata,1667852,752355,No,Low,500000
1987,2,6,6,EdTech,Hyderabad,477337,486327,Yes,High,5000000
1988,5,1,10,HealthTech,Mumbai,553188,2117925,Yes,High,5000000
1989,7,2,5,CleanTech,Kolkata,1511563,2140457,Yes,High,5000000
1990,19,11,3,EdTech,Mumbai,1175362,1506501,Yes,High,5000000
1991,4,2,6,HealthTech,Mumbai,1250625,420251,No,Low,500000
1992,5,13,5,AgriTech,Chennai,753705,1040539,Yes,High,5000000
1993,3,5,8,E-Commerce,Delhi,1131632,217558,No,Low,500000
1994,11,2,4,AI,Hyderabad,1354165,1753408,Yes,High,5000000
1995,16,10,2,CleanTech,Chennai,954109,633032,No,Low,500000
1996,18,1,10,HealthTech,Chennai,1689011,1436340,No,Low,500000
1997,15,0,2,EdTech,Kolkata,1013422,626619,No,Low,500000
1998,8,4,6,AgriTech,Chennai,1052970,1434484,Yes,High,5000000
1999,8,4,9,CleanTech,Kolkata,191027,1131812,Yes,High,5000000
2000,13,4,3,AI,Mumbai,627656,1147520,Yes,High,5000000
2001,11,12,3,FinTech,Mumbai,690188,1639512,Yes,High,5000000
2002,15,1,5,AI,Pune,1929284,1580089,No,Low,500000
2003,12,10,5,EdTech,Pune,1289848,2311513,Yes,High,5000000
2004,14,13,2,AI,Delhi,1281871,631549,No,Low,500000
2005,2,7,9,AI,Chennai,1051916,807770,No,Low,500000
2006,6,12,5,HealthTech,Chennai,1378767,2327213,Yes,High,5000000
2007,10,7,7,E-Commerce,Mumbai,162870,2113429,Yes,High,5000000
2008,4,14,6,HealthTech,Delhi,1153528,1788404,Yes,High,5000000
2009,8,9,5,EdTech,Chennai,1130278,137715,No,Low,500000
2010,19,12,1,CleanTech,Bangalore,503434,1211623,Yes,High,5000000
2011,2,9,5,AgriTech,Hyderabad,575873,153255,No,Low,500000
2012,19,8,9,HealthTech,Delhi,157082,2358109,Yes,High,5000000
2013,9,2,9,EdTech,Delhi,572781,375796,No,Low,500000
2014,18,14,3,AI,Hyderabad,1772801,463498,No,Low,500000
2015,18,2,6,AgriTech,Chennai,1927482,2102810,Yes,High,5000000
2016,20,12,3,FinTech,Mumbai,283608,1143686,Yes,High,5000000
2017,20,1,8,AgriTech,Bangalore,1972509,1747059,No,Low,500000
2018,4,3,7,EdTech,Mumbai,124753,937736,Yes,High,5000000
2019,4,6,10,CleanTech,Delhi,575470,654778,Yes,High,5000000
2020,15,6,8,HealthTech,Pune,1460610,630878,No,Low,500000
2021,9,2,10,CleanTech,Bangalore,1071169,1398996,Yes,High,5000000
2022,9,12,6,HealthTech,Bangalore,1223849,2047812,Yes,High,5000000
2023,14,8,5,E-Commerce,Pune,1371717,1260926,No,Low,500000
2024,8,14,1,FinTech,Hyderabad,486670,983745,Yes,High,5000000
2025,7,8,8,E-Commerce,Bangalore,700489,520360,No,Low,500000
2026,7,0,9,HealthTech,Pune,1686593,1320638,No,Low,500000
2027,11,15,5,AI,Pune,415801,783422,Yes,High,5000000
2028,10,15,6,FinTech,Mumbai,226708,1443616,Yes,High,5000000
2029,11,6,2,E-Commerce,Kolkata,1106538,1183073,Yes,High,5000000
2030,16,13,1,AgriTech,Chennai,1545498,1810243,Yes,High,5000000
2031,18,8,4,AI,Pune,374830,2372368,Yes,High,5000000
2032,10,4,1,CleanTech,Kolkata,1118216,46617,No,Low,500000
2033,14,9,10,HealthTech,Bangalore,782547,597303,No,Low,500000
2034,19,13,9,AI,Pune,1225808,893451,No,Low,500000
2035,5,12,3,AI,Bangalore,698076,2388556,Yes,High,5000000
2036,6,5,4,FinTech,Mumbai,1807097,2012592,Yes,High,5000000
2037,5,9,6,CleanTech,Mumbai,1823667,1683379,No,Low,500000
2038,2,8,7,AI,Hyderabad,1354458,1232592,No,Low,500000
2039,4,1,1,EdTech,Mumbai,132567,503168,Yes,High,5000000
2040,6,10,6,AI,Bangalore,992447,2266709,Yes,High,5000000
2041,20,8,4,E-Commerce,Bangalore,1208392,713319,No,Low,500000
2042,14,13,1,HealthTech,Delhi,1657157,999585,No,Low,500000
2043,10,5,2,EdTech,Pune,1853382,2212587,Yes,High,5000000
2044,4,6,2,FinTech,Hyderabad,1812220,960277,No,Low,500000
2045,2,1,8,E-Commerce,Bangalore,1666042,1588309,No,Low,500000
2046,4,3,2,HealthTech,Hyderabad,942078,88600,No,Low,500000
2047,6,3,2,HealthTech,Delhi,1241134,979914,No,Low,500000
2048,18,1,4,AI,Mumbai,427376,1025108,Yes,High,5000000
2049,17,3,7,AI,Pune,460118,77904,No,Low,500000
2050,13,9,8,EdTech,Pune,492478,1623338,Yes,High,5000000
2051,6,5,6,EdTech,Kolkata,1082504,1081741,No,Low,500000
2052,13,15,8,FinTech,Hyderabad,185268,689784,Yes,High,5000000
2053,8,1,9,AgriTech,Pune,690195,322236,No,Low,500000
2054,11,15,5,EdTech,Bangalore,911124,1145562,Yes,High,5000000
2055,4,3,1,AI,Chennai,1596945,666835,No,Low,500000
2056,12,10,6,EdTech,Chennai,1582503,2265922,Yes,High,5000000
2057,4,8,10,E-Commerce,Mumbai,1720273,1184706,No,Low,500000
2058,14,10,10,AI,Chennai,1699275,1535261,No,Low,500000
2059,20,2,6,E-Commerce,Mumbai,1375204,2245191,Yes,High,5000000
2060,5,0,10,E-Commerce,Chennai,1293944,1929823,Yes,High,5000000
2061,2,5,9,EdTech,Delhi,871944,1489106,Yes,High,5000000
2062,12,13,5,FinTech,Mumbai,175018,608796,Yes,High,5000000
2063,18,9,3,CleanTech,Hyderabad,1968118,85594,No,Low,500000
2064,2,0,1,EdTech,Delhi,1031351,1341998,Yes,High,5000000
2065,19,6,2,EdTech,Chennai,349211,761845,Yes,High,5000000
2066,17,11,9,AgriTech,Kolkata,121787,93343,No,Low,500000
2067,17,3,7,CleanTech,Mumbai,1603119,150243,No,Low,500000
2068,10,0,8,E-Commerce,Delhi,1429759,1804195,Yes,High,5000000
2069,3,11,2,AgriTech,Kolkata,1238764,1192108,No,Low,500000
2070,2,15,7,CleanTech,Kolkata,1653650,2301458,Yes,High,5000000
2071,12,11,2,AI,Kolkata,1961862,1831497,No,Low,500000
2072,8,3,4,AI,Delhi,686420,641828,No,Low,500000
2073,8,1,6,HealthTech,Mumbai,1750688,997444,No,Low,500000
2074,14,6,8,EdTech,Hyderabad,1856825,847201,No,Low,500000
2075,16,12,7,EdTech,Pune,866571,2421082,Yes,High,5000000
2076,17,11,1,E-Commerce,Mumbai,1616368,1911872,Yes,High,5000000
2077,18,7,5,HealthTech,Mumbai,97657,2080368,Yes,High,5000000
2078,3,8,2,AgriTech,Hyderabad,99378,355769,Yes,High,5000000
2079,6,14,6,CleanTech,Pune,1531324,328433,No,Low,500000
2080,12,1,3,AgriTech,Chennai,1058425,2142904,Yes,High,5000000
2081,18,14,7,AgriTech,Pune,733940,1123922,Yes,High,5000000
2082,11,6,3,E-Commerce,Kolkata,193802,390045,Yes,High,5000000
2083,15,4,4,CleanTech,Hyderabad,629721,1909393,Yes,High,5000000
2084,5,12,2,CleanTech,Chennai,661379,157994,No,Low,500000
2085,16,6,8,FinTech,Hyderabad,321012,2082119,Yes,High,5000000
2086,8,2,8,E-Commerce,Chennai,1976645,1224510,No,Low,500000
2087,17,13,6,AgriTech,Delhi,589771,476693,No,Low,500000
2088,14,6,8,AI,Mumbai,625120,538034,No,Low,500000
2089,14,13,5,AgriTech,Kolkata,1096673,1379041,Yes,High,5000000
2090,16,0,5,EdTech,Mumbai,349556,1502845,Yes,High,5000000
2091,18,14,9,CleanTech,Delhi,485233,740532,Yes,High,5000000
2092,13,6,3,HealthTech,Mumbai,1096492,1545167,Yes,High,5000000
2093,10,15,6,EdTech,Kolkata,1264880,1876298,Yes,High,5000000
2094,19,12,9,FinTech,Hyderabad,526035,671068,Yes,High,5000000
2095,10,12,10,AI,Mumbai,1895046,663360,No,Low,500000
2096,12,0,9,AI,Pune,1836202,1328218,No,Low,500000
2097,11,2,4,FinTech,Hyderabad,553013,2021091,Yes,High,5000000
2098,12,5,9,EdTech,Chennai,663341,1080773,Yes,High,5000000
2099,11,7,7,E-Commerce,Delhi,1409768,1074279,No,Low,500000
2100,16,11,4,HealthTech,Pune,668966,2021951,Yes,High,5000000
2101,6,10,7,E-Commerce,Kolkata,1100910,1356994,Yes,High,5000000
2102,6,11,5,E-Commerce,Bangalore,1556156,35675,No,Low,500000
2103,17,2,7,FinTech,Mumbai,1479177,113614,No,Low,500000
2104,6,9,3,AgriTech,Kolkata,1144220,1490984,Yes,High,5000000
2105,15,5,4,AI,Delhi,1824196,388653,No,Low,500000
2106,3,8,8,HealthTech,Hyderabad,1031438,2355282,Yes,High,5000000
2107,5,15,8,EdTech,Hyderabad,1184004,2010967,Yes,High,5000000
2108,3,4,3,CleanTech,Mumbai,482961,1882891,Yes,High,5000000
2109,12,10,2,HealthTech,Pune,891870,804537,No,Low,500000
2110,19,4,4,CleanTech,Bangalore,1524817,1191292,No,Low,500000
2111,12,10,4,AI,Hyderabad,1695272,127567,No,Low,500000
2112,17,6,8,EdTech,Delhi,583076,1561301,Yes,High,5000000
2113,13,6,3,CleanTech,Chennai,119780,720861,Yes,High,5000000
2114,18,8,9,EdTech,Pune,643733,443456,No,Low,500000
2115,8,8,9,FinTech,Hyderabad,749849,967684,Yes,High,5000000
2116,10,7,1,AI,Pune,487102,2351764,Yes,High,5000000
2117,15,15,7,AgriTech,Mumbai,1596765,1231198,No,Low,500000
2118,17,5,8,EdTech,Delhi,1038416,1906413,Yes,High,5000000
2119,4,0,8,CleanTech,Pune,1431615,2342191,Yes,High,5000000
2120,9,0,3,HealthTech,Chennai,564299,2118899,Yes,High,5000000
2121,16,15,8,CleanTech,Bangalore,361781,1000333,Yes,High,5000000
2122,9,7,3,HealthTech,Pune,462484,1124188,Yes,High,5000000
2123,18,13,8,AI,Mumbai,1927308,1207076,No,Low,500000
2124,13,9,2,CleanTech,Chennai,1496067,1936005,Yes,High,5000000
2125,6,14,1,CleanTech,Kolkata,1814182,738208,No,Low,500000
2126,19,7,3,CleanTech,Kolkata,1156462,201027,No,Low,500000
2127,14,12,5,EdTech,Mumbai,687741,2441567,Yes,High,5000000
2128,8,0,7,AgriTech,Hyderabad,993946,2136990,Yes,High,5000000
2129,15,7,3,FinTech,Delhi,1606508,112158,No,Low,500000
2130,19,4,4,AgriTech,Mumbai,513836,1388535,Yes,High,5000000
2131,16,0,3,AI,Bangalore,249396,826081,Yes,High,5000000
2132,7,7,5,FinTech,Kolkata,700241,542752,No,Low,500000
2133,11,10,9,CleanTech,Bangalore,709479,505126,No,Low,500000
2134,6,12,5,EdTech,Kolkata,868247,1640459,Yes,High,5000000
2135,2,8,5,E-Commerce,Kolkata,964648,206783,No,Low,500000
2136,2,6,8,AgriTech,Delhi,92115,1706373,Yes,High,5000000
2137,7,15,9,EdTech,Delhi,1058014,1349516,Yes,High,5000000
2138,19,2,5,CleanTech,Chennai,225383,2193634,Yes,High,5000000
2139,2,13,8,AI,Mumbai,337314,802489,Yes,High,5000000
2140,20,5,2,FinTech,Chennai,1915419,1048349,No,Low,500000
2141,20,15,1,E-Commerce,Mumbai,963369,266807,No,Low,500000
2142,14,1,2,EdTech,Kolkata,921502,838676,No,Low,500000
2143,19,8,9,AI,Chennai,1329935,1262983,No,Low,500000
2144,18,2,10,AgriTech,Chennai,380525,200512,No,Low,500000
2145,8,0,2,E-Commerce,Hyderabad,1193769,231719,No,Low,500000
2146,19,14,5,HealthTech,Chennai,1404150,710978,No,Low,500000
2147,18,13,1,EdTech,Bangalore,1261513,1257080,No,Low,500000
2148,20,1,7,EdTech,Mumbai,616070,1528130,Yes,High,5000000
2149,19,15,10,E-Commerce,Hyderabad,553981,1300439,Yes,High,5000000
2150,17,8,8,E-Commerce,Bangalore,1103958,26653,No,Low,500000
2151,15,7,1,CleanTech,Mumbai,1531931,2494388,Yes,High,5000000
2152,9,4,1,HealthTech,Chennai,233826,1566865,Yes,High,5000000
2153,6,5,1,AI,Delhi,1732036,1182981,No,Low,500000
2154,10,11,2,FinTech,Delhi,1137586,2136756,Yes,High,5000000
2155,11,12,8,EdTech,Hyderabad,1397695,584870,No,Low,500000
2156,2,13,7,AgriTech,Chennai,1560856,1909861,Yes,High,5000000
2157,16,14,1,E-Commerce,Delhi,811638,1697409,Yes,High,5000000
2158,10,4,8,HealthTech,Delhi,773338,1625532,Yes,High,5000000
2159,3,6,4,E-Commerce,Kolkata,332541,1705697,Yes,High,5000000
2160,10,9,3,EdTech,Kolkata,291184,1955820,Yes,High,5000000
2161,12,0,9,AI,Bangalore,184634,2020049,Yes,High,5000000
2162,19,8,9,E-Commerce,Chennai,1896885,583335,No,Low,500000
2163,14,11,3,EdTech,Delhi,1480506,2307728,Yes,High,5000000
2164,18,3,9,AgriTech,Chennai,1933462,306025,No,Low,500000
2165,12,9,8,HealthTech,Chennai,804028,499001,No,Low,500000
2166,9,7,3,CleanTech,Kolkata,1306679,946072,No,Low,500000
2167,14,4,1,EdTech,Delhi,316514,868556,Yes,High,5000000
2168,19,1,4,AI,Mumbai,875562,891511,Yes,High,5000000
2169,20,6,5,CleanTech,Bangalore,356060,1306918,Yes,High,5000000
2170,14,13,5,CleanTech,Bangalore,1681720,1681769,Yes,High,5000000
2171,17,15,3,AI,Mumbai,597037,313706,No,Low,500000
2172,17,10,1,HealthTech,Bangalore,1463201,286503,No,Low,500000
2173,9,15,8,AI,Mumbai,1380449,1239640,No,Low,500000
2174,18,4,6,CleanTech,Mumbai,1589499,1622098,Yes,High,5000000
2175,18,12,3,AI,Mumbai,121462,1858160,Yes,High,5000000
2176,13,15,1,AI,Bangalore,1179512,755483,No,Low,500000
2177,16,0,2,FinTech,Delhi,559576,817892,Yes,High,5000000
2178,17,4,4,EdTech,Delhi,1939600,1226715,No,Low,500000
2179,10,15,8,HealthTech,Pune,438127,2110450,Yes,High,5000000
2180,14,10,10,EdTech,Delhi,689442,275887,No,Low,500000
2181,19,2,2,EdTech,Chennai,776674,2405066,Yes,High,5000000
2182,3,15,7,EdTech,Mumbai,1324085,1849664,Yes,High,5000000
2183,11,4,5,EdTech,Hyderabad,504834,268869,No,Low,500000
2184,5,2,9,EdTech,Hyderabad,1703596,1782699,Yes,High,5000000
2185,7,5,8,AgriTech,Pune,294223,986455,Yes,High,5000000
2186,15,11,8,EdTech,Delhi,299047,2384020,Yes,High,5000000
2187,15,9,9,HealthTech,Chennai,1909283,1131085,No,Low,500000
2188,4,3,1,AI,Bangalore,1862845,1184038,No,Low,500000
2189,14,11,8,CleanTech,Bangalore,905872,1256997,Yes,High,5000000
2190,19,10,10,CleanTech,Pune,736464,797470,Yes,High,5000000
2191,17,0,9,EdTech,Kolkata,158674,67214,No,Low,500000
2192,16,12,8,E-Commerce,Pune,681308,2382007,Yes,High,5000000
2193,11,3,1,CleanTech,Delhi,661163,969985,Yes,High,5000000
2194,2,11,1,EdTech,Bangalore,1921082,98461,No,Low,500000
2195,19,1,3,EdTech,Hyderabad,1290939,1187605,No,Low,500000
2196,12,5,5,CleanTech,Hyderabad,448292,1876250,Yes,High,5000000
2197,8,1,8,AI,Pune,1603113,2082518,Yes,High,5000000
2198,18,7,8,CleanTech,Mumbai,709033,1591052,Yes,High,5000000
2199,7,13,1,E-Commerce,Mumbai,1527993,1885144,Yes,High,5000000
2200,17,12,7,FinTech,Delhi,398403,1730992,Yes,High,5000000
2201,19,11,4,FinTech,Delhi,1411221,2166482,Yes,High,5000000
2202,2,5,10,AgriTech,Delhi,510627,1981302,Yes,High,5000000
2203,13,10,4,AI,Hyderabad,360718,1797872,Yes,High,5000000
2204,20,2,10,E-Commerce,Kolkata,696626,1871115,Yes,High,5000000
2205,11,12,5,EdTech,Bangalore,655296,2405793,Yes,High,5000000
2206,9,12,5,E-Commerce,Delhi,612170,950125,Yes,High,5000000
2207,10,5,3,HealthTech,Chennai,184726,1008468,Yes,High,5000000
2208,14,7,10,AI,Hyderabad,1568210,606926,No,Low,500000
2209,18,8,5,FinTech,Hyderabad,873314,234782,No,Low,500000
2210,16,1,6,E-Commerce,Chennai,219959,380506,Yes,High,5000000
2211,11,10,2,E-Commerce,Pune,564234,1563733,Yes,High,5000000
2212,18,3,5,CleanTech,Chennai,1526470,2360675,Yes,High,5000000
2213,5,9,8,EdTech,Chennai,1652630,1417560,No,Low,500000
2214,8,14,3,CleanTech,Delhi,1477543,467046,No,Low,500000
2215,11,14,9,HealthTech,Hyderabad,1645090,180480,No,Low,500000
2216,11,0,7,HealthTech,Chennai,1478867,115245,No,Low,500000
2217,5,7,3,HealthTech,Mumbai,1612853,252300,No,Low,500000
2218,12,11,4,AgriTech,Bangalore,1675037,251115,No,Low,500000
2219,5,10,8,E-Commerce,Pune,795040,1775086,Yes,High,5000000
2220,6,13,9,FinTech,Pune,1831188,428362,No,Low,500000
2221,19,3,9,EdTech,Mumbai,752878,2419827,Yes,High,5000000
2222,4,5,9,EdTech,Pune,966086,291681,No,Low,500000
2223,2,15,6,HealthTech,Bangalore,455322,387384,No,Low,500000
2224,9,11,3,HealthTech,Kolkata,499766,2065515,Yes,High,5000000
2225,10,11,3,HealthTech,Pune,1221649,957834,No,Low,500000
2226,10,6,7,AI,Chennai,1350594,1468777,Yes,High,5000000
2227,18,14,7,FinTech,Pune,1455967,616693,No,Low,500000
2228,16,11,8,E-Commerce,Delhi,1573356,1855579,Yes,High,5000000
2229,18,2,9,E-Commerce,Bangalore,1758846,114676,No,Low,500000
2230,5,1,2,FinTech,Delhi,1360070,2053110,Yes,High,5000000
2231,2,10,4,EdTech,Hyderabad,1028165,581483,No,Low,500000
2232,12,3,2,AI,Delhi,632541,1753441,Yes,High,5000000
2233,2,13,6,FinTech,Chennai,498704,933999,Yes,High,5000000
2234,9,1,8,FinTech,Hyderabad,418406,2046398,Yes,High,5000000
2235,17,10,8,CleanTech,Delhi,212102,1124950,Yes,High,5000000
2236,8,14,5,AI,Mumbai,658608,1888929,Yes,High,5000000
2237,4,8,9,CleanTech,Mumbai,299306,199015,No,Low,500000
2238,16,6,9,AI,Delhi,60594,1443562,Yes,High,5000000
2239,4,13,4,AgriTech,Bangalore,954189,926337,No,Low,500000
2240,14,2,5,CleanTech,Bangalore,1587902,313196,No,Low,500000
2241,14,6,1,FinTech,Delhi,1534399,2320493,Yes,High,5000000
2242,20,5,1,AgriTech,Bangalore,1287058,1785637,Yes,High,5000000
2243,3,15,4,E-Commerce,Hyderabad,900738,1995914,Yes,High,5000000
2244,20,5,6,EdTech,Hyderabad,408834,2455986,Yes,High,5000000
2245,11,0,4,HealthTech,Chennai,1419341,1996752,Yes,High,5000000
2246,8,0,4,EdTech,Hyderabad,819112,789931,No,Low,500000
2247,9,3,9,HealthTech,Pune,516202,724344,Yes,High,5000000
2248,3,6,10,EdTech,Hyderabad,55322,550611,Yes,High,5000000
2249,2,10,9,AgriTech,Hyderabad,1268686,2318887,Yes,High,5000000
2250,4,1,1,FinTech,Mumbai,516807,1125430,Yes,High,5000000
2251,17,8,3,AI,Mumbai,90642,768319,Yes,High,5000000
2252,13,0,4,HealthTech,Delhi,1870801,1166171,No,Low,500000
2253,18,14,3,AgriTech,Chennai,1771203,839036,No,Low,500000
2254,9,6,4,HealthTech,Delhi,477167,215525,No,Low,500000
2255,18,5,3,EdTech,Mumbai,1782905,937702,No,Low,500000
2256,12,4,4,E-Commerce,Chennai,1881834,594182,No,Low,500000
2257,2,10,10,AgriTech,Bangalore,1527854,1998486,Yes,High,5000000
2258,7,12,1,AgriTech,Kolkata,459407,2125739,Yes,High,5000000
2259,14,15,9,HealthTech,Bangalore,1347013,1978854,Yes,High,5000000
2260,3,8,1,HealthTech,Kolkata,1298569,874223,No,Low,500000
2261,19,7,3,EdTech,Hyderabad,1412398,1483643,Yes,High,5000000
2262,16,9,8,AI,Kolkata,1393616,2184226,Yes,High,5000000
2263,12,8,2,AI,Hyderabad,1611189,2487855,Yes,High,5000000
2264,6,0,8,CleanTech,Delhi,216081,1720620,Yes,High,5000000
2265,2,10,10,CleanTech,Kolkata,1972025,2343871,Yes,High,5000000
2266,7,8,2,E-Commerce,Hyderabad,759064,1256681,Yes,High,5000000
2267,12,12,6,FinTech,Bangalore,1718726,714430,No,Low,500000
2268,15,10,10,E-Commerce,Kolkata,1096831,77719,No,Low,500000
2269,20,15,7,E-Commerce,Mumbai,1837573,1308053,No,Low,500000
2270,10,10,8,EdTech,Kolkata,1691207,705155,No,Low,500000
2271,15,1,2,AI,Pune,1842415,102307,No,Low,500000
2272,5,12,4,AI,Kolkata,562326,971397,Yes,High,5000000
2273,17,15,3,AgriTech,Mumbai,1184468,2329428,Yes,High,5000000
2274,13,4,8,AI,Hyderabad,138140,1653022,Yes,High,5000000
2275,8,12,3,CleanTech,Bangalore,1952408,2393599,Yes,High,5000000
2276,6,4,9,CleanTech,Mumbai,935024,1573271,Yes,High,5000000
2277,8,1,6,EdTech,Kolkata,116572,2051691,Yes,High,5000000
2278,2,9,1,HealthTech,Hyderabad,334917,1949481,Yes,High,5000000
2279,5,9,8,AI,Kolkata,71768,438447,Yes,High,5000000
2280,6,8,10,E-Commerce,Delhi,1785050,1923892,Yes,High,5000000
2281,19,7,9,AI,Mumbai,488225,1018082,Yes,High,5000000
2282,4,9,7,AI,Pune,405743,2248016,Yes,High,5000000
2283,17,3,8,HealthTech,Bangalore,1734607,119460,No,Low,500000
2284,4,1,6,FinTech,Mumbai,1347279,2360404,Yes,High,5000000
2285,4,13,6,AgriTech,Kolkata,1294984,1319896,Yes,High,5000000
2286,4,13,7,EdTech,Bangalore,596633,94756,No,Low,500000
2287,8,13,6,AgriTech,Delhi,1051899,1609895,Yes,High,5000000
2288,3,4,6,FinTech,Bangalore,203829,392513,Yes,High,5000000
2289,9,15,4,FinTech,Hyderabad,1847844,2253205,Yes,High,5000000
2290,11,3,5,FinTech,Hyderabad,840787,359819,No,Low,500000
2291,3,1,6,AI,Kolkata,474465,2160300,Yes,High,5000000
2292,8,15,2,E-Commerce,Hyderabad,1175630,2057916,Yes,High,5000000
2293,20,4,4,CleanTech,Pune,731666,426283,No,Low,500000
2294,18,14,7,EdTech,Chennai,502450,1876232,Yes,High,5000000
2295,15,4,1,AI,Chennai,1161656,2391826,Yes,High,5000000
2296,10,1,6,AI,Pune,1484144,2292054,Yes,High,5000000
2297,9,2,6,HealthTech,Kolkata,765671,824194,Yes,High,5000000
2298,10,0,5,CleanTech,Chennai,1288678,748814,No,Low,500000
2299,12,4,10,AI,Hyderabad,1701522,440514,No,Low,500000
2300,16,7,10,CleanTech,Bangalore,943773,641501,No,Low,500000
2301,9,12,8,FinTech,Delhi,1506853,971356,No,Low,500000
2302,5,11,6,E-Commerce,Bangalore,1734574,1432889,No,Low,500000
2303,12,13,8,AgriTech,Kolkata,342048,589220,Yes,High,5000000
2304,20,13,1,FinTech,Delhi,1137428,2491060,Yes,High,5000000
2305,20,15,1,E-Commerce,Chennai,1815302,2233373,Yes,High,5000000
2306,19,2,9,HealthTech,Kolkata,1904958,891368,No,Low,500000
2307,15,7,8,CleanTech,Chennai,1892244,37169,No,Low,500000
2308,4,6,6,AgriTech,Mumbai,1292656,247930,No,Low,500000
2309,18,14,8,AI,Chennai,932577,2435041,Yes,High,5000000
2310,16,4,5,EdTech,Delhi,1287080,2251091,Yes,High,5000000
2311,9,5,10,AgriTech,Bangalore,698593,336615,No,Low,500000
2312,10,6,6,HealthTech,Bangalore,697531,1653764,Yes,High,5000000
2313,7,5,2,CleanTech,Kolkata,888307,703847,No,Low,500000
2314,4,15,3,E-Commerce,Mumbai,1398517,2215324,Yes,High,5000000
2315,4,0,8,AgriTech,Pune,1878476,1867046,No,Low,500000
2316,9,7,3,CleanTech,Chennai,257747,849896,Yes,High,5000000
2317,19,14,3,HealthTech,Bangalore,282707,556231,Yes,High,5000000
2318,15,6,2,HealthTech,Delhi,1030774,1450470,Yes,High,5000000
2319,15,10,4,AgriTech,Hyderabad,337482,397269,Yes,High,5000000
2320,4,4,10,HealthTech,Pune,218006,2296923,Yes,High,5000000
2321,16,8,9,FinTech,Hyderabad,811207,1560535,Yes,High,5000000
2322,2,5,3,HealthTech,Bangalore,1703141,1675025,No,Low,500000
2323,7,6,7,HealthTech,Chennai,331238,94977,No,Low,500000
2324,8,3,4,EdTech,Hyderabad,1176053,1111558,No,Low,500000
2325,16,6,1,HealthTech,Bangalore,1496647,1823974,Yes,High,5000000
2326,10,2,1,AI,Kolkata,258885,838710,Yes,High,5000000
2327,3,2,7,FinTech,Chennai,1089518,2314837,Yes,High,5000000
2328,4,13,2,CleanTech,Bangalore,932378,511845,No,Low,500000
2329,13,7,10,EdTech,Kolkata,121102,1961882,Yes,High,5000000
2330,9,8,9,CleanTech,Chennai,1353239,1391036,Yes,High,5000000
2331,2,13,4,HealthTech,Bangalore,1967537,1210630,No,Low,500000
2332,6,4,2,FinTech,Pune,594115,360970,No,Low,500000
2333,7,12,4,EdTech,Bangalore,164614,1809583,Yes,High,5000000
2334,3,4,3,AI,Hyderabad,530511,851395,Yes,High,5000000
2335,8,1,4,HealthTech,Kolkata,1736559,1385552,No,Low,500000
2336,4,11,4,AI,Bangalore,1147078,1343920,Yes,High,5000000
2337,20,8,10,FinTech,Kolkata,1601409,1382541,No,Low,500000
2338,14,1,4,AgriTech,Pune,1123035,278094,No,Low,500000
2339,19,1,6,E-Commerce,Delhi,1703075,1251814,No,Low,500000
2340,14,12,9,E-Commerce,Mumbai,930237,1387957,Yes,High,5000000
2341,16,5,5,EdTech,Mumbai,1332062,1638570,Yes,High,5000000
2342,14,4,4,AI,Hyderabad,706712,850146,Yes,High,5000000
2343,16,12,4,FinTech,Chennai,1911778,866071,No,Low,500000
2344,8,4,7,AgriTech,Hyderabad,1480968,1593957,Yes,High,5000000
2345,14,0,2,HealthTech,Delhi,1877382,965349,No,Low,500000
2346,5,11,5,EdTech,Bangalore,675172,1088045,Yes,High,5000000
2347,19,10,8,HealthTech,Kolkata,1294183,1495492,Yes,High,5000000
2348,12,4,9,FinTech,Kolkata,1266646,1962353,Yes,High,5000000
2349,3,15,1,AgriTech,Pune,1555605,280294,No,Low,500000
2350,18,7,2,CleanTech,Delhi,423428,2295184,Yes,High,5000000
2351,18,15,3,FinTech,Mumbai,562793,1999259,Yes,High,5000000
2352,12,9,10,AI,Chennai,623909,1521058,Yes,High,5000000
2353,15,2,7,E-Commerce,Chennai,962077,1033726,Yes,High,5000000
2354,8,3,9,FinTech,Mumbai,900003,1506349,Yes,High,5000000
2355,3,14,9,HealthTech,Delhi,1801221,946518,No,Low,500000
2356,2,13,9,AgriTech,Hyderabad,789630,1765189,Yes,High,5000000
2357,8,15,4,AgriTech,Mumbai,1623269,505058,No,Low,500000
2358,19,7,3,HealthTech,Delhi,526583,353704,No,Low,500000
2359,14,14,4,AI,Chennai,73993,1990482,Yes,High,5000000
2360,10,2,10,AI,Mumbai,1211016,1578698,Yes,High,5000000
2361,20,1,9,E-Commerce,Chennai,465151,2046764,Yes,High,5000000
2362,8,7,7,FinTech,Mumbai,1203644,605584,No,Low,500000
2363,14,9,2,AI,Delhi,1247344,1753553,Yes,High,5000000
2364,8,5,1,CleanTech,Hyderabad,1524474,700346,No,Low,500000
2365,16,11,7,CleanTech,Delhi,127187,1763332,Yes,High,5000000
2366,11,14,7,FinTech,Pune,1092655,373164,No,Low,500000
2367,10,12,3,EdTech,Pune,545660,402287,No,Low,500000
2368,8,9,3,FinTech,Delhi,199333,1470657,Yes,High,5000000
2369,8,5,6,HealthTech,Pune,1745092,2284390,Yes,High,5000000
2370,5,3,1,AgriTech,Delhi,1692666,2393992,Yes,High,5000000
2371,10,4,2,E-Commerce,Hyderabad,1345704,295035,No,Low,500000
2372,14,2,2,AgriTech,Hyderabad,335186,470092,Yes,High,5000000
2373,2,12,5,AI,Hyderabad,1027671,781771,No,Low,500000
2374,12,4,6,CleanTech,Hyderabad,166127,369118,Yes,High,5000000
2375,5,8,4,AI,Delhi,1777790,1890309,Yes,High,5000000
2376,2,13,1,EdTech,Kolkata,117560,247421,Yes,High,5000000
2377,2,14,1,E-Commerce,Hyderabad,241700,1702790,Yes,High,5000000
2378,9,5,8,AI,Bangalore,901695,1304170,Yes,High,5000000
2379,5,3,6,EdTech,Hyderabad,970157,1491598,Yes,High,5000000
2380,12,10,9,CleanTech,Mumbai,329842,2016637,Yes,High,5000000
2381,15,14,9,AI,Bangalore,832929,602387,No,Low,500000
2382,9,1,7,E-Commerce,Chennai,892706,2484029,Yes,High,5000000
2383,15,4,8,CleanTech,Mumbai,1348470,548693,No,Low,500000
2384,14,10,8,AI,Kolkata,1758742,1396437,No,Low,500000
2385,15,3,3,E-Commerce,Bangalore,321575,2438050,Yes,High,5000000
2386,3,6,8,HealthTech,Kolkata,975610,1176116,Yes,High,5000000
2387,15,13,3,EdTech,Mumbai,502908,1944391,Yes,High,5000000
2388,19,6,10,FinTech,Bangalore,867629,934626,Yes,High,5000000
2389,15,13,8,HealthTech,Mumbai,916736,1644295,Yes,High,5000000
2390,13,8,1,EdTech,Hyderabad,230370,1040738,Yes,High,5000000
2391,6,14,1,FinTech,Kolkata,688494,692873,Yes,High,5000000
2392,6,8,9,AI,Chennai,216560,1331977,Yes,High,5000000
2393,16,14,7,AgriTech,Hyderabad,1357969,2332031,Yes,High,5000000
2394,20,13,6,FinTech,Kolkata,1942418,21349,No,Low,500000
2395,11,12,3,CleanTech,Chennai,982839,2146699,Yes,High,5000000
2396,16,4,10,EdTech,Kolkata,68141,2459311,Yes,High,5000000
2397,8,0,10,CleanTech,Bangalore,1987229,460158,No,Low,500000
2398,13,11,4,AgriTech,Bangalore,87772,35006,No,Low,500000
2399,19,0,6,HealthTech,Pune,504138,561019,Yes,High,5000000
2400,3,1,9,EdTech,Mumbai,842148,567432,No,Low,500000
2401,9,13,5,CleanTech,Kolkata,434673,180605,No,Low,500000
2402,18,1,8,FinTech,Mumbai,1024554,650540,No,Low,500000
2403,13,7,2,EdTech,Chennai,240781,1448843,Yes,High,5000000
2404,6,4,9,EdTech,Bangalore,1574243,1654694,Yes,High,5000000
2405,13,6,7,FinTech,Delhi,858546,736581,No,Low,500000
2406,7,8,9,E-Commerce,Chennai,678492,2207280,Yes,High,5000000
2407,10,15,5,CleanTech,Bangalore,1171486,795538,No,Low,500000
2408,14,15,3,FinTech,Bangalore,1837772,1082663,No,Low,500000
2409,7,12,1,EdTech,Kolkata,1634654,441123,No,Low,500000
2410,14,13,2,EdTech,Delhi,951557,449763,No,Low,500000
2411,14,4,6,HealthTech,Kolkata,864366,1893373,Yes,High,5000000
2412,16,8,7,E-Commerce,Pune,1166681,1448799,Yes,High,5000000
2413,13,15,8,CleanTech,Kolkata,398629,1175166,Yes,High,5000000
2414,8,4,1,HealthTech,Kolkata,1805448,1591853,No,Low,500000
2415,10,7,5,FinTech,Hyderabad,1707480,1326479,No,Low,500000
2416,16,10,2,E-Commerce,Kolkata,865986,235950,No,Low,500000
2417,5,9,5,AgriTech,Kolkata,1642903,575000,No,Low,500000
2418,15,5,7,FinTech,Hyderabad,910561,937486,Yes,High,5000000
2419,13,4,2,EdTech,Delhi,1472761,2158533,Yes,High,5000000
2420,17,11,7,CleanTech,Hyderabad,365710,2217278,Yes,High,5000000
2421,15,14,6,CleanTech,Kolkata,1622263,2334695,Yes,High,5000000
2422,12,6,7,CleanTech,Hyderabad,1649321,897593,No,Low,500000
2423,7,5,2,AgriTech,Hyderabad,562423,780490,Yes,High,5000000
2424,18,14,3,FinTech,Delhi,781657,1911769,Yes,High,5000000
2425,7,9,8,AgriTech,Bangalore,869218,1830846,Yes,High,5000000
2426,5,8,9,EdTech,Mumbai,317252,2279393,Yes,High,5000000
2427,6,7,4,E-Commerce,Chennai,1928539,1587391,No,Low,500000
2428,14,11,1,CleanTech,Pune,626125,1826329,Yes,High,5000000
2429,15,5,5,FinTech,Mumbai,930146,179812,No,Low,500000
2430,15,14,10,E-Commerce,Kolkata,1708013,2385249,Yes,High,5000000
2431,19,2,9,E-Commerce,Bangalore,1367386,1128898,No,Low,500000
2432,18,13,9,HealthTech,Pune,322866,1396294,Yes,High,5000000
2433,16,2,1,HealthTech,Chennai,1079406,290273,No,Low,500000
2434,11,8,10,AI,Bangalore,1890229,1171173,No,Low,500000
2435,17,10,6,CleanTech,Delhi,536090,162582,No,Low,500000
2436,9,8,7,FinTech,Mumbai,501341,1946550,Yes,High,5000000
2437,18,11,1,AI,Kolkata,903183,198359,No,Low,500000
2438,13,12,10,E-Commerce,Chennai,187734,1153014,Yes,High,5000000
2439,16,2,7,FinTech,Pune,1260119,1389351,Yes,High,5000000
2440,15,14,10,AgriTech,Bangalore,800718,397070,No,Low,500000
2441,19,5,1,EdTech,Chennai,1845857,572754,No,Low,500000
2442,3,5,10,E-Commerce,Hyderabad,1993049,1123906,No,Low,500000
2443,15,1,7,EdTech,Pune,1682839,240301,No,Low,500000
2444,11,4,6,FinTech,Chennai,925891,817025,No,Low,500000
2445,8,10,6,AgriTech,Pune,1424950,1441892,Yes,High,5000000
2446,4,10,6,E-Commerce,Chennai,82533,785556,Yes,High,5000000
2447,9,8,2,FinTech,Pune,578559,151111,No,Low,500000
2448,6,1,3,AI,Hyderabad,1824770,2255606,Yes,High,5000000
2449,14,2,8,AI,Delhi,1456055,125512,No,Low,500000
2450,16,4,3,AI,Hyderabad,1604690,495588,No,Low,500000
2451,4,8,4,AgriTech,Hyderabad,1890867,2014882,Yes,High,5000000
2452,12,9,6,EdTech,Hyderabad,465196,372871,No,Low,500000
2453,9,10,5,CleanTech,Chennai,1319648,1862060,Yes,High,5000000
2454,17,5,8,FinTech,Kolkata,1965553,1990608,Yes,High,5000000
2455,2,2,4,HealthTech,Chennai,422439,491674,Yes,High,5000000
2456,15,11,9,AgriTech,Hyderabad,52909,1690194,Yes,High,5000000
2457,11,9,9,EdTech,Kolkata,620826,37558,No,Low,500000
2458,7,14,5,E-Commerce,Hyderabad,785999,1055726,Yes,High,5000000
2459,19,3,1,CleanTech,Hyderabad,1751968,1199565,No,Low,500000
2460,10,2,9,E-Commerce,Delhi,772657,1688416,Yes,High,5000000
2461,16,3,1,AgriTech,Chennai,1703535,385961,No,Low,500000
2462,4,9,3,AI,Hyderabad,1311502,1340178,Yes,High,5000000
2463,11,14,5,FinTech,Hyderabad,1611840,598529,No,Low,500000
2464,19,8,5,HealthTech,Kolkata,315110,262764,No,Low,500000
2465,16,0,10,AgriTech,Mumbai,180892,1254105,Yes,High,5000000
2466,4,4,5,AgriTech,Mumbai,708323,899877,Yes,High,5000000
2467,17,3,7,EdTech,Kolkata,660775,277190,No,Low,500000
2468,6,13,7,AgriTech,Mumbai,1204133,711666,No,Low,500000
2469,3,6,5,EdTech,Pune,1053630,1056149,Yes,High,5000000
2470,11,1,8,HealthTech,Pune,433765,1632933,Yes,High,5000000
2471,13,2,3,E-Commerce,Bangalore,751548,999631,Yes,High,5000000
2472,19,3,8,AgriTech,Kolkata,1827516,1026267,No,Low,500000
2473,10,12,8,CleanTech,Hyderabad,522698,2071272,Yes,High,5000000
2474,11,8,1,HealthTech,Mumbai,1059365,1244296,Yes,High,5000000
2475,12,4,10,E-Commerce,Mumbai,1159888,1730588,Yes,High,5000000
2476,9,2,9,CleanTech,Hyderabad,636797,2378163,Yes,High,5000000
2477,6,6,9,AI,Bangalore,1485106,2334403,Yes,High,5000000
2478,15,12,3,AI,Delhi,470239,856717,Yes,High,5000000
2479,2,11,3,HealthTech,Delhi,1456358,1502147,Yes,High,5000000
2480,6,5,3,CleanTech,Hyderabad,780449,1116909,Yes,High,5000000
2481,14,7,8,CleanTech,Mumbai,984904,225729,No,Low,500000
2482,12,4,6,E-Commerce,Mumbai,936659,476888,No,Low,500000
2483,17,0,10,CleanTech,Mumbai,1936603,1650351,No,Low,500000
2484,10,6,6,HealthTech,Chennai,512519,2338707,Yes,High,5000000
2485,11,3,4,HealthTech,Chennai,1919627,1800195,No,Low,500000
2486,11,1,2,CleanTech,Bangalore,876948,93303,No,Low,500000
2487,6,0,9,HealthTech,Pune,1818641,479242,No,Low,500000
2488,20,10,1,EdTech,Chennai,875963,1395907,Yes,High,5000000
2489,3,12,6,E-Commerce,Bangalore,1401626,842602,No,Low,500000
2490,10,12,1,HealthTech,Delhi,1152334,1016906,No,Low,500000
2491,17,0,1,CleanTech,Bangalore,1850287,710858,No,Low,500000
2492,13,5,3,AgriTech,Hyderabad,819534,1313127,Yes,High,5000000
2493,20,12,5,AI,Hyderabad,1335035,123867,No,Low,500000
2494,7,10,10,EdTech,Delhi,1553651,2004338,Yes,High,5000000
2495,17,9,7,HealthTech,Bangalore,1472601,2448165,Yes,High,5000000
2496,9,15,3,E-Commerce,Bangalore,328487,47384,No,Low,500000
2497,19,2,6,AgriTech,Mumbai,1107662,1435429,Yes,High,5000000
2498,19,3,6,AI,Pune,1276545,1082976,No,Low,500000
2499,10,11,3,CleanTech,Pune,336639,334589,No,Low,500000
2500,20,15,3,E-Commerce,Chennai,1262311,411998,No,Low,500000
2501,18,2,1,FinTech,Kolkata,1531467,451542,No,Low,500000
2502,8,2,4,FinTech,Bangalore,1270564,2481967,Yes,High,5000000
2503,15,1,10,HealthTech,Mumbai,1542445,615251,No,Low,500000
2504,14,10,6,CleanTech,Pune,1218075,1939237,Yes,High,5000000
2505,18,9,1,AgriTech,Kolkata,709457,586600,No,Low,500000
2506,4,3,7,AI,Kolkata,439075,2112121,Yes,High,5000000
2507,19,11,9,HealthTech,Kolkata,766158,2003956,Yes,High,5000000
2508,6,3,10,EdTech,Chennai,963763,1781149,Yes,High,5000000
2509,6,14,8,HealthTech,Delhi,303389,1000982,Yes,High,5000000
2510,20,0,2,HealthTech,Delhi,1066440,2379801,Yes,High,5000000
2511,19,1,10,E-Commerce,Hyderabad,960822,1424671,Yes,High,5000000
2512,11,14,4,FinTech,Pune,516581,1579004,Yes,High,5000000
2513,3,0,1,AI,Chennai,342600,1383016,Yes,High,5000000
2514,8,5,7,FinTech,Mumbai,1782759,1799644,Yes,High,5000000
2515,13,3,6,AgriTech,Delhi,838788,752816,No,Low,500000
2516,3,13,1,EdTech,Kolkata,1490871,1722678,Yes,High,5000000
2517,14,7,3,EdTech,Mumbai,145352,47293,No,Low,500000
2518,3,11,1,AgriTech,Kolkata,991581,495184,No,Low,500000
2519,6,6,10,FinTech,Delhi,572257,1280797,Yes,High,5000000
2520,15,7,10,AgriTech,Chennai,1601653,713766,No,Low,500000
2521,20,6,7,HealthTech,Hyderabad,1651923,723178,No,Low,500000
2522,20,4,7,EdTech,Mumbai,1886438,2323732,Yes,High,5000000
2523,20,8,1,AgriTech,Pune,320341,2469352,Yes,High,5000000
2524,12,3,5,FinTech,Hyderabad,934310,2137706,Yes,High,5000000
2525,6,7,6,AgriTech,Pune,481664,1749433,Yes,High,5000000
2526,13,6,4,FinTech,Pune,1352961,1504438,Yes,High,5000000
2527,11,2,9,EdTech,Pune,718308,886699,Yes,High,5000000
2528,16,10,8,E-Commerce,Mumbai,1523617,1475683,No,Low,500000
2529,6,9,7,EdTech,Delhi,1078488,367047,No,Low,500000
2530,20,12,10,FinTech,Delhi,1268282,733719,No,Low,500000
2531,18,3,7,HealthTech,Chennai,556933,1908711,Yes,High,5000000
2532,13,13,2,AI,Chennai,669519,1109702,Yes,High,5000000
2533,11,2,9,AI,Delhi,1827533,2148182,Yes,High,5000000
2534,15,2,8,HealthTech,Chennai,689986,315074,No,Low,500000
2535,2,8,1,CleanTech,Hyderabad,1801863,561025,No,Low,500000
2536,20,13,2,EdTech,Pune,994732,2453382,Yes,High,5000000
2537,9,3,6,E-Commerce,Pune,360146,2108109,Yes,High,5000000
2538,6,10,4,FinTech,Bangalore,1944061,248233,No,Low,500000
2539,12,13,1,AI,Kolkata,1422943,2131779,Yes,High,5000000
2540,20,9,2,FinTech,Kolkata,1253036,1409038,Yes,High,5000000
2541,6,2,1,CleanTech,Hyderabad,1115432,575832,No,Low,500000
2542,3,4,2,EdTech,Hyderabad,360146,1604264,Yes,High,5000000
2543,9,9,3,AI,Kolkata,1999710,2169049,Yes,High,5000000
2544,10,13,10,CleanTech,Delhi,1679284,1014890,No,Low,500000
2545,19,13,2,FinTech,Mumbai,165353,1094181,Yes,High,5000000
2546,16,14,5,CleanTech,Chennai,1777964,497601,No,Low,500000
2547,15,1,10,EdTech,Chennai,1522595,1832176,Yes,High,5000000
2548,4,13,4,EdTech,Pune,468851,614839,Yes,High,5000000
2549,15,11,10,CleanTech,Kolkata,1373820,2133503,Yes,High,5000000
2550,4,13,9,E-Commerce,Chennai,1863046,2404332,Yes,High,5000000
2551,18,13,9,FinTech,Kolkata,115309,1154011,Yes,High,5000000
2552,18,5,2,AI,Pune,1082738,500593,No,Low,500000
2553,12,12,5,HealthTech,Chennai,419334,1198149,Yes,High,5000000
2554,15,3,7,FinTech,Pune,463260,853040,Yes,High,5000000
2555,14,1,9,HealthTech,Mumbai,63248,1662423,Yes,High,5000000
2556,15,4,8,FinTech,Hyderabad,435812,901719,Yes,High,5000000
2557,16,0,10,CleanTech,Pune,1455452,790347,No,Low,500000
2558,2,7,2,E-Commerce,Mumbai,178542,2204264,Yes,High,5000000
2559,9,0,7,EdTech,Chennai,809815,226677,No,Low,500000
2560,4,0,5,AI,Delhi,392922,1879298,Yes,High,5000000
2561,5,8,5,CleanTech,Bangalore,444640,808497,Yes,High,5000000
2562,19,5,7,AI,Pune,514877,1011433,Yes,High,5000000
2563,11,12,5,HealthTech,Chennai,1337881,1054493,No,Low,500000
2564,2,5,2,EdTech,Mumbai,1581749,1064682,No,Low,500000
2565,6,8,7,EdTech,Bangalore,1451766,171974,No,Low,500000
2566,8,15,2,AgriTech,Delhi,1985234,83977,No,Low,500000
2567,20,4,2,CleanTech,Hyderabad,1221305,1450753,Yes,High,5000000
2568,12,4,4,HealthTech,Hyderabad,478559,1609572,Yes,High,5000000
2569,2,9,6,E-Commerce,Delhi,1262880,587738,No,Low,500000
2570,2,4,7,AgriTech,Delhi,1780299,1293476,No,Low,500000
2571,10,9,4,E-Commerce,Chennai,221044,390525,Yes,High,5000000
2572,5,10,2,CleanTech,Pune,689875,357293,No,Low,500000
2573,12,15,10,FinTech,Mumbai,1358106,1673543,Yes,High,5000000
2574,20,4,6,FinTech,Hyderabad,1674190,1413877,No,Low,500000
2575,3,3,2,E-Commerce,Delhi,1241554,2126253,Yes,High,5000000
2576,12,6,8,AI,Bangalore,1378398,506117,No,Low,500000
2577,15,10,7,AgriTech,Hyderabad,1285179,1892473,Yes,High,5000000
2578,5,8,5,HealthTech,Delhi,685833,2329361,Yes,High,5000000
2579,11,7,7,HealthTech,Kolkata,916292,2477337,Yes,High,5000000
2580,11,1,10,CleanTech,Chennai,853929,571132,No,Low,500000
2581,9,2,7,AI,Bangalore,1212912,1266425,Yes,High,5000000
2582,15,9,6,FinTech,Delhi,988403,1947767,Yes,High,5000000
2583,14,10,9,E-Commerce,Pune,481374,927650,Yes,High,5000000
2584,15,10,4,E-Commerce,Kolkata,304827,2166742,Yes,High,5000000
2585,14,0,3,E-Commerce,Mumbai,1848763,2497950,Yes,High,5000000
2586,16,10,3,FinTech,Chennai,1116575,2100789,Yes,High,5000000
2587,7,8,5,HealthTech,Pune,448687,1744569,Yes,High,5000000
2588,15,3,1,HealthTech,Hyderabad,668277,2197376,Yes,High,5000000
2589,10,8,4,EdTech,Pune,1357677,1827888,Yes,High,5000000
2590,7,11,8,AgriTech,Chennai,1711962,2380831,Yes,High,5000000
2591,9,13,3,AgriTech,Chennai,1231013,768097,No,Low,500000
2592,13,13,1,EdTech,Kolkata,1469822,176080,No,Low,500000
2593,4,8,1,CleanTech,Chennai,1608830,1868248,Yes,High,5000000
2594,3,6,6,CleanTech,Bangalore,1104026,656183,No,Low,500000
2595,14,1,4,FinTech,Pune,163718,1324705,Yes,High,5000000
2596,8,2,5,AgriTech,Kolkata,1588809,1198865,No,Low,500000
2597,18,2,7,AI,Delhi,437639,1267645,Yes,High,5000000
2598,18,6,7,EdTech,Chennai,1689856,2255817,Yes,High,5000000
2599,20,1,1,AgriTech,Delhi,494829,1100471,Yes,High,5000000
2600,15,12,8,AgriTech,Kolkata,110578,1412636,Yes,High,5000000
2601,13,12,4,CleanTech,Delhi,1194069,1123276,No,Low,500000
2602,5,14,6,E-Commerce,Chennai,1188110,1274173,Yes,High,5000000
2603,6,6,10,FinTech,Hyderabad,1035650,286988,No,Low,500000
2604,19,1,5,EdTech,Pune,366560,2305245,Yes,High,5000000
2605,19,9,4,EdTech,Pune,697097,2225065,Yes,High,5000000
2606,14,5,2,AI,Mumbai,1512398,1592314,Yes,High,5000000
2607,13,7,6,HealthTech,Pune,585384,1655604,Yes,High,5000000
2608,11,15,5,EdTech,Bangalore,345267,1496334,Yes,High,5000000
2609,9,11,8,EdTech,Bangalore,408663,367870,No,Low,500000
2610,10,1,9,EdTech,Chennai,684826,2093260,Yes,High,5000000
2611,11,14,2,FinTech,Kolkata,1394075,1751667,Yes,High,5000000
2612,5,4,6,HealthTech,Mumbai,1159227,23744,No,Low,500000
2613,14,4,6,CleanTech,Kolkata,717921,1442660,Yes,High,5000000
2614,7,9,3,E-Commerce,Hyderabad,1109767,849970,No,Low,500000
2615,4,11,2,AgriTech,Chennai,1512656,1282293,No,Low,500000
2616,3,6,7,HealthTech,Kolkata,1390053,170273,No,Low,500000
2617,11,6,8,E-Commerce,Hyderabad,803745,440042,No,Low,500000
2618,3,15,9,HealthTech,Kolkata,128642,154618,Yes,High,5000000
2619,12,9,4,EdTech,Pune,1262350,2421009,Yes,High,5000000
2620,4,4,9,EdTech,Mumbai,1175124,350443,No,Low,500000
2621,18,0,3,FinTech,Pune,776161,2340867,Yes,High,5000000
2622,15,15,6,FinTech,Chennai,1506745,731527,No,Low,500000
2623,6,6,7,HealthTech,Pune,473854,2292788,Yes,High,5000000
2624,19,7,5,E-Commerce,Bangalore,1658756,122275,No,Low,500000
2625,16,11,7,E-Commerce,Delhi,1085085,1948353,Yes,High,5000000
2626,3,15,2,AgriTech,Pune,1035380,355256,No,Low,500000
2627,12,2,7,AgriTech,Chennai,1510390,1982368,Yes,High,5000000
2628,5,5,8,FinTech,Bangalore,1948026,501974,No,Low,500000
2629,8,10,5,AI,Pune,1618324,699972,No,Low,500000
2630,4,13,4,HealthTech,Pune,120800,192097,Yes,High,5000000
2631,14,14,9,EdTech,Hyderabad,714056,1691466,Yes,High,5000000
2632,8,12,8,E-Commerce,Delhi,484577,2265229,Yes,High,5000000
2633,17,2,10,E-Commerce,Pune,821241,180460,No,Low,500000
2634,9,4,10,FinTech,Chennai,1871817,926474,No,Low,500000
2635,20,11,2,E-Commerce,Mumbai,1472394,765087,No,Low,500000
2636,15,10,1,HealthTech,Mumbai,1579268,1713553,Yes,High,5000000
2637,15,9,4,EdTech,Pune,113237,56476,No,Low,500000
2638,7,7,6,FinTech,Pune,1916538,1554156,No,Low,500000
2639,10,2,8,EdTech,Chennai,1312816,564905,No,Low,500000
2640,4,14,7,CleanTech,Bangalore,1032985,2410305,Yes,High,5000000
2641,3,14,3,AI,Pune,1398567,1923781,Yes,High,5000000
2642,14,14,2,CleanTech,Chennai,1668142,256860,No,Low,500000
2643,15,13,9,FinTech,Chennai,1834716,2223856,Yes,High,5000000
2644,7,14,3,FinTech,Bangalore,673231,2262120,Yes,High,5000000
2645,16,8,4,AgriTech,Mumbai,640258,479101,No,Low,500000
2646,20,12,8,AgriTech,Mumbai,956445,296134,No,Low,500000
2647,8,1,2,E-Commerce,Chennai,757872,1858353,Yes,High,5000000
2648,13,11,2,FinTech,Mumbai,418509,735729,Yes,High,5000000
2649,19,10,8,HealthTech,Chennai,1880173,1427517,No,Low,500000
2650,16,8,7,HealthTech,Mumbai,1714492,723866,No,Low,500000
2651,7,15,6,FinTech,Bangalore,688399,1825312,Yes,High,5000000
2652,15,5,1,AgriTech,Pune,1354475,1041188,No,Low,500000
2653,2,15,4,FinTech,Mumbai,870466,567529,No,Low,500000
2654,13,5,3,EdTech,Bangalore,822814,688418,No,Low,500000
2655,16,6,9,AgriTech,Hyderabad,351738,2485836,Yes,High,5000000
2656,18,5,8,EdTech,Delhi,655882,349975,No,Low,500000
2657,20,2,8,CleanTech,Chennai,354101,1805993,Yes,High,5000000
2658,5,0,2,CleanTech,Chennai,1757303,1140769,No,Low,500000
2659,10,1,8,E-Commerce,Mumbai,1148593,525470,No,Low,500000
2660,5,8,1,FinTech,Hyderabad,1467521,419120,No,Low,500000
2661,7,2,9,E-Commerce,Mumbai,776205,845204,Yes,High,5000000
2662,16,4,8,E-Commerce,Pune,969103,1242472,Yes,High,5000000
2663,20,0,8,FinTech,Hyderabad,1355496,2360743,Yes,High,5000000
2664,3,14,5,FinTech,Mumbai,1021871,2057933,Yes,High,5000000
2665,6,15,3,HealthTech,Kolkata,107395,2395892,Yes,High,5000000
2666,18,13,8,HealthTech,Hyderabad,750414,1635365,Yes,High,5000000
2667,17,6,9,HealthTech,Hyderabad,1548566,1622711,Yes,High,5000000
2668,18,5,7,E-Commerce,Bangalore,1050137,299559,No,Low,500000
2669,5,8,3,EdTech,Bangalore,142398,1860805,Yes,High,5000000
2670,15,6,8,AgriTech,Pune,615562,2049941,Yes,High,5000000
2671,9,5,7,FinTech,Pune,370729,1688915,Yes,High,5000000
2672,18,14,6,CleanTech,Bangalore,1783028,1586192,No,Low,500000
2673,16,13,8,FinTech,Chennai,437470,176369,No,Low,500000
2674,4,13,4,EdTech,Chennai,1634743,833492,No,Low,500000
2675,15,10,1,CleanTech,Mumbai,263269,1416209,Yes,High,5000000
2676,15,3,3,CleanTech,Bangalore,1452522,96578,No,Low,500000
2677,17,6,3,AgriTech,Hyderabad,1514034,166757,No,Low,500000
2678,13,15,1,CleanTech,Kolkata,1469921,408361,No,Low,500000
2679,20,10,10,E-Commerce,Delhi,120138,1811361,Yes,High,5000000
2680,2,13,6,E-Commerce,Delhi,1562528,1547293,No,Low,500000
2681,7,5,5,HealthTech,Hyderabad,1523026,1204956,No,Low,500000
2682,18,10,6,FinTech,Kolkata,541350,1905626,Yes,High,5000000
2683,12,4,3,AgriTech,Delhi,884668,660891,No,Low,500000
2684,5,11,5,CleanTech,Bangalore,323844,1551719,Yes,High,5000000
2685,18,4,2,HealthTech,Pune,1920027,1175089,No,Low,500000
2686,11,8,3,AgriTech,Kolkata,1165184,401875,No,Low,500000
2687,18,9,1,CleanTech,Mumbai,603691,794530,Yes,High,5000000
2688,10,13,4,E-Commerce,Kolkata,289749,1549657,Yes,High,5000000
2689,9,14,5,HealthTech,Kolkata,300840,48598,No,Low,500000
2690,14,2,9,AgriTech,Kolkata,115161,2106624,Yes,High,5000000
2691,4,7,1,E-Commerce,Pune,917352,567036,No,Low,500000
2692,7,10,10,AgriTech,Delhi,871792,1774061,Yes,High,5000000
2693,20,14,3,E-Commerce,Delhi,1726297,2336337,Yes,High,5000000
2694,11,7,9,EdTech,Pune,1725054,2099146,Yes,High,5000000
2695,20,6,6,FinTech,Mumbai,1395695,1614983,Yes,High,5000000
2696,5,4,5,AgriTech,Kolkata,1864389,1947140,Yes,High,5000000
2697,20,12,5,AI,Delhi,1177926,1852879,Yes,High,5000000
2698,16,2,10,EdTech,Mumbai,690079,108420,No,Low,500000
2699,15,2,10,FinTech,Kolkata,184524,2495150,Yes,High,5000000
2700,5,7,6,HealthTech,Kolkata,1148137,458618,No,Low,500000
2701,15,7,9,AI,Pune,1816944,570584,No,Low,500000
2702,20,7,4,CleanTech,Hyderabad,552450,2293174,Yes,High,5000000
2703,15,8,2,CleanTech,Mumbai,673069,2422527,Yes,High,5000000
2704,5,7,3,HealthTech,Delhi,1714373,1925312,Yes,High,5000000
2705,2,8,3,FinTech,Pune,945613,1929144,Yes,High,5000000
2706,17,12,8,AI,Delhi,1485677,415350,No,Low,500000
2707,17,15,2,EdTech,Hyderabad,266292,1718302,Yes,High,5000000
2708,14,8,5,AI,Bangalore,1954205,1708359,No,Low,500000
2709,3,14,5,FinTech,Bangalore,516115,671547,Yes,High,5000000
2710,14,4,4,FinTech,Kolkata,1555881,1068853,No,Low,500000
2711,3,15,4,AgriTech,Delhi,1788637,1776424,No,Low,500000
2712,10,11,6,AgriTech,Bangalore,728285,1765374,Yes,High,5000000
2713,8,1,4,FinTech,Chennai,1494624,1094590,No,Low,500000
2714,9,10,1,EdTech,Mumbai,1562686,2241960,Yes,High,5000000
2715,16,3,9,CleanTech,Mumbai,1718763,2210322,Yes,High,5000000
2716,6,8,9,AgriTech,Delhi,838089,1408556,Yes,High,5000000
2717,11,4,8,EdTech,Bangalore,313156,1879939,Yes,High,5000000
2718,3,2,2,EdTech,Mumbai,1032870,1722657,Yes,High,5000000
2719,8,0,6,E-Commerce,Pune,1170800,95141,No,Low,500000
2720,16,13,9,EdTech,Delhi,1641763,81795,No,Low,500000
2721,11,3,10,FinTech,Hyderabad,1288389,1669347,Yes,High,5000000
2722,8,9,7,FinTech,Pune,767809,1971216,Yes,High,5000000
2723,2,11,9,EdTech,Kolkata,258372,823530,Yes,High,5000000
2724,7,7,3,AI,Bangalore,1750267,2438629,Yes,High,5000000
2725,5,5,2,EdTech,Delhi,1760993,819461,No,Low,500000
2726,12,13,3,CleanTech,Kolkata,914494,1069878,Yes,High,5000000
2727,5,11,3,CleanTech,Hyderabad,1633677,680727,No,Low,500000
2728,12,8,9,FinTech,Pune,1254474,1574592,Yes,High,5000000
2729,18,14,1,FinTech,Mumbai,1826556,2283410,Yes,High,5000000
2730,12,1,5,CleanTech,Bangalore,208347,647421,Yes,High,5000000
2731,9,4,7,CleanTech,Pune,1277534,1710985,Yes,High,5000000
2732,2,13,3,FinTech,Hyderabad,1471302,1142664,No,Low,500000
2733,6,14,9,AgriTech,Kolkata,1069541,558002,No,Low,500000
2734,7,1,2,CleanTech,Delhi,1835121,277392,No,Low,500000
2735,7,10,9,AgriTech,Mumbai,1010863,946583,No,Low,500000
2736,7,2,7,AgriTech,Bangalore,494293,280819,No,Low,500000
2737,18,1,2,HealthTech,Chennai,1228970,147914,No,Low,500000
2738,12,0,10,FinTech,Chennai,589309,2400825,Yes,High,5000000
2739,3,12,4,AI,Bangalore,1120511,2209748,Yes,High,5000000
2740,6,4,8,AgriTech,Mumbai,115667,2112279,Yes,High,5000000
2741,12,6,6,CleanTech,Mumbai,986686,968766,No,Low,500000
2742,8,1,9,FinTech,Pune,1935212,2136269,Yes,High,5000000
2743,11,0,9,HealthTech,Delhi,81537,80511,No,Low,500000
2744,15,0,10,EdTech,Mumbai,1449370,1415759,No,Low,500000
2745,6,4,7,CleanTech,Hyderabad,656863,1973675,Yes,High,5000000
2746,18,2,5,E-Commerce,Kolkata,1921660,622455,No,Low,500000
2747,19,12,3,EdTech,Mumbai,488789,1320139,Yes,High,5000000
2748,6,5,5,E-Commerce,Kolkata,1035211,1192027,Yes,High,5000000
2749,13,11,5,AgriTech,Pune,1022112,1095462,Yes,High,5000000
2750,12,14,2,AI,Bangalore,357700,2000843,Yes,High,5000000
2751,4,13,9,EdTech,Mumbai,1429646,1643986,Yes,High,5000000
2752,12,14,2,CleanTech,Delhi,831782,2366481,Yes,High,5000000
2753,14,9,8,FinTech,Bangalore,543559,987882,Yes,High,5000000
2754,7,6,5,E-Commerce,Mumbai,1529664,1824500,Yes,High,5000000
2755,6,14,2,HealthTech,Delhi,496919,726780,Yes,High,5000000
2756,7,5,2,AI,Delhi,219001,106230,No,Low,500000
2757,10,1,8,AgriTech,Hyderabad,977018,1196233,Yes,High,5000000
2758,6,7,6,CleanTech,Chennai,821314,1237350,Yes,High,5000000
2759,17,8,6,AgriTech,Kolkata,1281652,1993465,Yes,High,5000000
2760,17,14,6,AI,Bangalore,1178985,2304039,Yes,High,5000000
2761,6,10,10,AgriTech,Mumbai,54414,81347,Yes,High,5000000
2762,17,0,5,FinTech,Hyderabad,827351,1366360,Yes,High,5000000
2763,14,10,2,FinTech,Kolkata,1199728,540756,No,Low,500000
2764,19,8,10,HealthTech,Pune,1361193,1896078,Yes,High,5000000
2765,10,1,8,CleanTech,Kolkata,119094,1397009,Yes,High,5000000
2766,19,5,9,FinTech,Delhi,1641941,1463002,No,Low,500000
2767,5,2,6,AgriTech,Hyderabad,1097966,853683,No,Low,500000
2768,7,7,2,FinTech,Mumbai,61151,1837920,Yes,High,5000000
2769,3,9,4,AI,Bangalore,1307032,1755504,Yes,High,5000000
2770,19,9,4,AgriTech,Hyderabad,1885964,200881,No,Low,500000
2771,17,13,2,EdTech,Chennai,236126,2266822,Yes,High,5000000
2772,3,0,3,AgriTech,Delhi,1288862,1196408,No,Low,500000
2773,14,15,10,CleanTech,Pune,1287363,1398017,Yes,High,5000000
2774,15,2,3,AgriTech,Chennai,806913,1987212,Yes,High,5000000
2775,14,11,10,E-Commerce,Kolkata,1871611,339625,No,Low,500000
2776,13,8,5,AgriTech,Chennai,1991076,1159653,No,Low,500000
2777,11,5,8,EdTech,Mumbai,1586032,2169373,Yes,High,5000000
2778,20,9,4,AI,Kolkata,1296852,145191,No,Low,500000
2779,9,9,10,FinTech,Chennai,540509,1103709,Yes,High,5000000
2780,2,11,4,E-Commerce,Delhi,1769154,1923772,Yes,High,5000000
2781,7,7,10,CleanTech,Mumbai,354246,2138491,Yes,High,5000000
2782,14,8,7,CleanTech,Hyderabad,80679,2209121,Yes,High,5000000
2783,4,4,10,E-Commerce,Kolkata,652895,2077228,Yes,High,5000000
2784,14,5,6,HealthTech,Delhi,776842,1509850,Yes,High,5000000
2785,13,8,7,EdTech,Hyderabad,1484903,339202,No,Low,500000
2786,19,3,3,AgriTech,Chennai,1173735,1482123,Yes,High,5000000
2787,3,15,8,EdTech,Hyderabad,541848,1415292,Yes,High,5000000
2788,10,5,1,AI,Pune,1908299,2148871,Yes,High,5000000
2789,6,15,3,FinTech,Chennai,481729,1216683,Yes,High,5000000
2790,8,14,10,E-Commerce,Hyderabad,891851,2286623,Yes,High,5000000
2791,11,8,1,AI,Kolkata,152240,463383,Yes,High,5000000
2792,14,12,2,AgriTech,Bangalore,1789125,1687622,No,Low,500000
2793,9,10,3,CleanTech,Hyderabad,505507,2201726,Yes,High,5000000
2794,17,3,6,AI,Pune,1324523,979478,No,Low,500000
2795,16,3,5,AI,Chennai,183308,217625,Yes,High,5000000
2796,11,11,4,HealthTech,Chennai,1146435,1472806,Yes,High,5000000
2797,4,11,10,E-Commerce,Kolkata,524434,1467361,Yes,High,5000000
2798,15,12,10,AI,Hyderabad,1337187,1268364,No,Low,500000
2799,20,2,2,E-Commerce,Delhi,1607153,1798197,Yes,High,5000000
2800,16,1,5,CleanTech,Chennai,454334,571073,Yes,High,5000000
2801,9,4,7,AgriTech,Hyderabad,866177,183131,No,Low,500000
2802,16,5,10,AgriTech,Kolkata,1878445,384734,No,Low,500000
2803,7,2,7,EdTech,Pune,1118348,290749,No,Low,500000
2804,11,10,10,CleanTech,Bangalore,199093,2398171,Yes,High,5000000
2805,15,2,5,EdTech,Mumbai,1773559,424015,No,Low,500000
2806,4,9,5,CleanTech,Kolkata,319443,1539371,Yes,High,5000000
2807,17,9,5,AgriTech,Bangalore,138552,1229747,Yes,High,5000000
2808,17,6,7,EdTech,Mumbai,979123,1866272,Yes,High,5000000
2809,5,7,5,FinTech,Mumbai,1953321,663445,No,Low,500000
2810,15,7,9,AgriTech,Bangalore,840413,1277751,Yes,High,5000000
2811,3,1,2,EdTech,Kolkata,250487,685429,Yes,High,5000000
2812,10,1,8,CleanTech,Hyderabad,246068,2273516,Yes,High,5000000
2813,6,9,1,EdTech,Mumbai,1796925,1936981,Yes,High,5000000
2814,14,14,2,EdTech,Pune,1857332,188901,No,Low,500000
2815,6,13,9,EdTech,Mumbai,301488,1259634,Yes,High,5000000
2816,11,12,9,EdTech,Hyderabad,1231083,714988,No,Low,500000
2817,17,13,6,CleanTech,Mumbai,1913394,2357988,Yes,High,5000000
2818,20,6,4,CleanTech,Kolkata,299788,648910,Yes,High,5000000
2819,6,9,10,CleanTech,Mumbai,1620954,398418,No,Low,500000
2820,8,0,2,FinTech,Kolkata,1844779,769177,No,Low,500000
2821,17,7,4,CleanTech,Chennai,478297,2330444,Yes,High,5000000
2822,14,7,6,AgriTech,Bangalore,1821682,1910985,Yes,High,5000000
2823,7,9,7,FinTech,Pune,155088,183828,Yes,High,5000000
2824,11,7,1,AI,Kolkata,1946755,1870267,No,Low,500000
2825,3,10,3,EdTech,Kolkata,1771715,1750423,No,Low,500000
2826,20,9,9,HealthTech,Delhi,1629007,81896,No,Low,500000
2827,7,7,1,EdTech,Bangalore,895552,249597,No,Low,500000
2828,7,11,9,AI,Hyderabad,658568,1797404,Yes,High,5000000
2829,7,1,8,AI,Bangalore,331192,639448,Yes,High,5000000
2830,7,13,2,AgriTech,Kolkata,1687937,777474,No,Low,500000
2831,5,7,5,E-Commerce,Chennai,584091,1375333,Yes,High,5000000
2832,4,4,10,HealthTech,Kolkata,1628940,1170482,No,Low,500000
2833,11,1,1,E-Commerce,Mumbai,1517381,1618297,Yes,High,5000000
2834,15,15,7,EdTech,Delhi,660123,2299922,Yes,High,5000000
2835,15,6,8,EdTech,Chennai,810197,2284499,Yes,High,5000000
2836,20,10,4,FinTech,Hyderabad,1894840,708025,No,Low,500000
2837,18,15,10,CleanTech,Bangalore,1556048,133725,No,Low,500000
2838,11,3,8,AI,Bangalore,714971,620174,No,Low,500000
2839,10,4,1,FinTech,Kolkata,1467853,272325,No,Low,500000
2840,9,8,6,HealthTech,Chennai,1946184,844377,No,Low,500000
2841,5,1,5,AgriTech,Mumbai,1307738,904831,No,Low,500000
2842,4,12,3,E-Commerce,Hyderabad,810660,1323070,Yes,High,5000000
2843,4,6,8,FinTech,Mumbai,680140,1716497,Yes,High,5000000
2844,2,15,2,AI,Delhi,203819,2069076,Yes,High,5000000
2845,14,1,4,E-Commerce,Delhi,1954145,1140931,No,Low,500000
2846,14,6,10,FinTech,Delhi,915319,1547676,Yes,High,5000000
2847,2,9,10,E-Commerce,Kolkata,1034602,324787,No,Low,500000
2848,11,12,2,HealthTech,Bangalore,1337080,1993593,Yes,High,5000000
2849,8,15,3,HealthTech,Kolkata,1393084,1039972,No,Low,500000
2850,15,6,5,AgriTech,Pune,407563,1369838,Yes,High,5000000
2851,9,12,1,CleanTech,Pune,1138416,951106,No,Low,500000
2852,10,3,10,HealthTech,Delhi,1872532,1348842,No,Low,500000
2853,3,0,5,E-Commerce,Kolkata,1989457,2090983,Yes,High,5000000
2854,8,0,7,AgriTech,Bangalore,80058,151977,Yes,High,5000000
2855,10,11,10,AgriTech,Mumbai,1177012,1843419,Yes,High,5000000
2856,15,2,1,FinTech,Chennai,181697,407790,Yes,High,5000000
2857,4,7,1,HealthTech,Delhi,1559409,56727,No,Low,500000
2858,12,2,5,HealthTech,Pune,611885,1995626,Yes,High,5000000
2859,10,10,9,AI,Bangalore,1820968,82962,No,Low,500000
2860,18,15,5,AI,Bangalore,705581,1924227,Yes,High,5000000
2861,11,6,7,EdTech,Mumbai,1077058,77124,No,Low,500000
2862,4,8,5,FinTech,Chennai,394841,882391,Yes,High,5000000
2863,14,0,3,CleanTech,Mumbai,1880000,117630,No,Low,500000
2864,11,7,9,CleanTech,Pune,356561,1916022,Yes,High,5000000
2865,3,0,10,EdTech,Bangalore,1618180,2449396,Yes,High,5000000
2866,2,10,6,E-Commerce,Pune,139617,2152526,Yes,High,5000000
2867,16,12,3,AgriTech,Delhi,626871,2137677,Yes,High,5000000
2868,14,8,8,AgriTech,Pune,1091695,307626,No,Low,500000
2869,16,13,3,EdTech,Pune,1760061,2261304,Yes,High,5000000
2870,13,10,5,HealthTech,Pune,1340672,389193,No,Low,500000
2871,3,1,8,AI,Pune,1619650,1618521,No,Low,500000
2872,15,7,3,AI,Chennai,836679,1904595,Yes,High,5000000
2873,11,5,2,E-Commerce,Mumbai,1822075,1139148,No,Low,500000
2874,4,4,4,CleanTech,Delhi,333211,943631,Yes,High,5000000
2875,14,1,6,FinTech,Bangalore,943001,405158,No,Low,500000
2876,5,14,8,AI,Pune,1307596,857948,No,Low,500000
2877,8,3,7,HealthTech,Pune,1922384,52203,No,Low,500000
2878,18,1,3,E-Commerce,Chennai,933634,2475209,Yes,High,5000000
2879,18,3,8,EdTech,Hyderabad,1910698,1490285,No,Low,500000
2880,5,3,7,EdTech,Pune,724068,936983,Yes,High,5000000
2881,10,8,6,AgriTech,Delhi,373535,1782794,Yes,High,5000000
2882,19,15,10,FinTech,Pune,1287392,370941,No,Low,500000
2883,20,15,4,HealthTech,Bangalore,615523,780433,Yes,High,5000000
2884,3,6,5,CleanTech,Bangalore,1984512,2160603,Yes,High,5000000
2885,15,12,7,EdTech,Pune,1467719,127330,No,Low,500000
2886,10,5,1,AI,Chennai,1965011,671870,No,Low,500000
2887,11,14,5,HealthTech,Hyderabad,522795,2055025,Yes,High,5000000
2888,18,15,9,AgriTech,Pune,414484,2304350,Yes,High,5000000
2889,20,3,3,HealthTech,Bangalore,760593,437700,No,Low,500000
2890,2,0,2,CleanTech,Kolkata,1102069,1250985,Yes,High,5000000
2891,9,7,5,AI,Hyderabad,133153,1558473,Yes,High,5000000
2892,8,3,10,CleanTech,Hyderabad,1389411,2367241,Yes,High,5000000
2893,14,1,9,AgriTech,Mumbai,1481473,1425146,No,Low,500000
2894,11,12,6,EdTech,Kolkata,1209816,405110,No,Low,500000
2895,2,12,9,AI,Bangalore,1370936,470262,No,Low,500000
2896,13,2,1,FinTech,Bangalore,98414,1158044,Yes,High,5000000
2897,9,11,4,E-Commerce,Mumbai,1953606,2191909,Yes,High,5000000
2898,8,4,3,E-Commerce,Bangalore,947477,1488675,Yes,High,5000000
2899,13,4,9,EdTech,Chennai,1380982,1886489,Yes,High,5000000
2900,19,11,4,FinTech,Kolkata,878185,517508,No,Low,500000
2901,16,5,6,HealthTech,Kolkata,1503478,2471494,Yes,High,5000000
2902,16,10,9,FinTech,Mumbai,128792,2162462,Yes,High,5000000
2903,6,9,8,E-Commerce,Chennai,140182,1139566,Yes,High,5000000
2904,2,15,4,EdTech,Bangalore,1589237,722835,No,Low,500000
2905,2,12,7,EdTech,Kolkata,1343177,1254914,No,Low,500000
2906,20,6,5,EdTech,Hyderabad,1914016,303342,No,Low,500000
2907,8,1,10,CleanTech,Chennai,688433,1270218,Yes,High,5000000
2908,20,0,9,AgriTech,Pune,1113658,1232487,Yes,High,5000000
2909,7,12,8,AgriTech,Mumbai,1979334,2294894,Yes,High,5000000
2910,7,13,10,EdTech,Bangalore,1667640,696630,No,Low,500000
2911,5,6,10,CleanTech,Mumbai,760398,1374677,Yes,High,5000000
2912,13,6,1,EdTech,Delhi,145420,1823653,Yes,High,5000000
2913,2,1,8,AI,Hyderabad,1128582,969524,No,Low,500000
2914,19,14,1,AI,Hyderabad,1902290,768207,No,Low,500000
2915,7,9,3,E-Commerce,Pune,716150,1018111,Yes,High,5000000
2916,4,11,8,EdTech,Pune,1827774,1000271,No,Low,500000
2917,9,5,10,HealthTech,Delhi,1642940,748988,No,Low,500000
2918,14,8,9,AI,Bangalore,1427798,1962982,Yes,High,5000000
2919,20,15,5,EdTech,Kolkata,1817634,732166,No,Low,500000
2920,16,4,6,EdTech,Kolkata,1442331,444074,No,Low,500000
2921,17,5,6,AgriTech,Chennai,1230096,495993,No,Low,500000
2922,13,13,10,AI,Hyderabad,1530459,1536928,Yes,High,5000000
2923,11,6,1,CleanTech,Pune,313470,1478229,Yes,High,5000000
2924,18,10,6,EdTech,Bangalore,1197367,995639,No,Low,500000
2925,9,14,8,CleanTech,Bangalore,393342,2498040,Yes,High,5000000
2926,9,6,9,AgriTech,Bangalore,1911547,2493457,Yes,High,5000000
2927,11,6,7,FinTech,Hyderabad,1533234,2424350,Yes,High,5000000
2928,6,6,5,HealthTech,Mumbai,800633,1256327,Yes,High,5000000
2929,14,7,5,HealthTech,Mumbai,1025639,1247421,Yes,High,5000000
2930,4,11,7,CleanTech,Pune,73671,654998,Yes,High,5000000
2931,20,15,3,EdTech,Pune,406630,1065523,Yes,High,5000000
2932,14,9,1,EdTech,Bangalore,1726231,911239,No,Low,500000
2933,7,0,4,CleanTech,Mumbai,490454,254462,No,Low,500000
2934,12,13,9,FinTech,Kolkata,590379,411037,No,Low,500000
2935,19,13,4,EdTech,Mumbai,317936,793605,Yes,High,5000000
2936,5,12,5,AI,Pune,923689,1597384,Yes,High,5000000
2937,6,2,1,E-Commerce,Hyderabad,454355,902589,Yes,High,5000000
2938,20,8,9,E-Commerce,Chennai,1480548,500728,No,Low,500000
2939,18,3,6,AI,Chennai,631078,816111,Yes,High,5000000
2940,3,7,2,HealthTech,Chennai,228227,900137,Yes,High,5000000
2941,19,4,1,EdTech,Pune,353171,899054,Yes,High,5000000
2942,16,0,6,E-Commerce,Bangalore,766331,525620,No,Low,500000
2943,8,8,1,HealthTech,Hyderabad,629789,25559,No,Low,500000
2944,16,1,2,FinTech,Pune,968362,2347654,Yes,High,5000000
2945,11,7,3,CleanTech,Kolkata,458454,677795,Yes,High,5000000
2946,2,4,3,FinTech,Mumbai,1100723,870235,No,Low,500000
2947,13,14,4,AgriTech,Bangalore,1072065,1680036,Yes,High,5000000
2948,8,11,10,EdTech,Pune,1787745,1352202,No,Low,500000
2949,20,15,2,FinTech,Kolkata,51390,1352300,Yes,High,5000000
2950,10,9,3,FinTech,Delhi,131679,1739691,Yes,High,5000000
2951,2,14,2,CleanTech,Bangalore,1520734,494346,No,Low,500000
2952,12,14,4,AI,Bangalore,962624,1324663,Yes,High,5000000
2953,4,6,1,AgriTech,Hyderabad,622412,857895,Yes,High,5000000
2954,5,0,8,AgriTech,Mumbai,1255779,1096237,No,Low,500000
2955,14,12,4,AI,Bangalore,934102,906842,No,Low,500000
2956,4,3,2,AI,Hyderabad,327300,1463269,Yes,High,5000000
2957,4,3,1,CleanTech,Hyderabad,166590,525706,Yes,High,5000000
2958,11,11,5,HealthTech,Pune,1739103,2290282,Yes,High,5000000
2959,12,1,9,CleanTech,Pune,214042,2197364,Yes,High,5000000
2960,3,6,1,E-Commerce,Mumbai,439217,1683261,Yes,High,5000000
2961,20,8,4,AgriTech,Chennai,738313,1230760,Yes,High,5000000
2962,20,3,10,AI,Hyderabad,70213,552885,Yes,High,5000000
2963,19,7,1,AgriTech,Delhi,686973,1306319,Yes,High,5000000
2964,11,5,2,EdTech,Bangalore,1123036,925702,No,Low,500000
2965,17,8,5,EdTech,Bangalore,866336,908153,Yes,High,5000000
2966,16,13,5,E-Commerce,Delhi,451179,258147,No,Low,500000
2967,14,5,8,E-Commerce,Bangalore,1802031,1126819,No,Low,500000
2968,16,2,7,FinTech,Chennai,1136802,2292133,Yes,High,5000000
2969,16,12,2,EdTech,Bangalore,1837324,433937,No,Low,500000
2970,13,13,2,CleanTech,Chennai,965450,1103203,Yes,High,5000000
2971,8,13,3,FinTech,Kolkata,1159535,1065266,No,Low,500000
2972,18,10,10,EdTech,Mumbai,1409274,2037972,Yes,High,5000000
2973,11,10,1,AgriTech,Bangalore,1366236,189248,No,Low,500000
2974,12,0,5,FinTech,Mumbai,1716944,1085403,No,Low,500000
2975,4,11,8,HealthTech,Kolkata,437122,53792,No,Low,500000
2976,7,8,3,CleanTech,Mumbai,820432,151049,No,Low,500000
2977,16,1,4,CleanTech,Pune,301600,1329325,Yes,High,5000000
2978,10,15,1,EdTech,Pune,779015,110830,No,Low,500000
2979,11,3,1,AI,Chennai,1412853,1691675,Yes,High,5000000
2980,18,6,5,AgriTech,Chennai,1504367,651651,No,Low,500000
2981,8,14,4,FinTech,Delhi,951923,1139552,Yes,High,5000000
2982,16,5,10,AgriTech,Mumbai,393444,1352596,Yes,High,5000000
2983,17,4,6,FinTech,Hyderabad,1235454,483417,No,Low,500000
2984,7,1,10,CleanTech,Bangalore,1452785,901550,No,Low,500000
2985,5,13,6,CleanTech,Mumbai,982181,2234641,Yes,High,5000000
2986,8,14,5,E-Commerce,Kolkata,202730,827542,Yes,High,5000000
2987,18,7,9,FinTech,Pune,1953167,113340,No,Low,500000
2988,18,0,9,FinTech,Delhi,1141416,107759,No,Low,500000
2989,15,2,4,AgriTech,Delhi,1083213,805434,No,Low,500000
2990,18,4,5,AI,Delhi,1368753,901443,No,Low,500000
2991,19,4,2,E-Commerce,Pune,1038146,347331,No,Low,500000
2992,3,3,2,CleanTech,Bangalore,1443804,135620,No,Low,500000
2993,10,6,8,AgriTech,Chennai,984042,626760,No,Low,500000
2994,9,11,2,AgriTech,Mumbai,510640,892141,Yes,High,5000000
2995,11,12,3,CleanTech,Kolkata,532246,568262,Yes,High,5000000
2996,11,9,1,AI,Pune,917997,449360,No,Low,500000
2997,20,1,7,E-Commerce,Bangalore,1789021,2172851,Yes,High,5000000
2998,10,11,1,HealthTech,Hyderabad,1634692,2482574,Yes,High,5000000
2999,15,11,4,EdTech,Kolkata,282676,1611225,Yes,High,5000000
3000,10,8,1,AI,Chennai,1389953,721888,No,Low,500000
3001,14,1,7,HealthTech,Kolkata,245385,405988,Yes,High,5000000
3002,4,10,4,EdTech,Hyderabad,1255227,1631265,Yes,High,5000000
3003,11,2,8,E-Commerce,Chennai,1273209,1047347,No,Low,500000
3004,12,14,10,FinTech,Hyderabad,156618,2193388,Yes,High,5000000
3005,11,14,1,FinTech,Chennai,1593330,1317258,No,Low,500000
3006,6,10,3,E-Commerce,Delhi,1506430,692899,No,Low,500000
3007,10,15,5,E-Commerce,Hyderabad,831496,701274,No,Low,500000
3008,9,3,3,HealthTech,Kolkata,1039362,1317948,Yes,High,5000000
3009,10,0,6,HealthTech,Pune,1578982,2287300,Yes,High,5000000
3010,5,2,6,AI,Bangalore,670019,719755,Yes,High,5000000
3011,5,6,1,EdTech,Chennai,1542661,866664,No,Low,500000
3012,5,5,8,EdTech,Delhi,1055165,1794228,Yes,High,5000000
3013,17,15,8,E-Commerce,Pune,718768,1113953,Yes,High,5000000
3014,20,8,1,CleanTech,Kolkata,508733,1479912,Yes,High,5000000
3015,17,14,7,CleanTech,Chennai,1669323,1071032,No,Low,500000
3016,4,3,2,FinTech,Mumbai,481565,1190888,Yes,High,5000000
3017,7,3,2,EdTech,Hyderabad,1919726,2008944,Yes,High,5000000
3018,4,11,2,AgriTech,Pune,75187,1988201,Yes,High,5000000
3019,13,4,3,CleanTech,Hyderabad,923929,2221114,Yes,High,5000000
3020,14,3,10,FinTech,Hyderabad,69107,351878,Yes,High,5000000
3021,3,10,4,EdTech,Pune,1255025,1227240,No,Low,500000
3022,14,9,10,CleanTech,Chennai,1156294,2030221,Yes,High,5000000
3023,14,15,3,CleanTech,Pune,1546270,167872,No,Low,500000
3024,16,1,6,E-Commerce,Pune,460689,1720076,Yes,High,5000000
3025,14,3,6,EdTech,Bangalore,148820,2168847,Yes,High,5000000
3026,11,2,8,FinTech,Hyderabad,289873,1173825,Yes,High,5000000
3027,10,4,1,AgriTech,Chennai,1308224,2394998,Yes,High,5000000
3028,8,1,9,CleanTech,Pune,1399071,39825,No,Low,500000
3029,17,12,9,AI,Pune,890285,1118058,Yes,High,5000000
3030,12,13,8,AgriTech,Kolkata,1889634,2036356,Yes,High,5000000
3031,14,9,5,AI,Kolkata,1125221,2034335,Yes,High,5000000
3032,10,10,7,FinTech,Hyderabad,1515499,1380148,No,Low,500000
3033,20,8,6,AI,Pune,1735439,633355,No,Low,500000
3034,7,2,5,EdTech,Kolkata,1859126,1619129,No,Low,500000
3035,7,15,6,AI,Bangalore,555034,2259418,Yes,High,5000000
3036,9,12,3,AgriTech,Delhi,1008841,38297,No,Low,500000
3037,4,5,1,HealthTech,Chennai,1891439,313167,No,Low,500000
3038,6,7,4,FinTech,Mumbai,1657858,625732,No,Low,500000
3039,12,6,1,AgriTech,Mumbai,1693185,458640,No,Low,500000
3040,17,5,10,HealthTech,Chennai,1085568,907228,No,Low,500000
3041,5,4,2,AI,Chennai,83779,437816,Yes,High,5000000
3042,12,2,2,FinTech,Pune,994605,744976,No,Low,500000
3043,10,13,1,FinTech,Hyderabad,1198433,845049,No,Low,500000
3044,19,1,3,AI,Bangalore,1060487,1148423,Yes,High,5000000
3045,5,9,1,CleanTech,Chennai,1569391,2096269,Yes,High,5000000
3046,13,2,8,HealthTech,Delhi,326323,34701,No,Low,500000
3047,14,13,10,CleanTech,Kolkata,636201,287788,No,Low,500000
3048,5,14,8,CleanTech,Mumbai,1491236,2449842,Yes,High,5000000
3049,2,9,8,EdTech,Delhi,1269103,2103622,Yes,High,5000000
3050,3,6,8,EdTech,Delhi,1089197,560408,No,Low,500000
3051,17,9,3,HealthTech,Bangalore,244329,1794222,Yes,High,5000000
3052,18,12,7,AI,Pune,1647139,211173,No,Low,500000
3053,16,3,5,EdTech,Hyderabad,1971037,359192,No,Low,500000
3054,9,15,2,AgriTech,Mumbai,477576,1998136,Yes,High,5000000
3055,9,5,7,CleanTech,Pune,275358,1436753,Yes,High,5000000
3056,5,13,4,AgriTech,Pune,818346,1539513,Yes,High,5000000
3057,20,12,4,CleanTech,Chennai,1434375,593043,No,Low,500000
3058,12,7,8,EdTech,Bangalore,183339,157886,No,Low,500000
3059,6,7,4,HealthTech,Pune,952223,1251798,Yes,High,5000000
3060,8,2,2,AgriTech,Kolkata,1675179,567421,No,Low,500000
3061,16,7,1,EdTech,Bangalore,1516233,982201,No,Low,500000
3062,20,12,4,FinTech,Hyderabad,898111,65895,No,Low,500000
3063,16,15,3,AI,Kolkata,208874,2394095,Yes,High,5000000
3064,11,12,9,EdTech,Kolkata,1782992,2048037,Yes,High,5000000
3065,15,11,4,FinTech,Kolkata,1664623,2217144,Yes,High,5000000
3066,8,10,1,E-Commerce,Bangalore,1389412,2322909,Yes,High,5000000
3067,12,9,6,HealthTech,Hyderabad,1479052,1006797,No,Low,500000
3068,5,10,8,FinTech,Mumbai,1348203,1939300,Yes,High,5000000
3069,19,0,3,E-Commerce,Chennai,1801509,2238835,Yes,High,5000000
3070,12,8,9,AgriTech,Pune,1664536,667577,No,Low,500000
3071,3,3,10,AI,Mumbai,1651160,2159423,Yes,High,5000000
3072,10,5,6,AgriTech,Chennai,456613,884624,Yes,High,5000000
3073,10,3,10,FinTech,Hyderabad,1329916,1710139,Yes,High,5000000
3074,6,2,4,HealthTech,Kolkata,1230676,2286440,Yes,High,5000000
3075,20,4,5,EdTech,Pune,964420,1202999,Yes,High,5000000
3076,7,0,3,FinTech,Delhi,1785879,1751566,No,Low,500000
3077,14,1,3,AgriTech,Kolkata,1425642,2008928,Yes,High,5000000
3078,20,2,5,HealthTech,Kolkata,446550,1928444,Yes,High,5000000
3079,12,2,4,CleanTech,Bangalore,1310409,1862045,Yes,High,5000000
3080,3,1,4,AI,Chennai,1804606,801190,No,Low,500000
3081,13,3,8,EdTech,Chennai,711110,727506,Yes,High,5000000
3082,8,1,7,AI,Bangalore,1588295,380125,No,Low,500000
3083,12,7,4,E-Commerce,Mumbai,127824,1192905,Yes,High,5000000
3084,9,6,5,AI,Bangalore,381933,1312710,Yes,High,5000000
3085,12,3,8,E-Commerce,Mumbai,1273597,51847,No,Low,500000
3086,7,9,2,E-Commerce,Bangalore,350413,141794,No,Low,500000
3087,10,4,6,AgriTech,Chennai,1645352,2099871,Yes,High,5000000
3088,15,0,2,AgriTech,Bangalore,1368269,824744,No,Low,500000
3089,5,1,7,CleanTech,Hyderabad,460594,356928,No,Low,500000
3090,17,11,10,E-Commerce,Chennai,674226,1413021,Yes,High,5000000
3091,12,11,9,AI,Bangalore,995615,1436199,Yes,High,5000000
3092,5,13,9,AgriTech,Pune,998522,263204,No,Low,500000
3093,3,15,4,FinTech,Hyderabad,1932524,1977400,Yes,High,5000000
3094,7,3,4,FinTech,Mumbai,591249,2106005,Yes,High,5000000
3095,14,11,10,E-Commerce,Delhi,1873519,1396973,No,Low,500000
3096,15,8,3,AI,Bangalore,1270569,446566,No,Low,500000
3097,7,14,5,AI,Hyderabad,520373,1913316,Yes,High,5000000
3098,9,2,1,AgriTech,Bangalore,846687,1377830,Yes,High,5000000
3099,19,15,6,FinTech,Kolkata,889482,2461257,Yes,High,5000000
3100,7,15,3,CleanTech,Chennai,1583591,891112,No,Low,500000
3101,14,14,4,AI,Bangalore,1602595,796207,No,Low,500000
3102,20,8,5,E-Commerce,Bangalore,1366180,2286937,Yes,High,5000000
3103,7,15,9,FinTech,Hyderabad,734321,531425,No,Low,500000
3104,12,7,9,E-Commerce,Bangalore,1916128,2338021,Yes,High,5000000
3105,15,13,8,AgriTech,Delhi,999657,953507,No,Low,500000
3106,18,8,8,EdTech,Hyderabad,259720,178544,No,Low,500000
3107,5,2,2,E-Commerce,Bangalore,946602,2310588,Yes,High,5000000
3108,20,11,8,AgriTech,Mumbai,398999,2292689,Yes,High,5000000
3109,15,13,1,CleanTech,Mumbai,597526,685939,Yes,High,5000000
3110,14,9,9,AI,Kolkata,453449,1585903,Yes,High,5000000
3111,6,6,7,CleanTech,Mumbai,115948,2368533,Yes,High,5000000
3112,15,3,10,AI,Bangalore,1873663,2152296,Yes,High,5000000
3113,3,1,1,E-Commerce,Bangalore,894180,1038386,Yes,High,5000000
3114,13,4,6,AI,Kolkata,238618,241455,Yes,High,5000000
3115,17,3,10,FinTech,Kolkata,995117,940832,No,Low,500000
3116,17,6,9,FinTech,Pune,867791,1574636,Yes,High,5000000
3117,19,1,7,E-Commerce,Pune,1122939,1403103,Yes,High,5000000
3118,4,10,2,EdTech,Pune,80656,1320536,Yes,High,5000000
3119,4,14,9,CleanTech,Hyderabad,856715,484089,No,Low,500000
3120,15,14,8,CleanTech,Kolkata,250333,479593,Yes,High,5000000
3121,7,8,4,CleanTech,Pune,1511169,724077,No,Low,500000
3122,15,11,2,HealthTech,Pune,1454431,499768,No,Low,500000
3123,2,1,5,FinTech,Delhi,532211,189034,No,Low,500000
3124,5,10,9,CleanTech,Pune,107333,1446968,Yes,High,5000000
3125,6,12,8,EdTech,Pune,1335970,1384826,Yes,High,5000000
3126,13,7,7,EdTech,Chennai,1502823,2293693,Yes,High,5000000
3127,12,6,10,AI,Bangalore,1277769,614053,No,Low,500000
3128,14,9,9,HealthTech,Chennai,1511450,718543,No,Low,500000
3129,11,8,7,FinTech,Delhi,403293,2494353,Yes,High,5000000
3130,14,8,6,HealthTech,Delhi,270196,182679,No,Low,500000
3131,13,2,9,HealthTech,Chennai,1212590,1846782,Yes,High,5000000
3132,20,4,1,HealthTech,Pune,926087,2465731,Yes,High,5000000
3133,4,2,3,E-Commerce,Bangalore,1102426,345937,No,Low,500000
3134,18,11,8,E-Commerce,Bangalore,713493,543150,No,Low,500000
3135,12,6,2,AI,Bangalore,1939895,2410782,Yes,High,5000000
3136,20,0,3,FinTech,Chennai,1085718,812616,No,Low,500000
3137,2,8,5,E-Commerce,Kolkata,1704161,1598522,No,Low,500000
3138,8,4,10,CleanTech,Kolkata,149321,1024392,Yes,High,5000000
3139,4,4,2,AI,Mumbai,169573,34120,No,Low,500000
3140,2,13,9,CleanTech,Delhi,1655274,174686,No,Low,500000
3141,18,10,1,E-Commerce,Mumbai,622483,506681,No,Low,500000
3142,13,0,2,FinTech,Mumbai,953794,810293,No,Low,500000
3143,3,8,4,HealthTech,Delhi,1611590,1810550,Yes,High,5000000
3144,18,4,8,AI,Pune,1227696,2281607,Yes,High,5000000
3145,8,13,8,AgriTech,Kolkata,1579298,1236436,No,Low,500000
3146,10,12,7,EdTech,Kolkata,218356,1732624,Yes,High,5000000
3147,2,6,1,HealthTech,Hyderabad,828190,198289,No,Low,500000
3148,17,13,2,CleanTech,Kolkata,992361,1292321,Yes,High,5000000
3149,10,14,8,CleanTech,Delhi,1531110,2248490,Yes,High,5000000
3150,16,4,8,E-Commerce,Chennai,1236424,1147245,No,Low,500000
3151,8,10,7,HealthTech,Mumbai,1125039,1711358,Yes,High,5000000
3152,13,2,8,AI,Chennai,1502997,1200990,No,Low,500000
3153,7,15,5,FinTech,Hyderabad,862563,1791031,Yes,High,5000000
3154,7,5,6,E-Commerce,Chennai,1905691,743356,No,Low,500000
3155,18,1,1,HealthTech,Kolkata,780886,2031849,Yes,High,5000000
3156,12,12,5,E-Commerce,Pune,1519946,333997,No,Low,500000
3157,15,7,6,AI,Chennai,1332153,1536737,Yes,High,5000000
3158,20,12,2,FinTech,Bangalore,284579,2442941,Yes,High,5000000
3159,4,1,4,CleanTech,Kolkata,629452,1012217,Yes,High,5000000
3160,13,7,6,HealthTech,Chennai,1343648,463809,No,Low,500000
3161,12,13,2,E-Commerce,Pune,590044,1731017,Yes,High,5000000
3162,9,9,8,CleanTech,Kolkata,1645324,164084,No,Low,500000
3163,20,0,8,E-Commerce,Mumbai,1172918,791401,No,Low,500000
3164,11,2,9,AgriTech,Hyderabad,141305,1841617,Yes,High,5000000
3165,17,14,5,FinTech,Hyderabad,812297,745025,No,Low,500000
3166,4,15,5,FinTech,Delhi,230533,247541,Yes,High,5000000
3167,12,10,8,FinTech,Mumbai,1699496,928265,No,Low,500000
3168,7,8,6,EdTech,Chennai,1944783,1872706,No,Low,500000
3169,10,4,6,E-Commerce,Kolkata,897976,318996,No,Low,500000
3170,10,1,10,AI,Pune,418619,1364198,Yes,High,5000000
3171,15,8,6,FinTech,Delhi,1546135,2330997,Yes,High,5000000
3172,15,0,3,EdTech,Delhi,670095,1172370,Yes,High,5000000
3173,10,1,1,E-Commerce,Mumbai,426752,695849,Yes,High,5000000
3174,10,1,7,FinTech,Mumbai,1870551,607156,No,Low,500000
3175,10,13,5,EdTech,Delhi,1479577,338375,No,Low,500000
3176,8,4,1,FinTech,Pune,583339,1451849,Yes,High,5000000
3177,19,8,7,EdTech,Hyderabad,1765272,1117237,No,Low,500000
3178,13,0,8,CleanTech,Mumbai,1867120,2389956,Yes,High,5000000
3179,12,14,2,AI,Pune,827418,381808,No,Low,500000
3180,15,10,2,AgriTech,Chennai,376510,1614751,Yes,High,5000000
3181,16,0,8,AI,Delhi,733098,352119,No,Low,500000
3182,12,11,3,EdTech,Pune,783389,1794780,Yes,High,5000000
3183,3,2,8,CleanTech,Hyderabad,797559,386167,No,Low,500000
3184,3,6,2,EdTech,Mumbai,1676669,2420682,Yes,High,5000000
3185,5,12,1,AI,Hyderabad,1059514,156519,No,Low,500000
3186,13,10,9,FinTech,Pune,1285070,1759712,Yes,High,5000000
3187,20,11,10,E-Commerce,Kolkata,75691,2200819,Yes,High,5000000
3188,15,7,10,HealthTech,Hyderabad,1216381,2348922,Yes,High,5000000
3189,14,6,7,HealthTech,Pune,110943,2145540,Yes,High,5000000
3190,6,11,2,HealthTech,Pune,400461,496479,Yes,High,5000000
3191,15,5,9,EdTech,Hyderabad,1228198,1031247,No,Low,500000
3192,11,14,1,EdTech,Hyderabad,1749663,1560580,No,Low,500000
3193,5,2,1,HealthTech,Mumbai,1742988,1460821,No,Low,500000
3194,3,9,10,E-Commerce,Mumbai,1049516,481265,No,Low,500000
3195,9,3,1,FinTech,Bangalore,1247893,1338974,Yes,High,5000000
3196,8,15,1,E-Commerce,Bangalore,1335513,799513,No,Low,500000
3197,20,2,9,HealthTech,Bangalore,271485,89811,No,Low,500000
3198,8,7,10,AI,Bangalore,1164821,1185572,Yes,High,5000000
3199,20,4,5,FinTech,Mumbai,1324460,1480145,Yes,High,5000000
3200,20,8,8,FinTech,Pune,1619370,1812617,Yes,High,5000000
3201,15,11,5,FinTech,Bangalore,1990506,309359,No,Low,500000
3202,9,1,4,FinTech,Bangalore,389158,2102135,Yes,High,5000000
3203,3,14,6,CleanTech,Bangalore,1580073,148239,No,Low,500000
3204,19,13,5,AgriTech,Bangalore,486482,2392167,Yes,High,5000000
3205,8,15,4,CleanTech,Bangalore,632207,1767006,Yes,High,5000000
3206,7,1,1,AgriTech,Hyderabad,598098,1937506,Yes,High,5000000
3207,20,4,7,AgriTech,Kolkata,226960,100107,No,Low,500000
3208,10,11,10,E-Commerce,Pune,1562607,1505795,No,Low,500000
3209,11,6,6,AI,Hyderabad,811233,1618297,Yes,High,5000000
3210,20,0,4,FinTech,Mumbai,1387752,2477609,Yes,High,5000000
3211,20,2,9,E-Commerce,Pune,1564070,1055278,No,Low,500000
3212,20,7,10,HealthTech,Mumbai,488440,2320629,Yes,High,5000000
3213,9,14,4,FinTech,Kolkata,334376,2253049,Yes,High,5000000
3214,5,0,3,FinTech,Kolkata,1286695,1792071,Yes,High,5000000
3215,19,7,6,E-Commerce,Pune,1678018,1622084,No,Low,500000
3216,5,13,1,AI,Kolkata,1236736,700834,No,Low,500000
3217,8,10,5,CleanTech,Kolkata,355811,1499588,Yes,High,5000000
3218,12,8,3,EdTech,Delhi,1559945,491020,No,Low,500000
3219,16,6,3,FinTech,Bangalore,345071,2182146,Yes,High,5000000
3220,14,2,6,AgriTech,Kolkata,1421917,1722940,Yes,High,5000000
3221,15,8,6,FinTech,Delhi,228644,2465298,Yes,High,5000000
3222,20,2,2,CleanTech,Hyderabad,1042526,1325897,Yes,High,5000000
3223,13,1,2,HealthTech,Mumbai,1858284,524280,No,Low,500000
3224,18,0,9,E-Commerce,Kolkata,160899,957482,Yes,High,5000000
3225,10,4,10,CleanTech,Hyderabad,1495584,1082520,No,Low,500000
3226,10,3,10,E-Commerce,Delhi,1155193,1716697,Yes,High,5000000
3227,9,4,2,FinTech,Hyderabad,697074,1356510,Yes,High,5000000
3228,18,9,9,HealthTech,Hyderabad,1601271,112961,No,Low,500000
3229,3,8,6,AgriTech,Pune,1127795,1055706,No,Low,500000
3230,17,5,3,HealthTech,Delhi,842092,181042,No,Low,500000
3231,3,7,4,FinTech,Mumbai,1120401,1691959,Yes,High,5000000
3232,19,2,4,E-Commerce,Pune,614085,1622812,Yes,High,5000000
3233,10,13,2,EdTech,Pune,1038531,1461706,Yes,High,5000000
3234,17,3,2,AI,Chennai,1563125,627201,No,Low,500000
3235,11,7,1,FinTech,Kolkata,152815,2200249,Yes,High,5000000
3236,8,0,3,HealthTech,Pune,244429,100255,No,Low,500000
3237,7,2,10,AI,Delhi,1558645,1481646,No,Low,500000
3238,18,13,5,AgriTech,Mumbai,1303173,545417,No,Low,500000
3239,3,0,5,FinTech,Delhi,832046,120162,No,Low,500000
3240,14,6,6,AgriTech,Mumbai,186071,1972002,Yes,High,5000000
3241,10,2,7,EdTech,Delhi,1236655,2475719,Yes,High,5000000
3242,7,6,2,CleanTech,Chennai,86086,1566876,Yes,High,5000000
3243,3,8,1,FinTech,Pune,1691669,1302166,No,Low,500000
3244,13,13,2,EdTech,Delhi,1358065,1877025,Yes,High,5000000
3245,9,9,6,AI,Pune,1294235,634368,No,Low,500000
3246,20,3,9,AgriTech,Hyderabad,540154,465988,No,Low,500000
3247,7,4,4,CleanTech,Kolkata,342366,1499541,Yes,High,5000000
3248,9,13,9,AI,Kolkata,1573979,820161,No,Low,500000
3249,12,12,4,HealthTech,Chennai,382250,1452738,Yes,High,5000000
3250,5,3,4,FinTech,Pune,877309,1034949,Yes,High,5000000
3251,12,12,6,FinTech,Delhi,1149528,851638,No,Low,500000
3252,5,12,6,AI,Hyderabad,242412,1596134,Yes,High,5000000
3253,19,4,3,CleanTech,Kolkata,379140,1859376,Yes,High,5000000
3254,8,11,7,CleanTech,Bangalore,1865255,1286352,No,Low,500000
3255,19,6,8,AgriTech,Chennai,665264,1999573,Yes,High,5000000
3256,5,9,4,CleanTech,Hyderabad,920467,742574,No,Low,500000
3257,19,11,3,CleanTech,Delhi,1933932,2496086,Yes,High,5000000
3258,2,0,1,CleanTech,Delhi,923321,1163466,Yes,High,5000000
3259,18,2,5,HealthTech,Pune,457108,1707009,Yes,High,5000000
3260,14,15,8,HealthTech,Hyderabad,1789851,732663,No,Low,500000
3261,12,4,5,CleanTech,Bangalore,1786164,1731065,No,Low,500000
3262,4,3,1,EdTech,Delhi,285628,1949196,Yes,High,5000000
3263,15,2,9,EdTech,Mumbai,454084,706909,Yes,High,5000000
3264,14,0,3,HealthTech,Chennai,1260427,760801,No,Low,500000
3265,10,14,1,FinTech,Kolkata,1606615,2360746,Yes,High,5000000
3266,14,13,3,E-Commerce,Delhi,1560572,70572,No,Low,500000
3267,9,5,5,AgriTech,Chennai,1177919,111858,No,Low,500000
3268,14,14,9,HealthTech,Hyderabad,1644720,872417,No,Low,500000
3269,14,1,1,AgriTech,Kolkata,280034,2348412,Yes,High,5000000
3270,15,5,5,AgriTech,Kolkata,1379955,50532,No,Low,500000
3271,13,9,6,EdTech,Mumbai,1163317,806591,No,Low,500000
3272,4,11,10,EdTech,Chennai,897144,452575,No,Low,500000
3273,10,12,1,HealthTech,Bangalore,1490351,806320,No,Low,500000
3274,8,8,2,AI,Delhi,1715001,426096,No,Low,500000
3275,7,10,8,HealthTech,Mumbai,713525,2331065,Yes,High,5000000
3276,17,9,8,EdTech,Delhi,317201,134357,No,Low,500000
3277,15,8,10,E-Commerce,Mumbai,696570,1810301,Yes,High,5000000
3278,16,9,3,AgriTech,Delhi,1789638,990326,No,Low,500000
3279,20,12,3,AI,Pune,115805,43268,No,Low,500000
3280,13,0,2,AI,Bangalore,1690170,1877845,Yes,High,5000000
3281,3,2,5,EdTech,Hyderabad,944029,1504062,Yes,High,5000000
3282,11,10,5,E-Commerce,Chennai,182584,2063413,Yes,High,5000000
3283,12,15,10,CleanTech,Mumbai,972217,2407688,Yes,High,5000000
3284,5,9,5,EdTech,Pune,1826153,1146327,No,Low,500000
3285,2,3,7,EdTech,Pune,1533321,1239956,No,Low,500000
3286,10,1,5,CleanTech,Kolkata,1886347,1845649,No,Low,500000
3287,5,2,10,CleanTech,Hyderabad,1565404,1504295,No,Low,500000
3288,15,3,8,EdTech,Bangalore,1536696,2388528,Yes,High,5000000
3289,18,0,9,E-Commerce,Bangalore,342566,1912680,Yes,High,5000000
3290,3,1,9,AI,Pune,1803200,2450263,Yes,High,5000000
3291,17,12,10,FinTech,Chennai,757197,377134,No,Low,500000
3292,4,12,4,CleanTech,Delhi,867322,1692492,Yes,High,5000000
3293,13,13,4,HealthTech,Mumbai,80973,1275618,Yes,High,5000000
3294,5,13,4,CleanTech,Pune,1584578,203794,No,Low,500000
3295,13,13,8,AI,Bangalore,161815,1575250,Yes,High,5000000
3296,14,8,5,E-Commerce,Chennai,475535,1360670,Yes,High,5000000
3297,20,6,5,E-Commerce,Delhi,757950,489261,No,Low,500000
3298,20,3,5,AgriTech,Pune,1366784,498904,No,Low,500000
3299,10,13,10,AgriTech,Hyderabad,143225,2030252,Yes,High,5000000
3300,13,12,10,HealthTech,Hyderabad,1140578,265398,No,Low,500000
3301,11,10,5,E-Commerce,Chennai,1416784,1867813,Yes,High,5000000
3302,2,7,3,AgriTech,Kolkata,192648,450691,Yes,High,5000000
3303,7,15,4,CleanTech,Mumbai,1805372,273316,No,Low,500000
3304,10,3,8,CleanTech,Hyderabad,1450624,1724275,Yes,High,5000000
3305,10,11,9,FinTech,Hyderabad,853729,1541120,Yes,High,5000000
3306,15,8,4,AI,Mumbai,1649375,2057771,Yes,High,5000000
3307,15,15,8,AI,Pune,527197,262805,No,Low,500000
3308,19,9,4,HealthTech,Bangalore,1868920,592473,No,Low,500000
3309,16,13,2,EdTech,Mumbai,937910,1355884,Yes,High,5000000
3310,7,7,4,CleanTech,Hyderabad,193519,1322670,Yes,High,5000000
3311,9,15,2,E-Commerce,Delhi,397287,2014859,Yes,High,5000000
3312,19,9,6,AgriTech,Pune,729638,1262540,Yes,High,5000000
3313,16,5,4,HealthTech,Chennai,1653918,391188,No,Low,500000
3314,2,15,10,EdTech,Hyderabad,1482677,1351969,No,Low,500000
3315,9,12,9,HealthTech,Mumbai,674047,673169,No,Low,500000
3316,2,2,8,FinTech,Kolkata,1689189,1012240,No,Low,500000
3317,3,13,6,CleanTech,Bangalore,980354,1320213,Yes,High,5000000
3318,7,12,4,FinTech,Hyderabad,1600608,1740253,Yes,High,5000000
3319,10,5,5,EdTech,Mumbai,927996,1190645,Yes,High,5000000
3320,18,0,3,AgriTech,Pune,578727,448934,No,Low,500000
3321,16,7,7,AI,Hyderabad,269681,385699,Yes,High,5000000
3322,9,14,10,CleanTech,Delhi,1002067,2224462,Yes,High,5000000
3323,8,8,2,CleanTech,Bangalore,935491,343531,No,Low,500000
3324,8,15,5,FinTech,Pune,573231,1016273,Yes,High,5000000
3325,15,8,4,AI,Pune,1913075,1364575,No,Low,500000
3326,14,5,4,E-Commerce,Delhi,1039704,1543150,Yes,High,5000000
3327,2,15,2,AI,Bangalore,135624,1893846,Yes,High,5000000
3328,19,15,3,AI,Bangalore,1155437,1044899,No,Low,500000
3329,6,14,6,HealthTech,Pune,1660610,2049452,Yes,High,5000000
3330,16,14,7,AI,Chennai,1139815,2400454,Yes,High,5000000
3331,16,12,4,CleanTech,Chennai,1519255,517416,No,Low,500000
3332,4,10,8,CleanTech,Kolkata,960540,1940853,Yes,High,5000000
3333,6,9,9,CleanTech,Mumbai,861623,1182211,Yes,High,5000000
3334,8,1,10,FinTech,Mumbai,1246813,400483,No,Low,500000
3335,15,10,9,AI,Mumbai,1487223,1440823,No,Low,500000
3336,16,5,8,E-Commerce,Kolkata,1540442,1971365,Yes,High,5000000
3337,14,9,3,E-Commerce,Delhi,74046,2461515,Yes,High,5000000
3338,10,7,3,AI,Delhi,874446,535189,No,Low,500000
3339,4,5,4,FinTech,Hyderabad,689575,944969,Yes,High,5000000
3340,7,3,6,HealthTech,Hyderabad,893241,2233567,Yes,High,5000000
3341,17,15,7,AI,Chennai,1641025,1276511,No,Low,500000
3342,8,12,10,FinTech,Bangalore,545810,1841329,Yes,High,5000000
3343,4,1,8,HealthTech,Pune,696100,1541521,Yes,High,5000000
3344,11,1,10,E-Commerce,Mumbai,1839994,1425768,No,Low,500000
3345,7,14,4,FinTech,Mumbai,1515157,472547,No,Low,500000
3346,17,6,9,HealthTech,Chennai,197976,498467,Yes,High,5000000
3347,17,8,9,EdTech,Pune,594850,2061678,Yes,High,5000000
3348,8,1,10,EdTech,Bangalore,1911924,1558749,No,Low,500000
3349,17,0,1,FinTech,Hyderabad,534384,279176,No,Low,500000
3350,14,4,4,CleanTech,Kolkata,665852,1635215,Yes,High,5000000
3351,17,6,9,HealthTech,Chennai,529643,1938627,Yes,High,5000000
3352,20,2,10,HealthTech,Chennai,173591,1619670,Yes,High,5000000
3353,3,14,10,CleanTech,Delhi,785497,1117704,Yes,High,5000000
3354,6,8,3,E-Commerce,Kolkata,1217522,1623605,Yes,High,5000000
3355,13,14,4,CleanTech,Hyderabad,1407119,2271173,Yes,High,5000000
3356,19,10,7,AI,Kolkata,537788,348132,No,Low,500000
3357,2,3,2,AI,Bangalore,1516668,2388815,Yes,High,5000000
3358,20,7,3,AgriTech,Chennai,958457,830661,No,Low,500000
3359,11,13,3,EdTech,Kolkata,1320760,2035080,Yes,High,5000000
3360,11,9,5,E-Commerce,Hyderabad,611509,2237397,Yes,High,5000000
3361,20,5,4,CleanTech,Chennai,1040883,391290,No,Low,500000
3362,17,5,2,CleanTech,Delhi,1011699,77797,No,Low,500000
3363,4,7,1,AgriTech,Mumbai,644040,242884,No,Low,500000
3364,16,15,4,EdTech,Pune,219970,2049934,Yes,High,5000000
3365,16,13,1,FinTech,Hyderabad,609808,2128918,Yes,High,5000000
3366,14,11,9,AgriTech,Mumbai,1426585,2381894,Yes,High,5000000
3367,5,10,7,FinTech,Bangalore,1838441,2090650,Yes,High,5000000
3368,2,8,5,HealthTech,Delhi,1307149,1797848,Yes,High,5000000
3369,2,5,8,AgriTech,Kolkata,1090995,1365179,Yes,High,5000000
3370,8,9,4,CleanTech,Delhi,1732914,990792,No,Low,500000
3371,8,0,3,CleanTech,Hyderabad,374539,1400388,Yes,High,5000000
3372,11,13,4,HealthTech,Chennai,941273,1150845,Yes,High,5000000
3373,2,1,2,AI,Kolkata,1802512,232200,No,Low,500000
3374,10,4,8,AgriTech,Delhi,1252145,2389792,Yes,High,5000000
3375,17,13,1,FinTech,Pune,703462,795606,Yes,High,5000000
3376,17,12,7,EdTech,Bangalore,1675064,1209030,No,Low,500000
3377,10,4,3,EdTech,Chennai,375796,1959431,Yes,High,5000000
3378,13,6,10,EdTech,Pune,494189,1995519,Yes,High,5000000
3379,18,2,1,AI,Hyderabad,833298,929827,Yes,High,5000000
3380,9,1,10,FinTech,Kolkata,1893931,1957064,Yes,High,5000000
3381,8,2,1,AgriTech,Mumbai,1129378,1798292,Yes,High,5000000
3382,9,15,10,AI,Delhi,684041,384910,No,Low,500000
3383,6,15,3,AgriTech,Delhi,299514,296263,No,Low,500000
3384,4,2,3,E-Commerce,Pune,500246,2435455,Yes,High,5000000
3385,15,6,6,HealthTech,Mumbai,890031,2091945,Yes,High,5000000
3386,16,13,6,CleanTech,Mumbai,1092223,2167086,Yes,High,5000000
3387,5,8,5,EdTech,Delhi,985595,1879758,Yes,High,5000000
3388,4,3,7,AI,Hyderabad,1796141,755845,No,Low,500000
3389,9,2,4,AI,Mumbai,251919,1406369,Yes,High,5000000
3390,11,9,10,CleanTech,Mumbai,1035125,1854712,Yes,High,5000000
3391,14,10,8,FinTech,Delhi,1403188,1738420,Yes,High,5000000
3392,12,15,10,FinTech,Pune,1256996,2067893,Yes,High,5000000
3393,8,1,6,AI,Delhi,1600558,1843729,Yes,High,5000000
3394,15,14,2,HealthTech,Bangalore,1036070,2454988,Yes,High,5000000
3395,19,7,1,HealthTech,Kolkata,694759,774832,Yes,High,5000000
3396,5,3,3,FinTech,Hyderabad,959534,1829384,Yes,High,5000000
3397,12,10,1,EdTech,Delhi,1084154,1070833,No,Low,500000
3398,11,8,5,AI,Pune,622045,35305,No,Low,500000
3399,20,1,5,FinTech,Delhi,1205115,1155311,No,Low,500000
3400,9,5,5,CleanTech,Hyderabad,1062779,1114391,Yes,High,5000000
3401,12,2,1,FinTech,Hyderabad,1424289,2133198,Yes,High,5000000
3402,9,0,8,E-Commerce,Bangalore,862626,2291728,Yes,High,5000000
3403,6,15,8,AgriTech,Chennai,1856188,1993413,Yes,High,5000000
3404,8,7,3,EdTech,Delhi,1737207,1852638,Yes,High,5000000
3405,11,11,7,E-Commerce,Bangalore,1290057,2285429,Yes,High,5000000
3406,8,13,10,CleanTech,Hyderabad,1577258,1092938,No,Low,500000
3407,13,3,2,CleanTech,Bangalore,666345,568417,No,Low,500000
3408,12,1,6,EdTech,Delhi,75040,1324162,Yes,High,5000000
3409,12,3,1,E-Commerce,Pune,1691789,1410772,No,Low,500000
3410,15,0,9,CleanTech,Delhi,379758,535158,Yes,High,5000000
3411,9,5,4,EdTech,Kolkata,1202414,1068058,No,Low,500000
3412,11,1,2,AI,Delhi,1089304,2438605,Yes,High,5000000
3413,4,12,2,EdTech,Bangalore,607460,2279374,Yes,High,5000000
3414,19,15,3,CleanTech,Mumbai,377621,2434715,Yes,High,5000000
3415,12,3,7,EdTech,Kolkata,667410,1798693,Yes,High,5000000
3416,5,7,2,AgriTech,Kolkata,1624781,1622020,No,Low,500000
3417,13,2,9,CleanTech,Pune,1098671,965800,No,Low,500000
3418,10,1,7,EdTech,Bangalore,861678,225928,No,Low,500000
3419,17,1,10,CleanTech,Pune,1118001,108260,No,Low,500000
3420,5,9,10,AI,Pune,1865464,55886,No,Low,500000
3421,17,5,8,AI,Bangalore,87659,56243,No,Low,500000
3422,6,5,1,AgriTech,Mumbai,915532,2162015,Yes,High,5000000
3423,10,4,10,FinTech,Delhi,801818,412282,No,Low,500000
3424,10,10,2,HealthTech,Chennai,1024891,558307,No,Low,500000
3425,5,11,4,HealthTech,Chennai,423954,1130747,Yes,High,5000000
3426,15,15,5,FinTech,Chennai,237502,412341,Yes,High,5000000
3427,6,4,10,FinTech,Hyderabad,439456,1809115,Yes,High,5000000
3428,11,10,5,EdTech,Chennai,1730069,201960,No,Low,500000
3429,8,2,1,HealthTech,Kolkata,899261,1179186,Yes,High,5000000
3430,3,10,1,AgriTech,Chennai,1920922,678675,No,Low,500000
3431,16,8,10,EdTech,Hyderabad,1745967,265533,No,Low,500000
3432,6,10,9,AgriTech,Hyderabad,818630,2135614,Yes,High,5000000
3433,17,1,8,E-Commerce,Kolkata,1836687,1724319,No,Low,500000
3434,8,1,6,CleanTech,Mumbai,1513755,2238299,Yes,High,5000000
3435,9,5,7,AgriTech,Pune,1387674,1575284,Yes,High,5000000
3436,20,4,6,AgriTech,Pune,378350,1961173,Yes,High,5000000
3437,2,15,10,CleanTech,Kolkata,421096,2154005,Yes,High,5000000
3438,17,2,3,CleanTech,Pune,340994,30761,No,Low,500000
3439,10,14,8,AgriTech,Bangalore,894126,855126,No,Low,500000
3440,18,2,10,FinTech,Pune,666770,2159644,Yes,High,5000000
3441,13,11,9,E-Commerce,Hyderabad,1400763,1204880,No,Low,500000
3442,17,14,5,AI,Mumbai,1400476,242434,No,Low,500000
3443,18,12,10,AgriTech,Delhi,1080335,1317918,Yes,High,5000000
3444,10,14,1,CleanTech,Chennai,1194582,2012671,Yes,High,5000000
3445,20,2,1,AI,Delhi,1311031,1797716,Yes,High,5000000
3446,8,10,10,AI,Mumbai,1610920,1803221,Yes,High,5000000
3447,8,10,4,CleanTech,Kolkata,1879220,535691,No,Low,500000
3448,20,0,1,EdTech,Bangalore,1159704,1268987,Yes,High,5000000
3449,16,5,1,CleanTech,Delhi,1329171,619717,No,Low,500000
3450,8,0,10,HealthTech,Chennai,1239221,324099,No,Low,500000
3451,5,8,4,FinTech,Bangalore,771380,2294191,Yes,High,5000000
3452,14,15,4,CleanTech,Bangalore,1076500,1257389,Yes,High,5000000
3453,4,15,1,FinTech,Delhi,954615,1407618,Yes,High,5000000
3454,2,5,4,E-Commerce,Mumbai,1579015,1918559,Yes,High,5000000
3455,17,4,8,CleanTech,Mumbai,1183682,862573,No,Low,500000
3456,18,12,5,AI,Delhi,1941377,29094,No,Low,500000
3457,9,11,9,AI,Pune,614965,574968,No,Low,500000
3458,10,12,9,FinTech,Hyderabad,1482691,2234138,Yes,High,5000000
3459,13,13,1,E-Commerce,Hyderabad,484067,932121,Yes,High,5000000
3460,13,3,5,CleanTech,Kolkata,112808,481182,Yes,High,5000000
3461,5,8,8,EdTech,Chennai,1159929,1473800,Yes,High,5000000
3462,18,0,4,CleanTech,Pune,80966,315376,Yes,High,5000000
3463,14,1,9,HealthTech,Hyderabad,1134931,631379,No,Low,500000
3464,13,13,7,AgriTech,Chennai,331285,613847,Yes,High,5000000
3465,3,9,6,EdTech,Pune,220720,2185236,Yes,High,5000000
3466,8,7,9,E-Commerce,Chennai,228048,846930,Yes,High,5000000
3467,7,4,10,CleanTech,Mumbai,1058957,1088360,Yes,High,5000000
3468,12,4,6,HealthTech,Delhi,1920367,441678,No,Low,500000
3469,3,2,8,E-Commerce,Hyderabad,1609069,386962,No,Low,500000
3470,14,10,3,FinTech,Kolkata,441020,2128062,Yes,High,5000000
3471,17,12,4,E-Commerce,Delhi,1338980,2439033,Yes,High,5000000
3472,18,3,1,AgriTech,Bangalore,714774,2360360,Yes,High,5000000
3473,9,7,9,CleanTech,Delhi,238462,80196,No,Low,500000
3474,13,10,8,AgriTech,Pune,1467169,2220543,Yes,High,5000000
3475,16,5,2,FinTech,Bangalore,1576771,2488681,Yes,High,5000000
3476,6,10,1,HealthTech,Bangalore,1009957,39509,No,Low,500000
3477,12,11,7,HealthTech,Bangalore,113440,884231,Yes,High,5000000
3478,5,12,5,AgriTech,Pune,938478,678528,No,Low,500000
3479,19,6,2,AI,Chennai,1379570,2022910,Yes,High,5000000
3480,5,5,10,HealthTech,Chennai,1689419,730727,No,Low,500000
3481,7,0,7,AgriTech,Chennai,1737829,1247004,No,Low,500000
3482,17,1,1,AgriTech,Hyderabad,923281,593013,No,Low,500000
3483,3,10,1,EdTech,Hyderabad,732044,530164,No,Low,500000
3484,10,4,5,FinTech,Delhi,1489738,494480,No,Low,500000
3485,4,1,2,AI,Mumbai,1082527,644474,No,Low,500000
3486,7,5,9,FinTech,Delhi,473348,1588312,Yes,High,5000000
3487,20,15,8,AI,Kolkata,639827,1883324,Yes,High,5000000
3488,14,2,10,E-Commerce,Bangalore,947940,2245820,Yes,High,5000000
3489,18,5,2,AgriTech,Kolkata,565931,1652881,Yes,High,5000000
3490,19,1,5,AI,Kolkata,724178,2424626,Yes,High,5000000
3491,19,9,10,AgriTech,Mumbai,364865,273949,No,Low,500000
3492,14,6,2,CleanTech,Hyderabad,53099,599879,Yes,High,5000000
3493,10,9,4,AgriTech,Chennai,726116,125397,No,Low,500000
3494,11,11,2,AgriTech,Delhi,1727554,2471143,Yes,High,5000000
3495,15,0,2,HealthTech,Pune,330847,1351330,Yes,High,5000000
3496,14,5,10,AI,Bangalore,1996660,1975569,No,Low,500000
3497,9,12,1,FinTech,Hyderabad,629142,492888,No,Low,500000
3498,12,6,8,FinTech,Bangalore,346062,1019587,Yes,High,5000000
3499,20,7,10,AgriTech,Kolkata,838617,434493,No,Low,500000
3500,17,2,8,AgriTech,Kolkata,845495,206434,No,Low,500000
3501,8,1,2,E-Commerce,Mumbai,1992018,2369786,Yes,High,5000000
3502,15,11,1,E-Commerce,Hyderabad,737373,868407,Yes,High,5000000
3503,6,6,1,CleanTech,Kolkata,353414,1363494,Yes,High,5000000
3504,9,4,2,FinTech,Chennai,795338,1004288,Yes,High,5000000
3505,8,3,4,EdTech,Mumbai,435871,407381,No,Low,500000
3506,2,8,4,AI,Hyderabad,1929053,1845304,No,Low,500000
3507,9,8,3,FinTech,Pune,1871536,60888,No,Low,500000
3508,5,13,7,CleanTech,Kolkata,1760571,86036,No,Low,500000
3509,18,13,4,EdTech,Delhi,1105861,728710,No,Low,500000
3510,5,2,1,AgriTech,Chennai,922191,1338328,Yes,High,5000000
3511,8,3,1,EdTech,Kolkata,444179,354995,No,Low,500000
3512,6,0,3,HealthTech,Pune,529255,2482802,Yes,High,5000000
3513,19,14,7,E-Commerce,Delhi,719603,947287,Yes,High,5000000
3514,16,7,3,E-Commerce,Pune,761316,2006359,Yes,High,5000000
3515,10,1,7,HealthTech,Bangalore,1611539,743453,No,Low,500000
3516,15,0,5,AI,Hyderabad,1200224,707006,No,Low,500000
3517,20,10,1,CleanTech,Bangalore,890768,963751,Yes,High,5000000
3518,17,7,2,HealthTech,Bangalore,687627,159287,No,Low,500000
3519,15,6,4,E-Commerce,Pune,1409703,919301,No,Low,500000
3520,15,12,5,E-Commerce,Mumbai,1436415,731796,No,Low,500000
3521,6,6,4,FinTech,Hyderabad,352149,1062994,Yes,High,5000000
3522,9,11,9,EdTech,Chennai,1437623,676602,No,Low,500000
3523,7,2,9,E-Commerce,Hyderabad,807673,855045,Yes,High,5000000
3524,2,7,9,AgriTech,Hyderabad,1615113,926499,No,Low,500000
3525,17,7,8,HealthTech,Pune,1907361,896179,No,Low,500000
3526,3,0,4,CleanTech,Bangalore,1907953,2341368,Yes,High,5000000
3527,17,13,10,FinTech,Pune,594098,969286,Yes,High,5000000
3528,6,3,2,FinTech,Bangalore,1029859,42317,No,Low,500000
3529,6,4,8,AgriTech,Pune,203589,596495,Yes,High,5000000
3530,9,5,10,CleanTech,Kolkata,705343,2117876,Yes,High,5000000
3531,11,5,5,HealthTech,Bangalore,1623368,1836593,Yes,High,5000000
3532,16,5,6,E-Commerce,Kolkata,1979823,1158438,No,Low,500000
3533,2,7,1,AI,Kolkata,820871,1851276,Yes,High,5000000
3534,17,8,1,AgriTech,Kolkata,1107710,1375325,Yes,High,5000000
3535,15,4,10,HealthTech,Chennai,326474,1291054,Yes,High,5000000
3536,19,11,8,FinTech,Kolkata,415550,2244070,Yes,High,5000000
3537,19,0,8,CleanTech,Kolkata,1469700,1882122,Yes,High,5000000
3538,7,5,10,EdTech,Kolkata,1402724,200547,No,Low,500000
3539,7,2,5,FinTech,Bangalore,488420,244384,No,Low,500000
3540,6,9,3,AgriTech,Hyderabad,1035884,471268,No,Low,500000
3541,16,8,3,AI,Pune,891158,1067666,Yes,High,5000000
3542,11,15,2,E-Commerce,Bangalore,1497281,1458630,No,Low,500000
3543,14,9,6,E-Commerce,Pune,1572826,1443890,No,Low,500000
3544,3,4,6,CleanTech,Kolkata,204979,1505619,Yes,High,5000000
3545,12,0,10,AgriTech,Bangalore,737011,401965,No,Low,500000
3546,13,11,6,FinTech,Bangalore,590993,1828898,Yes,High,5000000
3547,11,0,2,HealthTech,Chennai,1498245,497039,No,Low,500000
3548,16,14,1,HealthTech,Chennai,336123,987887,Yes,High,5000000
3549,17,8,8,EdTech,Chennai,644549,116929,No,Low,500000
3550,7,14,5,FinTech,Kolkata,1828680,1311525,No,Low,500000
3551,10,9,10,CleanTech,Delhi,700366,2286893,Yes,High,5000000
3552,5,3,1,CleanTech,Kolkata,1394377,23917,No,Low,500000
3553,8,7,5,CleanTech,Delhi,429019,2487980,Yes,High,5000000
3554,16,0,2,EdTech,Bangalore,692754,1407296,Yes,High,5000000
3555,13,10,5,AI,Mumbai,1322450,512655,No,Low,500000
3556,7,3,4,HealthTech,Hyderabad,135743,1012805,Yes,High,5000000
3557,17,15,3,EdTech,Mumbai,68869,2306127,Yes,High,5000000
3558,16,14,7,FinTech,Mumbai,1884026,701164,No,Low,500000
3559,4,12,5,AI,Chennai,1971501,1756823,No,Low,500000
3560,17,9,2,FinTech,Pune,1328892,1759528,Yes,High,5000000
3561,10,1,4,EdTech,Hyderabad,1321755,697707,No,Low,500000
3562,10,12,2,FinTech,Chennai,1340310,1860830,Yes,High,5000000
3563,14,12,6,CleanTech,Kolkata,459844,1309052,Yes,High,5000000
3564,5,7,8,AgriTech,Chennai,435593,1639136,Yes,High,5000000
3565,20,3,10,FinTech,Delhi,1682974,637074,No,Low,500000
3566,8,8,3,CleanTech,Kolkata,1650541,924978,No,Low,500000
3567,5,14,9,E-Commerce,Chennai,906680,226470,No,Low,500000
3568,17,10,9,FinTech,Bangalore,981044,438617,No,Low,500000
3569,15,11,7,EdTech,Pune,1060498,260198,No,Low,500000
3570,17,2,3,HealthTech,Kolkata,889925,1350597,Yes,High,5000000
3571,13,8,8,FinTech,Kolkata,1321864,525517,No,Low,500000
3572,8,0,2,EdTech,Hyderabad,1030525,1307917,Yes,High,5000000
3573,9,14,10,AI,Bangalore,829016,1397404,Yes,High,5000000
3574,11,9,5,CleanTech,Delhi,1172167,2370288,Yes,High,5000000
3575,4,1,1,AI,Mumbai,173672,771815,Yes,High,5000000
3576,7,6,8,FinTech,Hyderabad,899065,237126,No,Low,500000
3577,20,4,9,AI,Delhi,1672719,2110930,Yes,High,5000000
3578,15,11,4,AgriTech,Kolkata,846909,1096640,Yes,High,5000000
3579,20,7,7,EdTech,Bangalore,559526,1350794,Yes,High,5000000
3580,18,13,4,AgriTech,Bangalore,1804511,821146,No,Low,500000
3581,2,14,7,CleanTech,Hyderabad,727051,1750865,Yes,High,5000000
3582,19,3,1,FinTech,Delhi,1426430,2109136,Yes,High,5000000
3583,12,4,10,HealthTech,Mumbai,242525,2099751,Yes,High,5000000
3584,3,1,1,FinTech,Chennai,1002513,572092,No,Low,500000
3585,11,8,7,CleanTech,Hyderabad,881578,2196748,Yes,High,5000000
3586,7,14,8,EdTech,Hyderabad,306597,182204,No,Low,500000
3587,9,6,5,AgriTech,Mumbai,213149,1699428,Yes,High,5000000
3588,14,12,2,HealthTech,Pune,307883,2065615,Yes,High,5000000
3589,12,2,6,CleanTech,Chennai,380113,791524,Yes,High,5000000
3590,2,14,6,FinTech,Delhi,925655,150280,No,Low,500000
3591,14,15,5,EdTech,Pune,235129,1399921,Yes,High,5000000
3592,19,13,4,HealthTech,Kolkata,1597666,748388,No,Low,500000
3593,18,1,3,CleanTech,Chennai,1997379,1503071,No,Low,500000
3594,11,12,7,AI,Delhi,653337,1363137,Yes,High,5000000
3595,16,5,5,HealthTech,Delhi,330973,1139816,Yes,High,5000000
3596,4,11,5,AI,Hyderabad,566866,1970162,Yes,High,5000000
3597,11,0,1,CleanTech,Pune,305404,2457310,Yes,High,5000000
3598,16,13,7,FinTech,Delhi,1657888,2079741,Yes,High,5000000
3599,11,9,1,E-Commerce,Hyderabad,1011062,330043,No,Low,500000
3600,11,1,8,EdTech,Hyderabad,1834446,1761590,No,Low,500000
3601,18,6,2,EdTech,Bangalore,156869,1445112,Yes,High,5000000
3602,15,9,2,EdTech,Pune,988368,2322144,Yes,High,5000000
3603,14,8,9,FinTech,Delhi,299688,2027885,Yes,High,5000000
3604,9,9,5,AI,Hyderabad,155133,673892,Yes,High,5000000
3605,10,11,4,AI,Mumbai,1341308,1459444,Yes,High,5000000
3606,7,4,10,EdTech,Hyderabad,743979,1098292,Yes,High,5000000
3607,12,5,5,EdTech,Bangalore,426315,684948,Yes,High,5000000
3608,3,10,6,EdTech,Pune,613656,1539226,Yes,High,5000000
3609,17,14,1,E-Commerce,Mumbai,1324519,1627888,Yes,High,5000000
3610,7,9,2,EdTech,Delhi,1728922,315498,No,Low,500000
3611,5,13,10,EdTech,Pune,963935,963442,No,Low,500000
3612,2,7,4,AI,Pune,251071,1417500,Yes,High,5000000
3613,15,2,9,HealthTech,Bangalore,1232017,1367868,Yes,High,5000000
3614,20,4,8,FinTech,Bangalore,726468,881622,Yes,High,5000000
3615,7,1,2,FinTech,Hyderabad,225563,57507,No,Low,500000
3616,17,5,1,AI,Bangalore,173720,2081976,Yes,High,5000000
3617,20,10,6,FinTech,Kolkata,1965734,1197518,No,Low,500000
3618,14,6,8,FinTech,Kolkata,1905660,2341948,Yes,High,5000000
3619,5,8,6,EdTech,Mumbai,729067,1275219,Yes,High,5000000
3620,7,6,2,HealthTech,Bangalore,749045,375230,No,Low,500000
3621,7,15,4,CleanTech,Kolkata,968457,2027831,Yes,High,5000000
3622,7,6,4,AgriTech,Kolkata,517987,172556,No,Low,500000
3623,19,12,5,AgriTech,Mumbai,446080,833209,Yes,High,5000000
3624,5,15,3,CleanTech,Kolkata,691797,1438627,Yes,High,5000000
3625,6,15,2,E-Commerce,Chennai,1655246,1255473,No,Low,500000
3626,14,4,6,HealthTech,Pune,299040,1485890,Yes,High,5000000
3627,10,15,6,FinTech,Pune,748055,2349133,Yes,High,5000000
3628,10,11,7,HealthTech,Mumbai,561285,2256309,Yes,High,5000000
3629,7,4,3,AI,Bangalore,369939,753811,Yes,High,5000000
3630,6,4,8,E-Commerce,Hyderabad,1538814,1496270,No,Low,500000
3631,15,1,2,HealthTech,Bangalore,957686,1743605,Yes,High,5000000
3632,15,1,8,AI,Delhi,927031,1925840,Yes,High,5000000
3633,18,15,1,E-Commerce,Pune,682141,2035064,Yes,High,5000000
3634,14,5,5,AgriTech,Hyderabad,1426303,1976242,Yes,High,5000000
3635,16,1,4,FinTech,Mumbai,616947,293860,No,Low,500000
3636,14,10,6,E-Commerce,Delhi,1312149,865951,No,Low,500000
3637,6,0,3,AgriTech,Chennai,1002449,1689856,Yes,High,5000000
3638,4,14,7,EdTech,Chennai,1305297,1222917,No,Low,500000
3639,8,2,5,AI,Hyderabad,1196162,1486045,Yes,High,5000000
3640,9,1,2,EdTech,Bangalore,745357,2118837,Yes,High,5000000
3641,15,9,5,FinTech,Kolkata,681191,2357166,Yes,High,5000000
3642,3,1,6,AI,Delhi,1403405,1481153,Yes,High,5000000
3643,10,3,10,CleanTech,Bangalore,1209994,746297,No,Low,500000
3644,10,3,3,AgriTech,Pune,802274,2477453,Yes,High,5000000
3645,11,15,2,E-Commerce,Pune,1429088,1219351,No,Low,500000
3646,11,5,7,AgriTech,Mumbai,837372,2228292,Yes,High,5000000
3647,12,9,1,FinTech,Delhi,1502062,2432504,Yes,High,5000000
3648,8,9,3,HealthTech,Kolkata,470796,88284,No,Low,500000
3649,19,9,2,CleanTech,Kolkata,1753367,2156483,Yes,High,5000000
3650,15,3,6,E-Commerce,Pune,1960309,509665,No,Low,500000
3651,2,4,5,CleanTech,Kolkata,967302,2025103,Yes,High,5000000
3652,18,7,1,AgriTech,Pune,1485924,1918422,Yes,High,5000000
3653,19,15,2,E-Commerce,Mumbai,569414,772793,Yes,High,5000000
3654,8,4,6,CleanTech,Kolkata,50125,1353032,Yes,High,5000000
3655,5,3,7,HealthTech,Pune,686238,931845,Yes,High,5000000
3656,16,9,5,EdTech,Bangalore,1387439,222958,No,Low,500000
3657,20,7,5,HealthTech,Hyderabad,777766,251605,No,Low,500000
3658,17,3,1,FinTech,Delhi,875770,569036,No,Low,500000
3659,8,6,4,EdTech,Kolkata,189691,1804078,Yes,High,5000000
3660,4,1,5,AI,Pune,370400,179920,No,Low,500000
3661,10,7,9,HealthTech,Chennai,654562,690397,Yes,High,5000000
3662,10,0,1,AI,Hyderabad,1491911,94741,No,Low,500000
3663,4,15,4,E-Commerce,Delhi,1104046,117198,No,Low,500000
3664,20,6,9,CleanTech,Bangalore,625566,2377883,Yes,High,5000000
3665,19,10,8,EdTech,Chennai,76334,252503,Yes,High,5000000
3666,8,11,8,EdTech,Delhi,1197533,1229342,Yes,High,5000000
3667,14,0,3,E-Commerce,Delhi,816849,757322,No,Low,500000
3668,13,3,3,AI,Kolkata,1977609,492157,No,Low,500000
3669,12,2,3,CleanTech,Kolkata,1496218,2280147,Yes,High,5000000
3670,15,10,10,AgriTech,Chennai,844879,880763,Yes,High,5000000
3671,20,2,5,AgriTech,Kolkata,1469588,464482,No,Low,500000
3672,14,5,7,E-Commerce,Pune,1512776,2032860,Yes,High,5000000
3673,2,14,10,CleanTech,Pune,1252861,1171221,No,Low,500000
3674,3,14,9,HealthTech,Delhi,1700185,2199281,Yes,High,5000000
3675,13,13,5,AgriTech,Pune,1529151,2464861,Yes,High,5000000
3676,11,12,5,AgriTech,Mumbai,1923167,1465396,No,Low,500000
3677,19,6,1,EdTech,Bangalore,1136746,105216,No,Low,500000
3678,16,8,9,AgriTech,Kolkata,1835815,1766005,No,Low,500000
3679,19,9,4,AI,Kolkata,828457,1570975,Yes,High,5000000
3680,2,15,3,EdTech,Chennai,773776,1396239,Yes,High,5000000
3681,13,7,10,AgriTech,Chennai,393931,2055752,Yes,High,5000000
3682,16,4,5,AI,Chennai,463493,1184898,Yes,High,5000000
3683,19,4,10,HealthTech,Hyderabad,967643,790705,No,Low,500000
3684,10,3,5,E-Commerce,Hyderabad,1031154,430012,No,Low,500000
3685,3,10,10,CleanTech,Hyderabad,494375,790846,Yes,High,5000000
3686,18,9,5,FinTech,Bangalore,1675997,1656723,No,Low,500000
3687,17,13,7,E-Commerce,Delhi,1456873,1767018,Yes,High,5000000
3688,4,13,6,FinTech,Hyderabad,204044,981580,Yes,High,5000000
3689,8,9,1,AI,Chennai,1179222,125122,No,Low,500000
3690,10,13,10,HealthTech,Kolkata,624181,58314,No,Low,500000
3691,6,8,7,AgriTech,Pune,999309,845936,No,Low,500000
3692,17,10,5,AI,Delhi,780733,1812417,Yes,High,5000000
3693,12,15,5,EdTech,Chennai,1287044,148796,No,Low,500000
3694,8,8,3,E-Commerce,Hyderabad,792924,589446,No,Low,500000
3695,17,5,2,FinTech,Mumbai,382238,987931,Yes,High,5000000
3696,7,6,6,FinTech,Mumbai,1301475,578761,No,Low,500000
3697,12,8,7,EdTech,Delhi,1133068,1168183,Yes,High,5000000
3698,4,3,2,HealthTech,Bangalore,401170,41706,No,Low,500000
3699,3,13,3,HealthTech,Delhi,1584475,537301,No,Low,500000
3700,13,15,5,FinTech,Kolkata,573390,589207,Yes,High,5000000
3701,18,10,10,CleanTech,Pune,499134,1392230,Yes,High,5000000
3702,11,9,8,CleanTech,Kolkata,498094,1720901,Yes,High,5000000
3703,6,3,2,AI,Mumbai,1541682,432337,No,Low,500000
3704,6,4,7,AI,Pune,713857,287752,No,Low,500000
3705,14,3,9,HealthTech,Chennai,818402,681328,No,Low,500000
3706,19,3,10,CleanTech,Delhi,824693,780368,No,Low,500000
3707,6,5,3,AgriTech,Bangalore,1653843,893611,No,Low,500000
3708,20,0,5,FinTech,Hyderabad,1806145,689901,No,Low,500000
3709,5,3,8,AgriTech,Chennai,1299337,938300,No,Low,500000
3710,8,13,7,EdTech,Bangalore,1714033,1807510,Yes,High,5000000
3711,12,15,6,AI,Pune,571427,1131095,Yes,High,5000000
3712,4,9,6,AgriTech,Delhi,683887,1518128,Yes,High,5000000
3713,19,2,9,HealthTech,Bangalore,345108,2001334,Yes,High,5000000
3714,3,6,3,AI,Bangalore,1121065,1520717,Yes,High,5000000
3715,11,15,6,HealthTech,Kolkata,1204406,424295,No,Low,500000
3716,17,4,2,FinTech,Delhi,1591477,1065485,No,Low,500000
3717,14,6,7,FinTech,Delhi,1938267,1441807,No,Low,500000
3718,2,5,4,CleanTech,Pune,1872574,1553404,No,Low,500000
3719,3,5,9,AI,Pune,132568,1560180,Yes,High,5000000
3720,10,2,1,AI,Chennai,1671462,1704359,Yes,High,5000000
3721,6,12,8,E-Commerce,Mumbai,326055,2268922,Yes,High,5000000
3722,16,2,7,CleanTech,Mumbai,1755461,2422629,Yes,High,5000000
3723,6,5,7,AI,Mumbai,162873,1857646,Yes,High,5000000
3724,15,1,4,AI,Kolkata,62718,1083973,Yes,High,5000000
3725,20,1,9,AgriTech,Mumbai,60749,2224760,Yes,High,5000000
3726,5,13,2,E-Commerce,Hyderabad,396705,943718,Yes,High,5000000
3727,11,4,10,HealthTech,Kolkata,193425,1852835,Yes,High,5000000
3728,10,7,6,AgriTech,Kolkata,874344,2351893,Yes,High,5000000
3729,14,4,10,AI,Mumbai,1555082,509266,No,Low,500000
3730,18,4,4,AgriTech,Kolkata,437447,2473400,Yes,High,5000000
3731,4,3,9,HealthTech,Pune,1122908,1173161,Yes,High,5000000
3732,15,4,10,CleanTech,Kolkata,1758584,1003228,No,Low,500000
3733,3,11,2,EdTech,Hyderabad,1479105,1381517,No,Low,500000
3734,4,3,3,CleanTech,Bangalore,418122,810208,Yes,High,5000000
3735,8,1,3,EdTech,Chennai,1165774,898394,No,Low,500000
3736,9,1,9,EdTech,Bangalore,1177559,1395796,Yes,High,5000000
3737,4,10,6,CleanTech,Chennai,1122748,1652476,Yes,High,5000000
3738,3,3,6,EdTech,Chennai,1428631,2472958,Yes,High,5000000
3739,9,13,7,AgriTech,Chennai,1807790,751573,No,Low,500000
3740,5,1,2,AI,Pune,1868983,580432,No,Low,500000
3741,12,9,4,FinTech,Hyderabad,1999558,167322,No,Low,500000
3742,11,12,2,AgriTech,Hyderabad,1135317,1172073,Yes,High,5000000
3743,13,11,1,HealthTech,Mumbai,109957,782030,Yes,High,5000000
3744,19,4,1,CleanTech,Kolkata,1725047,1714259,No,Low,500000
3745,13,6,5,AgriTech,Kolkata,1373821,1633701,Yes,High,5000000
3746,12,2,7,FinTech,Pune,1786256,2128908,Yes,High,5000000
3747,12,4,2,CleanTech,Bangalore,1429050,2457872,Yes,High,5000000
3748,17,2,3,E-Commerce,Mumbai,1664758,1674000,Yes,High,5000000
3749,11,5,2,EdTech,Pune,1288819,146126,No,Low,500000
3750,3,12,1,AI,Chennai,773077,1592140,Yes,High,5000000
3751,4,10,10,EdTech,Hyderabad,1999613,878049,No,Low,500000
3752,3,4,7,E-Commerce,Pune,1637135,1222600,No,Low,500000
3753,6,13,9,HealthTech,Kolkata,1231240,2124704,Yes,High,5000000
3754,19,1,3,FinTech,Delhi,849044,849923,Yes,High,5000000
3755,13,1,8,HealthTech,Bangalore,1697747,2490286,Yes,High,5000000
3756,11,3,3,E-Commerce,Mumbai,1752450,974486,No,Low,500000
3757,20,11,5,HealthTech,Hyderabad,1204792,1098211,No,Low,500000
3758,5,3,3,AgriTech,Mumbai,1351496,135474,No,Low,500000
3759,20,8,8,CleanTech,Hyderabad,1169774,1040879,No,Low,500000
3760,3,13,4,E-Commerce,Bangalore,967019,178981,No,Low,500000
3761,18,3,7,FinTech,Kolkata,1283341,792903,No,Low,500000
3762,20,3,2,HealthTech,Mumbai,721567,2252361,Yes,High,5000000
3763,9,9,9,CleanTech,Kolkata,290460,1768990,Yes,High,5000000
3764,2,10,6,FinTech,Hyderabad,1013644,618088,No,Low,500000
3765,16,0,4,EdTech,Chennai,1999314,153198,No,Low,500000
3766,4,12,2,AgriTech,Pune,1981147,1877453,No,Low,500000
3767,12,11,3,AgriTech,Kolkata,563522,455267,No,Low,500000
3768,8,13,5,AgriTech,Mumbai,194437,2077715,Yes,High,5000000
3769,11,1,10,EdTech,Hyderabad,1956289,1066480,No,Low,500000
3770,13,4,5,E-Commerce,Kolkata,1804195,1286356,No,Low,500000
3771,15,10,8,AgriTech,Delhi,179171,72460,No,Low,500000
3772,11,1,3,EdTech,Delhi,222371,2270451,Yes,High,5000000
3773,6,2,3,AI,Kolkata,1373518,1321938,No,Low,500000
3774,2,9,6,EdTech,Pune,369049,1474553,Yes,High,5000000
3775,6,7,4,CleanTech,Pune,1395574,701919,No,Low,500000
3776,13,4,10,AgriTech,Delhi,991901,689567,No,Low,500000
3777,11,15,7,CleanTech,Mumbai,1387102,2277659,Yes,High,5000000
3778,20,7,3,HealthTech,Delhi,874872,2440590,Yes,High,5000000
3779,3,1,9,FinTech,Mumbai,632362,2262015,Yes,High,5000000
3780,11,5,3,EdTech,Delhi,1304836,2260889,Yes,High,5000000
3781,20,15,4,FinTech,Kolkata,691860,103609,No,Low,500000
3782,11,0,5,AgriTech,Mumbai,730838,804296,Yes,High,5000000
3783,16,10,9,HealthTech,Pune,503899,241537,No,Low,500000
3784,3,10,6,AgriTech,Hyderabad,1630951,2148059,Yes,High,5000000
3785,17,14,9,FinTech,Bangalore,1384606,1217745,No,Low,500000
3786,15,5,1,FinTech,Mumbai,1963170,143480,No,Low,500000
3787,7,3,6,EdTech,Chennai,83517,2476164,Yes,High,5000000
3788,20,5,8,CleanTech,Mumbai,1231101,1887919,Yes,High,5000000
3789,13,0,9,CleanTech,Kolkata,310288,1002447,Yes,High,5000000
3790,16,8,4,AgriTech,Bangalore,137045,2381977,Yes,High,5000000
3791,3,3,3,FinTech,Mumbai,318852,243437,No,Low,500000
3792,11,2,6,HealthTech,Delhi,122693,1877559,Yes,High,5000000
3793,6,3,2,AgriTech,Bangalore,731524,1351325,Yes,High,5000000
3794,3,1,9,HealthTech,Chennai,1199569,2033018,Yes,High,5000000
3795,17,9,6,AgriTech,Pune,979729,1760379,Yes,High,5000000
3796,3,15,10,CleanTech,Mumbai,1103694,843729,No,Low,500000
3797,20,5,2,AI,Kolkata,1721790,2253822,Yes,High,5000000
3798,6,13,1,FinTech,Kolkata,1296081,266015,No,Low,500000
3799,8,2,8,EdTech,Mumbai,313460,1924374,Yes,High,5000000
3800,14,0,1,AgriTech,Mumbai,760306,1577550,Yes,High,5000000
3801,4,2,10,HealthTech,Bangalore,417785,2181577,Yes,High,5000000
3802,7,6,2,CleanTech,Delhi,560149,323186,No,Low,500000
3803,15,14,10,AgriTech,Bangalore,350141,2316280,Yes,High,5000000
3804,20,9,3,AgriTech,Kolkata,1925069,166359,No,Low,500000
3805,14,13,7,CleanTech,Hyderabad,1384116,1671860,Yes,High,5000000
3806,6,6,4,AgriTech,Chennai,692481,2072112,Yes,High,5000000
3807,14,14,4,E-Commerce,Delhi,242829,1643863,Yes,High,5000000
3808,7,3,4,HealthTech,Bangalore,396303,625799,Yes,High,5000000
3809,19,6,5,CleanTech,Delhi,876135,697028,No,Low,500000
3810,19,14,5,FinTech,Chennai,489267,465286,No,Low,500000
3811,10,4,7,FinTech,Kolkata,136190,759866,Yes,High,5000000
3812,2,12,2,CleanTech,Kolkata,1749479,1152784,No,Low,500000
3813,12,6,4,FinTech,Bangalore,1491169,1213725,No,Low,500000
3814,14,14,10,AI,Bangalore,260339,627344,Yes,High,5000000
3815,20,3,8,FinTech,Mumbai,1545132,1070645,No,Low,500000
3816,7,10,1,AI,Bangalore,1372174,1771604,Yes,High,5000000
3817,14,11,7,E-Commerce,Delhi,1135150,2469565,Yes,High,5000000
3818,5,2,9,CleanTech,Delhi,1186332,1744050,Yes,High,5000000
3819,5,4,5,FinTech,Bangalore,146703,2028546,Yes,High,5000000
3820,9,15,6,CleanTech,Mumbai,1966346,99798,No,Low,500000
3821,15,4,3,EdTech,Bangalore,1400269,2460958,Yes,High,5000000
3822,7,3,8,AI,Pune,138847,936075,Yes,High,5000000
3823,4,6,10,E-Commerce,Pune,215794,1476311,Yes,High,5000000
3824,8,2,9,AI,Hyderabad,519390,1288308,Yes,High,5000000
3825,8,15,5,CleanTech,Chennai,609811,1599059,Yes,High,5000000
3826,2,6,10,EdTech,Pune,1365058,1779261,Yes,High,5000000
3827,14,2,6,E-Commerce,Kolkata,1232535,314445,No,Low,500000
3828,4,6,2,HealthTech,Hyderabad,1571637,544454,No,Low,500000
3829,3,11,1,AI,Pune,1471808,1696029,Yes,High,5000000
3830,20,10,1,E-Commerce,Kolkata,886761,1327108,Yes,High,5000000
3831,16,15,5,FinTech,Hyderabad,380584,1460913,Yes,High,5000000
3832,6,1,1,FinTech,Pune,1852861,1359230,No,Low,500000
3833,15,11,6,EdTech,Hyderabad,1960843,27380,No,Low,500000
3834,16,10,1,CleanTech,Bangalore,1109511,1450136,Yes,High,5000000
3835,15,5,3,EdTech,Delhi,1314633,1747961,Yes,High,5000000
3836,8,6,4,HealthTech,Mumbai,1382202,1317180,No,Low,500000
3837,18,13,4,AI,Delhi,855243,28660,No,Low,500000
3838,3,8,4,AgriTech,Delhi,1499404,1414913,No,Low,500000
3839,20,6,8,AgriTech,Hyderabad,857436,221070,No,Low,500000
3840,15,3,10,FinTech,Chennai,1218415,1940583,Yes,High,5000000
3841,13,0,2,FinTech,Bangalore,1687517,1054580,No,Low,500000
3842,18,11,10,AI,Bangalore,1006886,1343545,Yes,High,5000000
3843,7,2,8,HealthTech,Pune,1482981,187195,No,Low,500000
3844,13,1,5,FinTech,Chennai,1301630,2403236,Yes,High,5000000
3845,2,11,3,CleanTech,Delhi,905940,1371948,Yes,High,5000000
3846,8,5,3,EdTech,Delhi,660929,651960,No,Low,500000
3847,12,9,1,E-Commerce,Delhi,735015,1727426,Yes,High,5000000
3848,4,11,6,AI,Mumbai,587057,1276919,Yes,High,5000000
3849,16,4,8,FinTech,Chennai,301252,631196,Yes,High,5000000
3850,3,1,9,CleanTech,Chennai,1425401,2272662,Yes,High,5000000
3851,7,15,3,EdTech,Bangalore,387312,2341003,Yes,High,5000000
3852,5,1,10,AgriTech,Delhi,1405855,2028976,Yes,High,5000000
3853,20,10,5,AgriTech,Kolkata,399769,621715,Yes,High,5000000
3854,2,14,2,EdTech,Bangalore,1887842,305003,No,Low,500000
3855,13,2,4,EdTech,Kolkata,1648387,115285,No,Low,500000
3856,13,3,9,HealthTech,Kolkata,1251231,900922,No,Low,500000
3857,8,11,3,AI,Delhi,718500,2256995,Yes,High,5000000
3858,3,10,6,CleanTech,Bangalore,1062751,2155060,Yes,High,5000000
3859,19,1,5,FinTech,Mumbai,1275988,1122663,No,Low,500000
3860,20,9,2,HealthTech,Kolkata,1497198,107799,No,Low,500000
3861,16,0,5,FinTech,Kolkata,1487046,335086,No,Low,500000
3862,16,5,5,EdTech,Mumbai,1895048,1684127,No,Low,500000
3863,19,0,7,FinTech,Kolkata,631611,1893375,Yes,High,5000000
3864,15,11,3,CleanTech,Chennai,593394,282357,No,Low,500000
3865,2,9,10,AI,Delhi,1349644,1558263,Yes,High,5000000
3866,5,14,4,E-Commerce,Kolkata,620531,464171,No,Low,500000
3867,19,0,8,CleanTech,Chennai,916025,839102,No,Low,500000
3868,10,1,10,HealthTech,Chennai,855215,377845,No,Low,500000
3869,4,3,2,HealthTech,Mumbai,679183,151355,No,Low,500000
3870,17,15,5,AgriTech,Pune,1743500,1873077,Yes,High,5000000
3871,10,2,4,AI,Chennai,1455624,339349,No,Low,500000
3872,19,1,1,EdTech,Pune,1222793,1542113,Yes,High,5000000
3873,17,13,2,HealthTech,Mumbai,358263,1601379,Yes,High,5000000
3874,17,10,3,AI,Bangalore,576493,230029,No,Low,500000
3875,3,8,9,AI,Pune,1175226,553829,No,Low,500000
3876,18,11,9,E-Commerce,Kolkata,1718595,2027552,Yes,High,5000000
3877,15,6,1,E-Commerce,Delhi,760034,2435051,Yes,High,5000000
3878,8,10,10,AgriTech,Hyderabad,244075,1184383,Yes,High,5000000
3879,18,10,4,AgriTech,Chennai,704280,720223,Yes,High,5000000
3880,17,7,10,EdTech,Hyderabad,1932923,104900,No,Low,500000
3881,7,4,9,AI,Kolkata,1641487,2370275,Yes,High,5000000
3882,9,1,4,E-Commerce,Hyderabad,803210,2461775,Yes,High,5000000
3883,7,14,2,E-Commerce,Chennai,733657,965357,Yes,High,5000000
3884,6,11,2,CleanTech,Mumbai,769218,1025326,Yes,High,5000000
3885,4,11,4,CleanTech,Kolkata,1694681,1777557,Yes,High,5000000
3886,14,10,1,E-Commerce,Pune,503069,2354627,Yes,High,5000000
3887,13,13,10,CleanTech,Bangalore,1201922,823951,No,Low,500000
3888,17,0,7,AI,Hyderabad,1611153,27841,No,Low,500000
3889,2,0,1,EdTech,Bangalore,378120,1551018,Yes,High,5000000
3890,10,9,2,E-Commerce,Hyderabad,146224,2418913,Yes,High,5000000
3891,14,9,5,E-Commerce,Hyderabad,1766708,1846070,Yes,High,5000000
3892,9,5,1,E-Commerce,Mumbai,372445,925813,Yes,High,5000000
3893,17,3,3,CleanTech,Hyderabad,1058348,1116880,Yes,High,5000000
3894,6,11,5,E-Commerce,Pune,1752903,56714,No,Low,500000
3895,14,15,3,AI,Bangalore,1307436,827576,No,Low,500000
3896,6,0,1,HealthTech,Pune,1322648,1394893,Yes,High,5000000
3897,14,8,6,AI,Hyderabad,725521,439167,No,Low,500000
3898,14,14,2,AI,Kolkata,221953,581688,Yes,High,5000000
3899,16,3,4,AgriTech,Mumbai,668013,2484410,Yes,High,5000000
3900,12,4,5,HealthTech,Pune,1630413,397649,No,Low,500000
3901,9,2,1,FinTech,Hyderabad,595272,30888,No,Low,500000
3902,19,14,8,EdTech,Mumbai,222000,1386658,Yes,High,5000000
3903,3,8,6,AI,Chennai,82619,610253,Yes,High,5000000
3904,17,1,3,AI,Kolkata,487848,1028227,Yes,High,5000000
3905,11,5,9,EdTech,Kolkata,391530,635940,Yes,High,5000000
3906,10,5,7,FinTech,Hyderabad,1891259,226062,No,Low,500000
3907,6,11,10,EdTech,Pune,363818,1823304,Yes,High,5000000
3908,15,11,8,FinTech,Pune,139209,2122599,Yes,High,5000000
3909,11,6,1,CleanTech,Hyderabad,1567775,1407208,No,Low,500000
3910,10,4,2,EdTech,Mumbai,250167,98051,No,Low,500000
3911,4,3,1,AgriTech,Kolkata,1025961,2102376,Yes,High,5000000
3912,5,9,6,HealthTech,Mumbai,1010587,1912838,Yes,High,5000000
3913,10,13,7,AI,Pune,1453869,2274318,Yes,High,5000000
3914,9,5,2,AI,Hyderabad,1433333,1529812,Yes,High,5000000
3915,9,7,3,HealthTech,Pune,995226,1022340,Yes,High,5000000
3916,14,1,10,CleanTech,Kolkata,109730,1361017,Yes,High,5000000
3917,10,5,7,AI,Chennai,1954323,1377522,No,Low,500000
3918,15,14,3,E-Commerce,Chennai,1852135,400827,No,Low,500000
3919,19,4,5,HealthTech,Pune,1681235,908866,No,Low,500000
3920,11,10,3,EdTech,Pune,955084,2289062,Yes,High,5000000
3921,6,10,7,FinTech,Chennai,1814814,173177,No,Low,500000
3922,16,0,3,CleanTech,Mumbai,532768,1244221,Yes,High,5000000
3923,8,6,8,CleanTech,Kolkata,591829,1683156,Yes,High,5000000
3924,17,10,9,AgriTech,Delhi,795238,1687029,Yes,High,5000000
3925,9,14,5,HealthTech,Bangalore,772831,2267378,Yes,High,5000000
3926,19,7,5,FinTech,Mumbai,1513730,1313357,No,Low,500000
3927,9,14,4,E-Commerce,Bangalore,1650930,767931,No,Low,500000
3928,14,0,6,EdTech,Hyderabad,909721,869611,No,Low,500000
3929,13,8,8,FinTech,Kolkata,501047,720643,Yes,High,5000000
3930,20,13,2,EdTech,Pune,1410924,2260835,Yes,High,5000000
3931,9,1,6,AI,Hyderabad,295012,299727,Yes,High,5000000
3932,11,11,2,FinTech,Chennai,1894318,681817,No,Low,500000
3933,9,8,3,E-Commerce,Hyderabad,1625429,45764,No,Low,500000
3934,17,7,3,FinTech,Chennai,1948376,1502072,No,Low,500000
3935,16,6,4,AI,Kolkata,372347,1658867,Yes,High,5000000
3936,11,9,7,AI,Kolkata,1303278,630078,No,Low,500000
3937,9,14,8,AgriTech,Bangalore,1566321,1679963,Yes,High,5000000
3938,19,13,3,E-Commerce,Kolkata,1268519,2200776,Yes,High,5000000
3939,13,8,8,CleanTech,Kolkata,1283339,1956019,Yes,High,5000000
3940,5,5,10,FinTech,Delhi,1392946,1688711,Yes,High,5000000
3941,5,11,2,AI,Mumbai,793501,1987644,Yes,High,5000000
3942,13,10,2,AgriTech,Delhi,1156285,1834716,Yes,High,5000000
3943,8,11,7,CleanTech,Bangalore,1855507,922723,No,Low,500000
3944,20,11,6,AI,Delhi,1122135,45688,No,Low,500000
3945,19,7,5,AgriTech,Pune,544294,1952477,Yes,High,5000000
3946,5,13,7,AI,Chennai,165796,2089328,Yes,High,5000000
3947,10,0,7,E-Commerce,Pune,1805410,1377245,No,Low,500000
3948,4,0,3,HealthTech,Delhi,766449,692292,No,Low,500000
3949,7,3,9,FinTech,Delhi,443694,137010,No,Low,500000
3950,20,6,2,HealthTech,Delhi,483960,2252578,Yes,High,5000000
3951,16,0,6,CleanTech,Delhi,1454992,1614017,Yes,High,5000000
3952,11,11,8,FinTech,Pune,985046,250493,No,Low,500000
3953,2,4,9,AgriTech,Pune,605238,1587521,Yes,High,5000000
3954,16,1,10,EdTech,Bangalore,1930406,2344595,Yes,High,5000000
3955,2,8,6,E-Commerce,Mumbai,417645,2126626,Yes,High,5000000
3956,14,6,1,AgriTech,Bangalore,1264522,2099406,Yes,High,5000000
3957,18,4,1,CleanTech,Chennai,500917,1588488,Yes,High,5000000
3958,15,13,8,EdTech,Chennai,1874567,628878,No,Low,500000
3959,5,1,9,HealthTech,Kolkata,970862,84856,No,Low,500000
3960,16,10,10,HealthTech,Kolkata,1268140,150095,No,Low,500000
3961,5,2,6,EdTech,Kolkata,1464048,2263774,Yes,High,5000000
3962,16,9,10,FinTech,Chennai,293810,1099013,Yes,High,5000000
3963,7,2,1,CleanTech,Mumbai,733543,2226380,Yes,High,5000000
3964,6,1,9,EdTech,Mumbai,1472756,2149153,Yes,High,5000000
3965,13,8,9,CleanTech,Mumbai,1290831,1081895,No,Low,500000
3966,16,14,2,EdTech,Delhi,719040,1859591,Yes,High,5000000
3967,16,5,2,HealthTech,Delhi,1407122,2447477,Yes,High,5000000
3968,7,12,7,FinTech,Delhi,1196593,1757273,Yes,High,5000000
3969,6,8,3,E-Commerce,Hyderabad,93009,573688,Yes,High,5000000
3970,11,3,6,EdTech,Delhi,718788,902037,Yes,High,5000000
3971,11,5,5,AgriTech,Chennai,1476624,698448,No,Low,500000
3972,17,0,9,CleanTech,Bangalore,246680,1831989,Yes,High,5000000
3973,19,8,6,CleanTech,Pune,830154,1744267,Yes,High,5000000
3974,9,11,5,FinTech,Kolkata,904350,1971115,Yes,High,5000000
3975,11,10,6,HealthTech,Chennai,1308178,718666,No,Low,500000
3976,6,9,1,E-Commerce,Delhi,815089,2110541,Yes,High,5000000
3977,8,11,2,FinTech,Bangalore,1807403,2083553,Yes,High,5000000
3978,6,12,6,E-Commerce,Bangalore,233054,828109,Yes,High,5000000
3979,3,6,2,AI,Delhi,1633003,203446,No,Low,500000
3980,14,12,4,AgriTech,Mumbai,1348358,2383519,Yes,High,5000000
3981,19,14,1,CleanTech,Bangalore,546735,630247,Yes,High,5000000
3982,11,6,9,FinTech,Kolkata,647185,1499983,Yes,High,5000000
3983,14,1,2,EdTech,Pune,1759019,2269840,Yes,High,5000000
3984,8,10,4,AgriTech,Kolkata,1561242,1035395,No,Low,500000
3985,2,1,4,CleanTech,Kolkata,384865,416044,Yes,High,5000000
3986,18,5,6,AgriTech,Pune,1149373,1147217,No,Low,500000
3987,19,10,3,AI,Mumbai,1054378,537060,No,Low,500000
3988,11,1,5,CleanTech,Hyderabad,262672,1742172,Yes,High,5000000
3989,17,8,2,CleanTech,Kolkata,72398,101824,Yes,High,5000000
3990,18,2,7,CleanTech,Pune,360023,2293506,Yes,High,5000000
3991,7,0,8,EdTech,Bangalore,497601,722458,Yes,High,5000000
3992,10,11,7,EdTech,Delhi,1021244,480956,No,Low,500000
3993,4,4,4,FinTech,Kolkata,1433072,390416,No,Low,500000
3994,12,8,4,FinTech,Mumbai,606085,2288514,Yes,High,5000000
3995,8,5,3,FinTech,Mumbai,852210,1665146,Yes,High,5000000
3996,14,8,2,E-Commerce,Delhi,540281,333070,No,Low,500000
3997,6,8,9,EdTech,Bangalore,1500236,827715,No,Low,500000
3998,15,14,5,CleanTech,Kolkata,1230678,799950,No,Low,500000
3999,5,10,6,CleanTech,Pune,1068324,814349,No,Low,500000
4000,20,1,1,E-Commerce,Kolkata,1672510,588893,No,Low,500000
4001,11,15,6,AgriTech,Kolkata,594873,1327863,Yes,High,5000000
4002,17,14,9,FinTech,Delhi,824789,1221666,Yes,High,5000000
4003,20,3,10,AI,Chennai,1924720,2165006,Yes,High,5000000
4004,10,10,9,FinTech,Delhi,257197,1264562,Yes,High,5000000
4005,10,10,10,CleanTech,Kolkata,818538,1079158,Yes,High,5000000
4006,14,14,3,AgriTech,Mumbai,1538864,1004379,No,Low,500000
4007,15,3,4,CleanTech,Mumbai,745285,828334,Yes,High,5000000
4008,13,10,8,EdTech,Kolkata,1811955,153868,No,Low,500000
4009,18,2,6,AI,Bangalore,872029,224921,No,Low,500000
4010,6,3,2,CleanTech,Delhi,372380,1776783,Yes,High,5000000
4011,5,8,7,FinTech,Delhi,1769396,1396471,No,Low,500000
4012,8,11,1,E-Commerce,Pune,498163,1167200,Yes,High,5000000
4013,10,3,7,CleanTech,Hyderabad,1581746,1343248,No,Low,500000
4014,11,4,4,AI,Kolkata,1278740,2274572,Yes,High,5000000
4015,6,1,1,AgriTech,Mumbai,1248612,1802134,Yes,High,5000000
4016,17,7,2,FinTech,Delhi,182921,2175905,Yes,High,5000000
4017,19,5,9,FinTech,Kolkata,1817078,475960,No,Low,500000
4018,6,14,9,AgriTech,Pune,584282,2008810,Yes,High,5000000
4019,11,2,7,EdTech,Hyderabad,972333,1903141,Yes,High,5000000
4020,6,10,1,AgriTech,Bangalore,1417103,82195,No,Low,500000
4021,20,5,5,FinTech,Chennai,1968569,268573,No,Low,500000
4022,9,6,1,E-Commerce,Pune,802212,1261673,Yes,High,5000000
4023,8,3,1,AgriTech,Bangalore,1389394,1740906,Yes,High,5000000
4024,12,12,3,EdTech,Kolkata,108551,1222001,Yes,High,5000000
4025,4,14,1,AI,Kolkata,922687,2334750,Yes,High,5000000
4026,18,6,8,CleanTech,Delhi,744351,1910250,Yes,High,5000000
4027,11,11,8,E-Commerce,Pune,348426,2269436,Yes,High,5000000
4028,16,10,1,AI,Pune,539861,1312639,Yes,High,5000000
4029,6,4,6,EdTech,Mumbai,1771486,163019,No,Low,500000
4030,19,3,4,E-Commerce,Hyderabad,1289473,2266109,Yes,High,5000000
4031,20,7,8,AI,Pune,366414,1469285,Yes,High,5000000
4032,9,14,4,AgriTech,Mumbai,384093,2176464,Yes,High,5000000
4033,7,6,1,E-Commerce,Chennai,155723,2258609,Yes,High,5000000
4034,12,14,6,EdTech,Bangalore,1587484,2078275,Yes,High,5000000
4035,16,3,10,E-Commerce,Pune,1726946,1128318,No,Low,500000
4036,4,1,1,AI,Bangalore,1389554,992346,No,Low,500000
4037,12,12,3,HealthTech,Mumbai,1864343,593041,No,Low,500000
4038,6,5,1,EdTech,Hyderabad,106357,74467,No,Low,500000
4039,17,8,2,EdTech,Delhi,1527827,1788643,Yes,High,5000000
4040,3,5,2,CleanTech,Chennai,1981253,2050590,Yes,High,5000000
4041,11,13,10,EdTech,Hyderabad,1075575,1578555,Yes,High,5000000
4042,17,0,7,E-Commerce,Chennai,1620213,279830,No,Low,500000
4043,16,13,2,AI,Chennai,551692,2357044,Yes,High,5000000
4044,16,4,6,E-Commerce,Pune,408019,1300108,Yes,High,5000000
4045,10,0,6,EdTech,Pune,132739,1379672,Yes,High,5000000
4046,15,7,8,EdTech,Chennai,283446,2485955,Yes,High,5000000
4047,8,10,8,AgriTech,Bangalore,1400989,417055,No,Low,500000
4048,2,7,6,FinTech,Hyderabad,1650074,2173049,Yes,High,5000000
4049,13,14,5,EdTech,Kolkata,1197225,1297617,Yes,High,5000000
4050,19,15,6,AgriTech,Pune,1217462,1806755,Yes,High,5000000
4051,3,7,5,CleanTech,Mumbai,1780021,837840,No,Low,500000
4052,14,5,2,CleanTech,Hyderabad,1207154,1423029,Yes,High,5000000
4053,5,6,8,FinTech,Kolkata,1713871,1755614,Yes,High,5000000
4054,8,10,5,CleanTech,Bangalore,403131,334953,No,Low,500000
4055,9,5,4,EdTech,Pune,529550,2359242,Yes,High,5000000
4056,11,10,1,HealthTech,Chennai,1743803,862082,No,Low,500000
4057,17,1,8,AI,Bangalore,804255,1357373,Yes,High,5000000
4058,15,13,8,FinTech,Chennai,172966,1946726,Yes,High,5000000
4059,9,7,1,AgriTech,Kolkata,1518764,282199,No,Low,500000
4060,15,7,2,HealthTech,Delhi,888809,1377501,Yes,High,5000000
4061,14,5,2,HealthTech,Chennai,1513582,2164627,Yes,High,5000000
4062,3,3,6,EdTech,Hyderabad,1652331,2477174,Yes,High,5000000
4063,9,3,8,E-Commerce,Kolkata,1321692,1842301,Yes,High,5000000
4064,11,7,6,EdTech,Mumbai,1869615,1493102,No,Low,500000
4065,6,6,10,FinTech,Bangalore,1517131,2404953,Yes,High,5000000
4066,16,14,8,EdTech,Mumbai,391445,839955,Yes,High,5000000
4067,18,12,4,CleanTech,Chennai,1349882,1202003,No,Low,500000
4068,16,9,2,AgriTech,Chennai,1045771,2177786,Yes,High,5000000
4069,14,6,5,CleanTech,Kolkata,1141078,2149081,Yes,High,5000000
4070,14,3,2,AgriTech,Kolkata,1237231,1891418,Yes,High,5000000
4071,2,15,4,AgriTech,Pune,1338036,2417537,Yes,High,5000000
4072,8,1,8,AgriTech,Mumbai,1700576,1082879,No,Low,500000
4073,11,14,9,FinTech,Mumbai,1959515,924313,No,Low,500000
4074,2,1,2,HealthTech,Kolkata,1383777,465120,No,Low,500000
4075,10,9,6,CleanTech,Hyderabad,1738891,2209926,Yes,High,5000000
4076,7,4,2,HealthTech,Chennai,1054345,761886,No,Low,500000
4077,13,7,7,FinTech,Pune,1831253,937519,No,Low,500000
4078,20,11,1,HealthTech,Delhi,577417,1599755,Yes,High,5000000
4079,4,1,9,EdTech,Mumbai,1997154,889971,No,Low,500000
4080,17,13,4,EdTech,Kolkata,662010,342189,No,Low,500000
4081,5,14,9,EdTech,Chennai,1443759,661432,No,Low,500000
4082,19,12,1,AI,Mumbai,694866,359059,No,Low,500000
4083,12,3,1,AgriTech,Bangalore,175821,448895,Yes,High,5000000
4084,11,12,6,EdTech,Pune,1492786,2404836,Yes,High,5000000
4085,10,11,7,CleanTech,Mumbai,214156,1023879,Yes,High,5000000
4086,20,15,5,EdTech,Delhi,1097158,859672,No,Low,500000
4087,12,14,10,E-Commerce,Hyderabad,254270,2181516,Yes,High,5000000
4088,16,8,8,HealthTech,Delhi,1068719,2247305,Yes,High,5000000
4089,14,7,3,HealthTech,Kolkata,1274596,2450362,Yes,High,5000000
4090,7,2,5,E-Commerce,Kolkata,632262,1658145,Yes,High,5000000
4091,16,5,5,AI,Delhi,598813,887982,Yes,High,5000000
4092,15,9,7,AgriTech,Bangalore,1181452,1192861,Yes,High,5000000
4093,9,5,10,HealthTech,Pune,587988,167912,No,Low,500000
4094,12,10,4,E-Commerce,Pune,1248990,2319485,Yes,High,5000000
4095,7,7,2,FinTech,Bangalore,1222385,129690,No,Low,500000
4096,12,5,8,AI,Kolkata,1533338,2015294,Yes,High,5000000
4097,16,7,2,E-Commerce,Chennai,1302086,1439321,Yes,High,5000000
4098,5,15,10,AI,Mumbai,1926986,1495612,No,Low,500000
4099,11,14,5,AI,Pune,969641,508088,No,Low,500000
4100,4,0,6,AgriTech,Bangalore,917176,271104,No,Low,500000
4101,7,7,7,AI,Bangalore,249095,177024,No,Low,500000
4102,20,5,9,AI,Chennai,1382182,1839496,Yes,High,5000000
4103,4,6,1,CleanTech,Mumbai,1777837,1491850,No,Low,500000
4104,4,3,8,E-Commerce,Chennai,1241195,2451367,Yes,High,5000000
4105,19,10,2,E-Commerce,Mumbai,871288,2034656,Yes,High,5000000
4106,18,4,10,E-Commerce,Mumbai,561126,1854179,Yes,High,5000000
4107,20,10,9,EdTech,Chennai,1341157,1390299,Yes,High,5000000
4108,13,5,1,E-Commerce,Pune,460729,1194564,Yes,High,5000000
4109,13,2,3,AI,Hyderabad,834313,2201348,Yes,High,5000000
4110,3,7,7,EdTech,Delhi,569036,1254415,Yes,High,5000000
4111,8,10,10,CleanTech,Delhi,527148,1861718,Yes,High,5000000
4112,8,0,2,HealthTech,Mumbai,753132,742547,No,Low,500000
4113,5,0,10,E-Commerce,Hyderabad,109080,1128407,Yes,High,5000000
4114,17,12,4,CleanTech,Chennai,830676,1267858,Yes,High,5000000
4115,7,14,2,E-Commerce,Kolkata,1768042,140732,No,Low,500000
4116,2,4,5,EdTech,Mumbai,1854017,1762908,No,Low,500000
4117,9,13,6,EdTech,Hyderabad,1421822,1830911,Yes,High,5000000
4118,12,8,8,E-Commerce,Pune,806112,1811260,Yes,High,5000000
4119,9,4,2,HealthTech,Delhi,1042655,2399942,Yes,High,5000000
4120,9,2,4,HealthTech,Bangalore,272420,913862,Yes,High,5000000
4121,3,6,4,CleanTech,Bangalore,1643464,1983831,Yes,High,5000000
4122,9,11,6,FinTech,Chennai,607546,2385066,Yes,High,5000000
4123,11,0,2,CleanTech,Kolkata,102841,386319,Yes,High,5000000
4124,3,0,10,AgriTech,Chennai,349024,166322,No,Low,500000
4125,11,11,7,EdTech,Mumbai,1077818,746648,No,Low,500000
4126,4,11,6,AI,Chennai,660892,1165282,Yes,High,5000000
4127,7,12,6,HealthTech,Bangalore,637066,409241,No,Low,500000
4128,4,11,1,HealthTech,Bangalore,1454768,1418119,No,Low,500000
4129,10,11,4,AI,Bangalore,1598871,2094573,Yes,High,5000000
4130,16,7,10,FinTech,Kolkata,1424390,1649371,Yes,High,5000000
4131,3,15,1,FinTech,Hyderabad,53353,1949278,Yes,High,5000000
4132,18,13,2,EdTech,Bangalore,1313920,221089,No,Low,500000
4133,17,14,5,CleanTech,Delhi,1633099,954860,No,Low,500000
4134,2,15,4,CleanTech,Chennai,1019053,1318251,Yes,High,5000000
4135,17,6,6,HealthTech,Pune,900003,1031977,Yes,High,5000000
4136,19,12,10,E-Commerce,Pune,510929,796886,Yes,High,5000000
4137,20,1,4,EdTech,Hyderabad,1607704,206989,No,Low,500000
4138,17,12,9,E-Commerce,Hyderabad,1198907,2408962,Yes,High,5000000
4139,6,0,9,HealthTech,Hyderabad,979330,184671,No,Low,500000
4140,9,15,9,FinTech,Delhi,1082746,2121396,Yes,High,5000000
4141,12,14,10,E-Commerce,Pune,1648311,1410803,No,Low,500000
4142,4,3,8,HealthTech,Delhi,377289,1276992,Yes,High,5000000
4143,20,7,6,HealthTech,Mumbai,684094,1589542,Yes,High,5000000
4144,14,1,7,HealthTech,Hyderabad,296799,1822211,Yes,High,5000000
4145,12,13,9,AI,Bangalore,87471,1530257,Yes,High,5000000
4146,7,10,5,HealthTech,Hyderabad,1605248,1699621,Yes,High,5000000
4147,8,4,6,AI,Mumbai,472924,47031,No,Low,500000
4148,6,0,5,AI,Delhi,1257710,24745,No,Low,500000
4149,15,2,10,HealthTech,Pune,1099537,426053,No,Low,500000
4150,18,5,4,AgriTech,Bangalore,1724604,2453821,Yes,High,5000000
4151,13,9,9,FinTech,Delhi,1153898,1244356,Yes,High,5000000
4152,2,10,2,EdTech,Chennai,1066635,2450201,Yes,High,5000000
4153,12,0,2,EdTech,Bangalore,1854663,1034226,No,Low,500000
4154,16,3,6,HealthTech,Pune,1627143,1585007,No,Low,500000
4155,13,10,5,FinTech,Hyderabad,1288792,2144747,Yes,High,5000000
4156,7,2,6,FinTech,Bangalore,1374427,995991,No,Low,500000
4157,16,1,5,FinTech,Kolkata,1517640,1160463,No,Low,500000
4158,6,1,8,AgriTech,Pune,620741,767410,Yes,High,5000000
4159,12,7,10,FinTech,Delhi,1238456,2134989,Yes,High,5000000
4160,19,7,1,CleanTech,Delhi,1195755,1970875,Yes,High,5000000
4161,6,2,6,EdTech,Delhi,616867,1304058,Yes,High,5000000
4162,2,14,10,AI,Hyderabad,1238460,1319913,Yes,High,5000000
4163,4,2,1,EdTech,Chennai,1743989,1554434,No,Low,500000
4164,6,9,9,CleanTech,Mumbai,1732686,1318708,No,Low,500000
4165,16,8,8,AgriTech,Bangalore,282630,1568506,Yes,High,5000000
4166,19,7,9,AgriTech,Kolkata,836709,1378335,Yes,High,5000000
4167,13,7,4,CleanTech,Pune,983998,869226,No,Low,500000
4168,6,10,3,EdTech,Hyderabad,1459473,1163297,No,Low,500000
4169,14,2,6,AI,Chennai,1297533,2368178,Yes,High,5000000
4170,16,5,3,AgriTech,Pune,466901,1605148,Yes,High,5000000
4171,19,14,6,AgriTech,Delhi,403131,2325435,Yes,High,5000000
4172,8,8,6,HealthTech,Chennai,997111,676680,No,Low,500000
4173,13,14,5,E-Commerce,Bangalore,1440156,2021574,Yes,High,5000000
4174,5,0,2,FinTech,Hyderabad,1510335,149034,No,Low,500000
4175,17,1,8,AgriTech,Bangalore,1449910,1153055,No,Low,500000
4176,15,7,7,HealthTech,Bangalore,531914,2193650,Yes,High,5000000
4177,19,10,9,HealthTech,Delhi,126385,319022,Yes,High,5000000
4178,8,8,4,AI,Pune,415735,1889529,Yes,High,5000000
4179,19,7,3,AgriTech,Pune,1892519,1335097,No,Low,500000
4180,18,0,7,EdTech,Mumbai,1729273,2462360,Yes,High,5000000
4181,8,12,8,EdTech,Chennai,369044,394320,Yes,High,5000000
4182,15,2,5,HealthTech,Delhi,1048918,42479,No,Low,500000
4183,11,1,3,AgriTech,Chennai,755409,418554,No,Low,500000
4184,17,11,4,HealthTech,Delhi,1147806,1966866,Yes,High,5000000
4185,2,14,4,AI,Mumbai,823273,821542,No,Low,500000
4186,20,3,3,FinTech,Pune,1191129,2231571,Yes,High,5000000
4187,7,4,2,AI,Pune,626036,838941,Yes,High,5000000
4188,17,10,10,FinTech,Kolkata,155244,1801408,Yes,High,5000000
4189,11,9,10,CleanTech,Hyderabad,317296,795191,Yes,High,5000000
4190,12,7,4,AgriTech,Mumbai,397058,54245,No,Low,500000
4191,3,8,10,HealthTech,Mumbai,954076,2254164,Yes,High,5000000
4192,14,10,5,HealthTech,Chennai,1410483,1242252,No,Low,500000
4193,3,10,7,AgriTech,Bangalore,283828,1126612,Yes,High,5000000
4194,7,13,3,E-Commerce,Kolkata,1186499,1698003,Yes,High,5000000
4195,13,10,3,EdTech,Delhi,576203,187787,No,Low,500000
4196,7,2,5,HealthTech,Chennai,1106480,504463,No,Low,500000
4197,4,8,3,AI,Delhi,537733,445334,No,Low,500000
4198,15,12,9,HealthTech,Delhi,1788606,1614176,No,Low,500000
4199,16,4,6,FinTech,Hyderabad,849892,786743,No,Low,500000
4200,10,8,10,E-Commerce,Hyderabad,1429848,1818641,Yes,High,5000000
4201,6,13,6,FinTech,Chennai,217131,2266314,Yes,High,5000000
4202,2,4,5,HealthTech,Delhi,628315,1328957,Yes,High,5000000
4203,13,13,8,FinTech,Pune,175562,1559376,Yes,High,5000000
4204,10,0,4,FinTech,Kolkata,1050413,2442723,Yes,High,5000000
4205,11,0,5,HealthTech,Hyderabad,1627460,1228820,No,Low,500000
4206,17,6,3,CleanTech,Mumbai,784191,33500,No,Low,500000
4207,4,9,4,CleanTech,Hyderabad,1554001,450655,No,Low,500000
4208,17,1,5,EdTech,Chennai,1720229,41112,No,Low,500000
4209,19,15,5,AI,Mumbai,66342,258294,Yes,High,5000000
4210,15,11,3,FinTech,Mumbai,888711,2305230,Yes,High,5000000
4211,5,12,9,FinTech,Pune,333254,210709,No,Low,500000
4212,5,15,8,AI,Chennai,240721,1152836,Yes,High,5000000
4213,12,15,10,E-Commerce,Hyderabad,1459487,1771162,Yes,High,5000000
4214,14,8,10,EdTech,Chennai,359826,1941435,Yes,High,5000000
4215,11,9,5,AI,Bangalore,1123396,1176948,Yes,High,5000000
4216,17,8,3,FinTech,Chennai,1677999,2235002,Yes,High,5000000
4217,12,12,10,AgriTech,Delhi,1967637,1386921,No,Low,500000
4218,16,1,6,EdTech,Mumbai,224060,669788,Yes,High,5000000
4219,7,0,10,HealthTech,Bangalore,594371,2153413,Yes,High,5000000
4220,15,9,3,E-Commerce,Bangalore,165996,236308,Yes,High,5000000
4221,7,13,5,HealthTech,Delhi,1226515,917531,No,Low,500000
4222,10,7,3,E-Commerce,Bangalore,609712,143463,No,Low,500000
4223,3,1,4,AI,Hyderabad,697217,417898,No,Low,500000
4224,5,2,4,AI,Mumbai,1751485,794343,No,Low,500000
4225,11,6,2,AI,Bangalore,282828,1332747,Yes,High,5000000
4226,9,6,4,HealthTech,Pune,1469122,2162725,Yes,High,5000000
4227,4,6,1,AI,Kolkata,1306260,1092039,No,Low,500000
4228,19,10,1,E-Commerce,Mumbai,1382938,2001613,Yes,High,5000000
4229,16,13,7,FinTech,Pune,814391,75135,No,Low,500000
4230,15,9,2,AI,Bangalore,1318361,205791,No,Low,500000
4231,11,0,9,AI,Mumbai,1739730,900930,No,Low,500000
4232,16,6,9,AgriTech,Pune,425121,1953792,Yes,High,5000000
4233,3,5,2,CleanTech,Chennai,1813950,2231334,Yes,High,5000000
4234,5,3,6,AgriTech,Chennai,542809,2387055,Yes,High,5000000
4235,4,13,7,AgriTech,Hyderabad,433125,423281,No,Low,500000
4236,2,3,4,AI,Kolkata,269624,308871,Yes,High,5000000
4237,19,15,3,FinTech,Pune,663393,2041141,Yes,High,5000000
4238,12,9,3,EdTech,Hyderabad,1662715,2428958,Yes,High,5000000
4239,15,9,6,HealthTech,Mumbai,82779,1412480,Yes,High,5000000
4240,7,1,5,AgriTech,Hyderabad,1462983,41319,No,Low,500000
4241,17,15,7,AI,Pune,1432866,614094,No,Low,500000
4242,4,15,7,AgriTech,Pune,744892,1532081,Yes,High,5000000
4243,19,3,10,CleanTech,Bangalore,1521435,96332,No,Low,500000
4244,6,9,8,E-Commerce,Bangalore,1096860,620271,No,Low,500000
4245,13,3,2,CleanTech,Bangalore,384229,1334789,Yes,High,5000000
4246,12,5,2,AgriTech,Mumbai,1171049,993915,No,Low,500000
4247,19,7,5,CleanTech,Pune,767847,1145309,Yes,High,5000000
4248,8,13,4,AgriTech,Kolkata,1526859,191368,No,Low,500000
4249,16,5,3,CleanTech,Kolkata,670356,206746,No,Low,500000
4250,11,7,10,AI,Chennai,1355166,94301,No,Low,500000
4251,11,15,2,FinTech,Bangalore,1986174,739985,No,Low,500000
4252,17,6,6,FinTech,Mumbai,1645452,563591,No,Low,500000
4253,3,9,10,FinTech,Kolkata,1142405,360247,No,Low,500000
4254,16,6,6,E-Commerce,Mumbai,1251789,766782,No,Low,500000
4255,18,4,7,AgriTech,Delhi,400983,1984339,Yes,High,5000000
4256,6,4,10,FinTech,Hyderabad,1700040,2366710,Yes,High,5000000
4257,6,6,7,AgriTech,Mumbai,433746,2000466,Yes,High,5000000
4258,20,2,1,HealthTech,Hyderabad,559756,1321592,Yes,High,5000000
4259,15,9,8,E-Commerce,Hyderabad,940989,1024685,Yes,High,5000000
4260,11,9,7,CleanTech,Mumbai,567609,2046061,Yes,High,5000000
4261,4,15,10,CleanTech,Mumbai,482612,1139912,Yes,High,5000000
4262,5,11,3,CleanTech,Chennai,1375621,1740392,Yes,High,5000000
4263,20,5,7,EdTech,Mumbai,1284889,883039,No,Low,500000
4264,3,4,8,E-Commerce,Mumbai,1214555,189843,No,Low,500000
4265,13,5,1,EdTech,Pune,1073336,1103216,Yes,High,5000000
4266,8,2,3,EdTech,Kolkata,153544,2498359,Yes,High,5000000
4267,3,3,6,HealthTech,Chennai,547939,868253,Yes,High,5000000
4268,16,12,3,EdTech,Delhi,1359444,477649,No,Low,500000
4269,20,8,1,FinTech,Delhi,724639,1145535,Yes,High,5000000
4270,2,15,1,FinTech,Pune,1350151,2439809,Yes,High,5000000
4271,9,14,6,AI,Delhi,1735991,1221874,No,Low,500000
4272,5,6,10,HealthTech,Chennai,292976,623584,Yes,High,5000000
4273,16,12,6,CleanTech,Chennai,1740215,1552387,No,Low,500000
4274,13,1,2,AI,Bangalore,320104,666005,Yes,High,5000000
4275,5,14,6,AI,Hyderabad,874529,725382,No,Low,500000
4276,20,9,4,AI,Mumbai,1377379,205689,No,Low,500000
4277,19,1,10,FinTech,Pune,1912619,1487871,No,Low,500000
4278,9,4,2,EdTech,Delhi,251099,2321060,Yes,High,5000000
4279,19,12,5,HealthTech,Kolkata,274465,2309666,Yes,High,5000000
4280,2,12,5,AI,Bangalore,1945179,1640438,No,Low,500000
4281,20,1,10,E-Commerce,Pune,1636490,1811674,Yes,High,5000000
4282,2,8,2,AI,Pune,574978,1193932,Yes,High,5000000
4283,4,11,8,AI,Chennai,1277026,2286087,Yes,High,5000000
4284,6,2,6,CleanTech,Chennai,1575056,47398,No,Low,500000
4285,3,1,4,HealthTech,Kolkata,1796693,1342237,No,Low,500000
4286,15,7,8,HealthTech,Mumbai,641881,373592,No,Low,500000
4287,7,14,10,EdTech,Pune,619060,1466361,Yes,High,5000000
4288,17,4,9,CleanTech,Mumbai,700254,1811570,Yes,High,5000000
4289,19,6,1,EdTech,Mumbai,764046,1822968,Yes,High,5000000
4290,14,1,1,HealthTech,Kolkata,205855,1385637,Yes,High,5000000
4291,4,8,4,AI,Delhi,1414890,2250283,Yes,High,5000000
4292,3,6,3,EdTech,Bangalore,99615,514518,Yes,High,5000000
4293,3,9,2,AI,Kolkata,491073,811231,Yes,High,5000000
4294,16,5,10,AgriTech,Chennai,793601,1556919,Yes,High,5000000
4295,5,5,10,E-Commerce,Pune,1590633,2363824,Yes,High,5000000
4296,19,3,1,AI,Mumbai,583824,1734447,Yes,High,5000000
4297,5,15,8,EdTech,Hyderabad,1397904,483623,No,Low,500000
4298,18,11,3,EdTech,Hyderabad,699991,751101,Yes,High,5000000
4299,9,13,2,HealthTech,Kolkata,286771,458490,Yes,High,5000000
4300,18,12,7,HealthTech,Bangalore,843248,264913,No,Low,500000
4301,7,1,4,EdTech,Chennai,1139282,2317170,Yes,High,5000000
4302,16,5,6,FinTech,Delhi,1274507,108429,No,Low,500000
4303,8,4,3,AgriTech,Delhi,1043870,548067,No,Low,500000
4304,20,14,5,FinTech,Delhi,1372862,62562,No,Low,500000
4305,15,5,2,HealthTech,Kolkata,987721,1864445,Yes,High,5000000
4306,16,10,8,EdTech,Kolkata,1631469,468167,No,Low,500000
4307,3,7,4,HealthTech,Delhi,1807756,1662781,No,Low,500000
4308,14,4,8,E-Commerce,Delhi,119383,443077,Yes,High,5000000
4309,11,5,10,AgriTech,Pune,878203,1459558,Yes,High,5000000
4310,3,4,4,HealthTech,Kolkata,1793536,2232321,Yes,High,5000000
4311,3,14,3,HealthTech,Pune,438414,368877,No,Low,500000
4312,16,3,5,AI,Pune,1880362,2385573,Yes,High,5000000
4313,13,8,3,AI,Pune,558843,1124114,Yes,High,5000000
4314,18,4,8,CleanTech,Mumbai,1557650,523199,No,Low,500000
4315,12,9,4,EdTech,Pune,1713136,2309934,Yes,High,5000000
4316,8,10,1,HealthTech,Chennai,1219375,2499403,Yes,High,5000000
4317,13,12,8,AgriTech,Bangalore,1734326,2447852,Yes,High,5000000
4318,18,4,10,FinTech,Kolkata,1819010,980327,No,Low,500000
4319,19,6,4,AgriTech,Bangalore,131925,2257522,Yes,High,5000000
4320,8,8,5,E-Commerce,Delhi,1992280,2325301,Yes,High,5000000
4321,5,1,10,FinTech,Pune,861559,1299220,Yes,High,5000000
4322,4,10,9,AgriTech,Kolkata,1616720,682772,No,Low,500000
4323,5,8,2,FinTech,Bangalore,1381374,1228231,No,Low,500000
4324,11,6,6,EdTech,Chennai,1697331,694361,No,Low,500000
4325,10,5,2,AI,Hyderabad,994732,92822,No,Low,500000
4326,6,6,6,CleanTech,Chennai,1357853,131730,No,Low,500000
4327,2,11,6,E-Commerce,Delhi,559006,218356,No,Low,500000
4328,9,6,4,EdTech,Hyderabad,131088,298308,Yes,High,5000000
4329,2,2,7,E-Commerce,Kolkata,722996,1519399,Yes,High,5000000
4330,6,2,4,AgriTech,Delhi,539534,1399053,Yes,High,5000000
4331,5,5,10,AI,Delhi,204600,824934,Yes,High,5000000
4332,7,10,9,CleanTech,Bangalore,573367,480603,No,Low,500000
4333,5,6,3,CleanTech,Kolkata,534506,24855,No,Low,500000
4334,16,3,4,FinTech,Hyderabad,67839,2336392,Yes,High,5000000
4335,13,3,8,CleanTech,Hyderabad,1454565,585522,No,Low,500000
4336,4,13,6,AgriTech,Bangalore,721728,2073123,Yes,High,5000000
4337,17,1,4,CleanTech,Kolkata,1303691,1629568,Yes,High,5000000
4338,3,0,8,CleanTech,Mumbai,1294678,1764683,Yes,High,5000000
4339,17,11,10,AI,Pune,897698,795957,No,Low,500000
4340,14,5,9,EdTech,Chennai,53712,1715452,Yes,High,5000000
4341,16,5,2,E-Commerce,Mumbai,854733,1441071,Yes,High,5000000
4342,16,13,5,AI,Hyderabad,1233238,945889,No,Low,500000
4343,10,1,3,EdTech,Kolkata,878427,96049,No,Low,500000
4344,9,4,1,HealthTech,Chennai,1924488,2276163,Yes,High,5000000
4345,18,15,5,CleanTech,Pune,533772,1835582,Yes,High,5000000
4346,18,3,1,E-Commerce,Mumbai,351057,2276359,Yes,High,5000000
4347,7,9,9,AgriTech,Kolkata,1697693,1065384,No,Low,500000
4348,14,1,9,AI,Hyderabad,1749380,2255924,Yes,High,5000000
4349,16,13,5,AI,Mumbai,1300930,622930,No,Low,500000
4350,7,6,9,HealthTech,Kolkata,1530074,2359673,Yes,High,5000000
4351,3,8,7,AgriTech,Kolkata,1300277,152273,No,Low,500000
4352,12,7,2,HealthTech,Delhi,1358765,231160,No,Low,500000
4353,6,13,6,CleanTech,Pune,1779437,2081055,Yes,High,5000000
4354,6,1,9,E-Commerce,Pune,1316756,1926054,Yes,High,5000000
4355,3,7,2,E-Commerce,Bangalore,1336813,337106,No,Low,500000
4356,8,1,8,EdTech,Kolkata,1583016,736665,No,Low,500000
4357,12,2,5,FinTech,Delhi,1107260,2099654,Yes,High,5000000
4358,16,3,3,HealthTech,Pune,105098,2424959,Yes,High,5000000
4359,2,9,5,AgriTech,Kolkata,1954905,770655,No,Low,500000
4360,11,7,10,FinTech,Delhi,86515,1121598,Yes,High,5000000
4361,5,3,9,AgriTech,Chennai,911587,410907,No,Low,500000
4362,8,13,8,E-Commerce,Mumbai,322570,408232,Yes,High,5000000
4363,11,3,5,FinTech,Mumbai,537696,951575,Yes,High,5000000
4364,6,1,8,EdTech,Delhi,1583676,871503,No,Low,500000
4365,18,6,4,AgriTech,Chennai,130602,421817,Yes,High,5000000
4366,14,2,9,AI,Mumbai,864064,260200,No,Low,500000
4367,11,15,9,HealthTech,Kolkata,1458807,1691793,Yes,High,5000000
4368,19,2,5,CleanTech,Pune,1066156,2094616,Yes,High,5000000
4369,8,5,7,FinTech,Delhi,1235098,894269,No,Low,500000
4370,7,13,9,E-Commerce,Bangalore,597064,1917171,Yes,High,5000000
4371,12,5,2,AgriTech,Chennai,780386,901486,Yes,High,5000000
4372,12,1,1,E-Commerce,Bangalore,1589187,1302926,No,Low,500000
4373,19,14,4,AI,Chennai,1752325,224865,No,Low,500000
4374,3,2,1,EdTech,Hyderabad,267703,2053492,Yes,High,5000000
4375,14,9,7,AgriTech,Hyderabad,322872,39684,No,Low,500000
4376,2,10,2,HealthTech,Mumbai,1617394,2127597,Yes,High,5000000
4377,2,6,1,E-Commerce,Bangalore,1088140,1051491,No,Low,500000
4378,4,0,6,AI,Pune,1491130,692161,No,Low,500000
4379,10,8,7,E-Commerce,Bangalore,772997,1392546,Yes,High,5000000
4380,5,4,5,EdTech,Chennai,1399526,837246,No,Low,500000
4381,14,8,6,HealthTech,Pune,113205,950361,Yes,High,5000000
4382,9,3,1,E-Commerce,Kolkata,1154576,58206,No,Low,500000
4383,13,11,3,CleanTech,Bangalore,1701911,2407061,Yes,High,5000000
4384,5,10,8,FinTech,Bangalore,390486,858792,Yes,High,5000000
4385,2,7,7,AgriTech,Delhi,115076,2166328,Yes,High,5000000
4386,18,10,5,FinTech,Pune,940963,2203761,Yes,High,5000000
4387,19,2,10,E-Commerce,Chennai,186233,2327728,Yes,High,5000000
4388,14,5,10,AgriTech,Pune,602225,1672183,Yes,High,5000000
4389,14,14,5,AI,Bangalore,727247,2345589,Yes,High,5000000
4390,8,10,4,FinTech,Bangalore,1362518,1786977,Yes,High,5000000
4391,19,0,2,AI,Delhi,207468,1703194,Yes,High,5000000
4392,12,9,5,HealthTech,Chennai,1223122,1775494,Yes,High,5000000
4393,7,14,4,HealthTech,Pune,244056,194061,No,Low,500000
4394,16,2,3,AI,Bangalore,855307,1121735,Yes,High,5000000
4395,15,6,8,EdTech,Delhi,1927824,1466006,No,Low,500000
4396,9,3,5,FinTech,Chennai,1699605,573249,No,Low,500000
4397,9,3,3,HealthTech,Bangalore,1909449,1543231,No,Low,500000
4398,8,13,4,E-Commerce,Bangalore,1735436,557337,No,Low,500000
4399,18,8,9,FinTech,Bangalore,1394736,370426,No,Low,500000
4400,5,5,8,EdTech,Kolkata,966118,1604458,Yes,High,5000000
4401,13,7,4,E-Commerce,Pune,1535783,555812,No,Low,500000
4402,12,11,10,E-Commerce,Kolkata,1750020,2470521,Yes,High,5000000
4403,3,1,4,EdTech,Chennai,169041,1843758,Yes,High,5000000
4404,6,12,1,FinTech,Delhi,1544773,1824211,Yes,High,5000000
4405,3,4,8,AgriTech,Kolkata,1520720,1087806,No,Low,500000
4406,5,13,10,CleanTech,Chennai,663685,262471,No,Low,500000
4407,6,7,5,AgriTech,Pune,1930495,1624655,No,Low,500000
4408,18,11,4,AgriTech,Mumbai,1306522,1718324,Yes,High,5000000
4409,13,2,9,HealthTech,Hyderabad,145642,2483388,Yes,High,5000000
4410,5,3,10,HealthTech,Delhi,1172175,2039813,Yes,High,5000000
4411,6,1,1,E-Commerce,Mumbai,570803,2472655,Yes,High,5000000
4412,2,6,4,CleanTech,Kolkata,650062,53002,No,Low,500000
4413,4,3,5,AgriTech,Kolkata,436580,670046,Yes,High,5000000
4414,16,12,3,FinTech,Pune,623260,397931,No,Low,500000
4415,15,1,3,AI,Hyderabad,1916763,788152,No,Low,500000
4416,2,8,9,AI,Hyderabad,1295060,1088101,No,Low,500000
4417,8,8,4,E-Commerce,Chennai,695335,1696833,Yes,High,5000000
4418,13,3,1,AI,Chennai,1466129,1846149,Yes,High,5000000
4419,8,10,6,FinTech,Hyderabad,1703398,1360370,No,Low,500000
4420,2,12,8,EdTech,Mumbai,1822075,856690,No,Low,500000
4421,20,14,4,AI,Pune,1577976,2273993,Yes,High,5000000
4422,10,11,9,AI,Delhi,133439,2195273,Yes,High,5000000
4423,20,13,2,CleanTech,Hyderabad,122509,2465590,Yes,High,5000000
4424,15,7,3,CleanTech,Bangalore,1751849,708782,No,Low,500000
4425,14,2,5,HealthTech,Hyderabad,524040,1578769,Yes,High,5000000
4426,5,15,6,CleanTech,Delhi,723167,1781210,Yes,High,5000000
4427,4,11,3,E-Commerce,Mumbai,586711,194731,No,Low,500000
4428,4,13,6,E-Commerce,Pune,1779508,1967184,Yes,High,5000000
4429,7,0,10,CleanTech,Bangalore,1319849,1124414,No,Low,500000
4430,13,3,4,AI,Chennai,1067893,2178932,Yes,High,5000000
4431,9,1,9,AgriTech,Pune,1090685,1959937,Yes,High,5000000
4432,19,8,9,FinTech,Chennai,66321,265142,Yes,High,5000000
4433,8,11,4,AgriTech,Hyderabad,403527,470344,Yes,High,5000000
4434,10,15,6,EdTech,Delhi,1554470,2045933,Yes,High,5000000
4435,8,11,4,FinTech,Delhi,124360,726128,Yes,High,5000000
4436,10,10,10,EdTech,Hyderabad,295614,1615149,Yes,High,5000000
4437,14,0,8,E-Commerce,Delhi,1286797,2271730,Yes,High,5000000
4438,17,2,1,AgriTech,Mumbai,776213,615612,No,Low,500000
4439,3,14,3,CleanTech,Kolkata,1099347,1536022,Yes,High,5000000
4440,14,8,1,AgriTech,Pune,1863318,1424440,No,Low,500000
4441,13,13,6,CleanTech,Kolkata,265104,2123483,Yes,High,5000000
4442,15,14,7,E-Commerce,Pune,577032,54774,No,Low,500000
4443,11,6,9,EdTech,Delhi,1290195,1124326,No,Low,500000
4444,3,5,8,HealthTech,Hyderabad,332358,471483,Yes,High,5000000
4445,10,0,4,EdTech,Mumbai,1992014,1024256,No,Low,500000
4446,10,2,5,CleanTech,Hyderabad,1845817,2383085,Yes,High,5000000
4447,20,14,7,AI,Mumbai,934053,1573495,Yes,High,5000000
4448,20,1,10,AI,Bangalore,635649,352154,No,Low,500000
4449,6,13,6,AI,Delhi,986442,753699,No,Low,500000
4450,16,12,9,HealthTech,Kolkata,663460,751128,Yes,High,5000000
4451,12,13,1,EdTech,Pune,1367424,1355949,No,Low,500000
4452,11,10,6,HealthTech,Kolkata,511579,761630,Yes,High,5000000
4453,4,9,8,E-Commerce,Mumbai,225850,2308486,Yes,High,5000000
4454,3,1,6,AgriTech,Bangalore,1475915,2394249,Yes,High,5000000
4455,12,9,2,HealthTech,Bangalore,1143808,2300092,Yes,High,5000000
4456,8,5,1,FinTech,Chennai,1919092,2236734,Yes,High,5000000
4457,2,0,10,AgriTech,Chennai,605191,333987,No,Low,500000
4458,20,4,8,E-Commerce,Delhi,731629,546216,No,Low,500000
4459,19,10,3,HealthTech,Chennai,936306,2450540,Yes,High,5000000
4460,9,7,3,EdTech,Delhi,592553,20610,No,Low,500000
4461,14,10,9,FinTech,Bangalore,1198973,1069485,No,Low,500000
4462,17,13,3,EdTech,Hyderabad,1556302,1997890,Yes,High,5000000
4463,8,12,9,E-Commerce,Hyderabad,491562,1963141,Yes,High,5000000
4464,16,2,8,AgriTech,Bangalore,1643878,207789,No,Low,500000
4465,14,3,8,FinTech,Hyderabad,537971,1590691,Yes,High,5000000
4466,16,11,10,EdTech,Delhi,1609859,285590,No,Low,500000
4467,14,2,1,AgriTech,Mumbai,1068730,2081735,Yes,High,5000000
4468,17,3,5,HealthTech,Pune,1123060,1175121,Yes,High,5000000
4469,12,4,1,CleanTech,Mumbai,1975605,2475206,Yes,High,5000000
4470,9,10,2,HealthTech,Hyderabad,104781,1289698,Yes,High,5000000
4471,19,0,8,AgriTech,Bangalore,60539,126760,Yes,High,5000000
4472,13,7,9,AI,Hyderabad,876964,300100,No,Low,500000
4473,7,7,10,HealthTech,Hyderabad,964162,129747,No,Low,500000
4474,7,10,4,FinTech,Kolkata,1726798,792111,No,Low,500000
4475,16,7,2,EdTech,Chennai,1668894,2308069,Yes,High,5000000
4476,6,10,2,EdTech,Delhi,1764045,117874,No,Low,500000
4477,17,1,5,EdTech,Pune,956670,1488245,Yes,High,5000000
4478,8,5,2,FinTech,Chennai,1697496,1551116,No,Low,500000
4479,16,13,2,CleanTech,Bangalore,147404,260178,Yes,High,5000000
4480,10,14,2,HealthTech,Bangalore,1275196,1914018,Yes,High,5000000
4481,15,11,2,AgriTech,Mumbai,1268904,2444742,Yes,High,5000000
4482,18,8,7,HealthTech,Pune,889173,928749,Yes,High,5000000
4483,17,12,5,AI,Bangalore,1542766,1757900,Yes,High,5000000
4484,11,11,4,AgriTech,Hyderabad,1446454,70096,No,Low,500000
4485,3,3,3,EdTech,Delhi,84651,612654,Yes,High,5000000
4486,15,14,2,E-Commerce,Hyderabad,983748,1644606,Yes,High,5000000
4487,2,6,5,AgriTech,Hyderabad,470113,1965485,Yes,High,5000000
4488,2,7,9,EdTech,Hyderabad,1204704,2226316,Yes,High,5000000
4489,13,9,7,AgriTech,Bangalore,370062,882876,Yes,High,5000000
4490,17,14,4,EdTech,Pune,1012503,426047,No,Low,500000
4491,5,2,2,AgriTech,Hyderabad,537229,596939,Yes,High,5000000
4492,6,0,5,HealthTech,Delhi,881663,924243,Yes,High,5000000
4493,6,8,10,HealthTech,Hyderabad,1716113,1055013,No,Low,500000
4494,11,5,7,AgriTech,Mumbai,189841,106580,No,Low,500000
4495,10,12,7,HealthTech,Pune,357993,1243289,Yes,High,5000000
4496,15,12,4,AgriTech,Chennai,1754472,1420957,No,Low,500000
4497,7,13,2,HealthTech,Chennai,1878579,653954,No,Low,500000
4498,8,5,2,FinTech,Chennai,1055016,932355,No,Low,500000
4499,7,5,2,E-Commerce,Mumbai,1303020,1506348,Yes,High,5000000
4500,4,9,10,E-Commerce,Kolkata,857278,1314513,Yes,High,5000000
4501,12,15,5,EdTech,Mumbai,211490,1946485,Yes,High,5000000
4502,6,11,10,CleanTech,Bangalore,1912222,1669712,No,Low,500000
4503,6,15,10,EdTech,Delhi,1087439,1401644,Yes,High,5000000
4504,14,1,7,AI,Bangalore,1812180,1116904,No,Low,500000
4505,12,5,6,HealthTech,Bangalore,1159184,1985770,Yes,High,5000000
4506,2,2,10,AI,Kolkata,1842019,531774,No,Low,500000
4507,14,6,1,EdTech,Kolkata,1807763,896941,No,Low,500000
4508,17,12,2,HealthTech,Chennai,1060735,1885337,Yes,High,5000000
4509,9,7,6,AgriTech,Kolkata,636728,2347792,Yes,High,5000000
4510,11,4,4,AgriTech,Pune,1192274,385536,No,Low,500000
4511,7,11,6,AgriTech,Chennai,187322,215854,Yes,High,5000000
4512,5,15,7,FinTech,Hyderabad,1799654,2052098,Yes,High,5000000
4513,13,12,2,EdTech,Delhi,386446,1466749,Yes,High,5000000
4514,11,3,10,HealthTech,Pune,1033558,1879153,Yes,High,5000000
4515,12,2,7,E-Commerce,Pune,508394,828734,Yes,High,5000000
4516,19,11,1,FinTech,Chennai,1030908,667233,No,Low,500000
4517,10,7,4,AI,Chennai,465913,1505351,Yes,High,5000000
4518,15,13,1,E-Commerce,Mumbai,1120344,289029,No,Low,500000
4519,13,9,3,FinTech,Delhi,1889809,948694,No,Low,500000
4520,18,7,3,AI,Chennai,397892,2030651,Yes,High,5000000
4521,15,13,1,AgriTech,Delhi,423740,1393013,Yes,High,5000000
4522,5,14,1,EdTech,Pune,1516595,1675482,Yes,High,5000000
4523,11,10,7,EdTech,Kolkata,271502,221126,No,Low,500000
4524,12,11,3,HealthTech,Pune,262074,2376052,Yes,High,5000000
4525,8,8,4,E-Commerce,Delhi,668881,1165599,Yes,High,5000000
4526,16,6,2,E-Commerce,Mumbai,370557,2166279,Yes,High,5000000
4527,7,10,1,E-Commerce,Bangalore,549134,1021883,Yes,High,5000000
4528,2,6,8,EdTech,Mumbai,1580956,1504149,No,Low,500000
4529,19,12,10,AgriTech,Kolkata,682150,885521,Yes,High,5000000
4530,6,2,6,CleanTech,Pune,487751,1808804,Yes,High,5000000
4531,7,3,8,HealthTech,Chennai,62641,1929952,Yes,High,5000000
4532,7,3,7,E-Commerce,Hyderabad,1776575,1881097,Yes,High,5000000
4533,4,3,6,FinTech,Chennai,1721532,1972190,Yes,High,5000000
4534,13,14,9,EdTech,Pune,561077,2025462,Yes,High,5000000
4535,16,10,9,CleanTech,Delhi,1387079,1908343,Yes,High,5000000
4536,2,14,5,FinTech,Delhi,1191657,1847904,Yes,High,5000000
4537,2,1,4,EdTech,Mumbai,1500120,744279,No,Low,500000
4538,8,6,6,HealthTech,Bangalore,1236890,1615187,Yes,High,5000000
4539,3,6,4,HealthTech,Pune,548620,440937,No,Low,500000
4540,9,8,3,AgriTech,Hyderabad,1867744,1755769,No,Low,500000
4541,11,10,9,FinTech,Hyderabad,165801,1570830,Yes,High,5000000
4542,16,4,6,EdTech,Delhi,515750,417788,No,Low,500000
4543,15,2,3,E-Commerce,Chennai,1037875,1995802,Yes,High,5000000
4544,7,0,7,FinTech,Kolkata,405452,877689,Yes,High,5000000
4545,3,2,3,E-Commerce,Bangalore,813798,1171488,Yes,High,5000000
4546,8,0,6,EdTech,Hyderabad,1444234,1170469,No,Low,500000
4547,8,2,6,FinTech,Delhi,1384317,1896252,Yes,High,5000000
4548,18,11,6,FinTech,Delhi,299430,1718028,Yes,High,5000000
4549,16,3,8,E-Commerce,Kolkata,1756242,1999811,Yes,High,5000000
4550,18,5,9,CleanTech,Pune,714610,1965573,Yes,High,5000000
4551,10,2,8,FinTech,Mumbai,132184,996846,Yes,High,5000000
4552,8,2,3,AgriTech,Delhi,1123305,2090856,Yes,High,5000000
4553,8,11,8,EdTech,Delhi,273880,710491,Yes,High,5000000
4554,12,11,10,CleanTech,Chennai,1181866,1737272,Yes,High,5000000
4555,2,14,3,E-Commerce,Hyderabad,331432,992635,Yes,High,5000000
4556,4,10,7,EdTech,Kolkata,1634210,1346233,No,Low,500000
4557,19,11,5,E-Commerce,Chennai,813142,1793812,Yes,High,5000000
4558,16,9,10,HealthTech,Chennai,1972441,932380,No,Low,500000
4559,12,8,8,AgriTech,Pune,401429,1733536,Yes,High,5000000
4560,13,9,2,CleanTech,Delhi,1829621,2140498,Yes,High,5000000
4561,20,10,5,FinTech,Kolkata,1501189,1070333,No,Low,500000
4562,19,15,4,EdTech,Delhi,868162,2458668,Yes,High,5000000
4563,9,9,1,FinTech,Chennai,921420,1752431,Yes,High,5000000
4564,20,5,3,FinTech,Mumbai,1185983,1590738,Yes,High,5000000
4565,12,3,6,FinTech,Pune,773616,225350,No,Low,500000
4566,7,12,1,EdTech,Delhi,1322637,95431,No,Low,500000
4567,20,7,9,AgriTech,Bangalore,1423114,1088726,No,Low,500000
4568,15,4,2,EdTech,Mumbai,141936,566585,Yes,High,5000000
4569,20,11,9,AgriTech,Chennai,1239578,1316892,Yes,High,5000000
4570,3,2,10,FinTech,Kolkata,766574,1501500,Yes,High,5000000
4571,15,2,10,HealthTech,Hyderabad,1768680,882596,No,Low,500000
4572,3,2,1,EdTech,Hyderabad,1234956,630804,No,Low,500000
4573,17,0,9,AI,Delhi,1078641,1493617,Yes,High,5000000
4574,9,8,9,HealthTech,Delhi,193104,2133221,Yes,High,5000000
4575,5,7,4,CleanTech,Bangalore,1478091,602670,No,Low,500000
4576,19,15,8,CleanTech,Hyderabad,1124375,2311400,Yes,High,5000000
4577,15,8,7,AI,Bangalore,1040221,115658,No,Low,500000
4578,10,14,1,HealthTech,Hyderabad,1798987,351747,No,Low,500000
4579,7,7,2,CleanTech,Pune,1055386,431565,No,Low,500000
4580,3,9,3,AgriTech,Bangalore,401555,2405705,Yes,High,5000000
4581,20,7,5,EdTech,Chennai,1603726,272857,No,Low,500000
4582,16,0,6,CleanTech,Kolkata,442088,1223019,Yes,High,5000000
4583,5,10,9,AI,Delhi,1565639,1726534,Yes,High,5000000
4584,5,4,10,AI,Chennai,1641913,1001647,No,Low,500000
4585,20,14,1,FinTech,Mumbai,537280,91209,No,Low,500000
4586,9,15,8,FinTech,Kolkata,1433775,1309007,No,Low,500000
4587,15,6,3,AgriTech,Kolkata,266908,1235775,Yes,High,5000000
4588,4,12,9,EdTech,Bangalore,631938,299270,No,Low,500000
4589,4,8,6,E-Commerce,Hyderabad,1854587,194254,No,Low,500000
4590,13,14,9,AgriTech,Kolkata,1521777,2438491,Yes,High,5000000
4591,10,2,9,FinTech,Bangalore,1925581,1421437,No,Low,500000
4592,7,3,8,HealthTech,Pune,1755450,2258686,Yes,High,5000000
4593,9,1,9,AI,Chennai,903439,1814531,Yes,High,5000000
4594,20,10,10,CleanTech,Mumbai,864239,2418777,Yes,High,5000000
4595,2,12,8,AI,Bangalore,1911008,2212080,Yes,High,5000000
4596,2,3,5,FinTech,Bangalore,848803,1292158,Yes,High,5000000
4597,3,15,8,FinTech,Chennai,333246,506032,Yes,High,5000000
4598,13,11,9,AI,Mumbai,1350593,1351303,Yes,High,5000000
4599,15,0,6,E-Commerce,Bangalore,526352,2059063,Yes,High,5000000
4600,5,14,8,CleanTech,Chennai,278262,2041942,Yes,High,5000000
4601,15,8,1,EdTech,Chennai,925762,347561,No,Low,500000
4602,19,9,7,E-Commerce,Mumbai,897706,1944745,Yes,High,5000000
4603,7,12,6,HealthTech,Bangalore,1743886,1054522,No,Low,500000
4604,7,8,7,HealthTech,Bangalore,1592785,838134,No,Low,500000
4605,10,7,3,EdTech,Bangalore,890809,490878,No,Low,500000
4606,7,15,7,EdTech,Kolkata,1161330,1529804,Yes,High,5000000
4607,14,11,9,FinTech,Bangalore,1319706,1872818,Yes,High,5000000
4608,18,15,3,CleanTech,Pune,285504,1158097,Yes,High,5000000
4609,7,14,6,AgriTech,Hyderabad,902848,1360994,Yes,High,5000000
4610,12,12,4,CleanTech,Pune,554724,347030,No,Low,500000
4611,19,2,5,AgriTech,Delhi,387736,1920670,Yes,High,5000000
4612,17,1,1,E-Commerce,Delhi,616682,1834788,Yes,High,5000000
4613,11,11,6,AI,Bangalore,1838279,1357814,No,Low,500000
4614,5,9,3,AgriTech,Pune,180325,2274333,Yes,High,5000000
4615,11,11,10,AI,Pune,349855,2273821,Yes,High,5000000
4616,6,11,2,E-Commerce,Chennai,1701209,955079,No,Low,500000
4617,18,0,4,FinTech,Delhi,1253090,2073930,Yes,High,5000000
4618,7,7,5,EdTech,Kolkata,1589241,1439873,No,Low,500000
4619,13,2,9,EdTech,Chennai,949676,154572,No,Low,500000
4620,14,7,6,EdTech,Pune,270643,264624,No,Low,500000
4621,15,11,8,EdTech,Chennai,1346372,42529,No,Low,500000
4622,19,13,1,EdTech,Chennai,1508193,1122770,No,Low,500000
4623,20,11,6,EdTech,Kolkata,656064,1092501,Yes,High,5000000
4624,13,3,3,AgriTech,Mumbai,812353,1135810,Yes,High,5000000
4625,11,1,2,AI,Chennai,819359,445467,No,Low,500000
4626,4,13,10,FinTech,Mumbai,1017526,2423679,Yes,High,5000000
4627,16,10,8,FinTech,Pune,1284490,830566,No,Low,500000
4628,13,6,6,EdTech,Pune,1371291,2466754,Yes,High,5000000
4629,6,14,1,EdTech,Mumbai,1315804,972651,No,Low,500000
4630,2,10,1,AI,Pune,970428,194483,No,Low,500000
4631,3,3,7,E-Commerce,Kolkata,1375718,52273,No,Low,500000
4632,19,5,8,E-Commerce,Kolkata,1877925,299417,No,Low,500000
4633,8,15,3,EdTech,Bangalore,1183246,1505073,Yes,High,5000000
4634,5,15,1,E-Commerce,Chennai,100764,494740,Yes,High,5000000
4635,9,13,4,CleanTech,Delhi,356964,735743,Yes,High,5000000
4636,2,15,1,HealthTech,Mumbai,1077214,469736,No,Low,500000
4637,20,11,2,AI,Chennai,1170730,1618678,Yes,High,5000000
4638,6,6,2,HealthTech,Chennai,1881448,2151699,Yes,High,5000000
4639,7,15,4,HealthTech,Delhi,1973572,1182262,No,Low,500000
4640,2,8,9,EdTech,Chennai,528137,103953,No,Low,500000
4641,12,12,2,HealthTech,Mumbai,1126410,1662911,Yes,High,5000000
4642,19,12,8,AI,Delhi,1301730,2348349,Yes,High,5000000
4643,7,5,5,AgriTech,Pune,1213313,1853907,Yes,High,5000000
4644,7,8,10,FinTech,Pune,1144964,836913,No,Low,500000
4645,9,7,9,E-Commerce,Hyderabad,654757,2288628,Yes,High,5000000
4646,11,12,10,EdTech,Delhi,1397850,1482138,Yes,High,5000000
4647,20,15,1,E-Commerce,Kolkata,954415,1476067,Yes,High,5000000
4648,8,15,4,EdTech,Delhi,635832,1364977,Yes,High,5000000
4649,6,11,6,FinTech,Kolkata,483691,864684,Yes,High,5000000
4650,3,4,3,AI,Pune,412552,129059,No,Low,500000
4651,19,15,6,FinTech,Hyderabad,884558,984256,Yes,High,5000000
4652,7,0,7,EdTech,Pune,1023674,2427485,Yes,High,5000000
4653,19,13,1,AI,Mumbai,1713411,2222471,Yes,High,5000000
4654,19,12,10,HealthTech,Chennai,1502791,246236,No,Low,500000
4655,5,6,4,CleanTech,Kolkata,330468,2086963,Yes,High,5000000
4656,15,0,5,HealthTech,Bangalore,1981246,2114889,Yes,High,5000000
4657,15,1,4,E-Commerce,Bangalore,240450,605151,Yes,High,5000000
4658,10,11,4,AgriTech,Mumbai,565301,962147,Yes,High,5000000
4659,8,14,1,AgriTech,Delhi,1987065,1684759,No,Low,500000
4660,14,8,3,FinTech,Mumbai,1642129,1709730,Yes,High,5000000
4661,16,4,4,AgriTech,Hyderabad,1236784,402868,No,Low,500000
4662,17,10,9,AI,Bangalore,76367,1679486,Yes,High,5000000
4663,5,10,1,EdTech,Mumbai,1589625,1151812,No,Low,500000
4664,12,13,2,HealthTech,Hyderabad,770630,221211,No,Low,500000
4665,4,15,6,CleanTech,Chennai,293382,2215249,Yes,High,5000000
4666,4,8,9,EdTech,Bangalore,1320546,1862823,Yes,High,5000000
4667,16,5,10,EdTech,Kolkata,212463,46884,No,Low,500000
4668,2,15,4,FinTech,Kolkata,1135863,91057,No,Low,500000
4669,13,12,3,FinTech,Chennai,755273,532978,No,Low,500000
4670,16,2,7,AgriTech,Hyderabad,1613989,1127580,No,Low,500000
4671,9,3,9,EdTech,Bangalore,1388410,1318191,No,Low,500000
4672,14,6,8,AgriTech,Chennai,555106,143482,No,Low,500000
4673,5,14,1,AI,Mumbai,988178,2499839,Yes,High,5000000
4674,13,2,1,CleanTech,Pune,1348353,2034531,Yes,High,5000000
4675,20,7,6,CleanTech,Chennai,320130,724837,Yes,High,5000000
4676,18,7,2,CleanTech,Delhi,1098548,170153,No,Low,500000
4677,6,1,5,AgriTech,Pune,786281,748757,No,Low,500000
4678,19,5,1,AgriTech,Bangalore,1477974,2146512,Yes,High,5000000
4679,20,10,8,AI,Pune,1994013,1820611,No,Low,500000
4680,20,2,6,AgriTech,Chennai,402605,1835025,Yes,High,5000000
4681,3,1,8,EdTech,Mumbai,468998,779833,Yes,High,5000000
4682,5,6,2,AI,Kolkata,1152924,485532,No,Low,500000
4683,16,14,6,AI,Bangalore,989636,449042,No,Low,500000
4684,6,5,4,FinTech,Hyderabad,582657,359482,No,Low,500000
4685,2,0,7,HealthTech,Kolkata,1016756,579362,No,Low,500000
4686,16,2,7,EdTech,Delhi,1465297,556449,No,Low,500000
4687,18,12,10,FinTech,Kolkata,1543990,706228,No,Low,500000
4688,14,15,9,E-Commerce,Bangalore,77209,1006348,Yes,High,5000000
4689,13,7,1,CleanTech,Bangalore,228114,2186931,Yes,High,5000000
4690,14,5,1,CleanTech,Kolkata,518334,1417282,Yes,High,5000000
4691,15,14,6,AgriTech,Delhi,1235204,201021,No,Low,500000
4692,17,9,9,AgriTech,Hyderabad,1011551,1417749,Yes,High,5000000
4693,2,9,4,AI,Pune,1759800,1291176,No,Low,500000
4694,18,15,10,EdTech,Delhi,484798,1007045,Yes,High,5000000
4695,18,10,10,EdTech,Mumbai,902337,777755,No,Low,500000
4696,8,13,4,AI,Mumbai,78325,2420122,Yes,High,5000000
4697,17,12,1,CleanTech,Pune,373958,612231,Yes,High,5000000
4698,17,2,6,E-Commerce,Chennai,370021,1031854,Yes,High,5000000
4699,15,2,4,AI,Kolkata,810731,176160,No,Low,500000
4700,8,10,2,EdTech,Delhi,888752,180032,No,Low,500000
4701,15,9,5,FinTech,Delhi,169002,242075,Yes,High,5000000
4702,6,12,4,EdTech,Bangalore,1810948,1952265,Yes,High,5000000
4703,10,8,3,FinTech,Bangalore,984483,300422,No,Low,500000
4704,15,3,6,E-Commerce,Pune,647859,1974767,Yes,High,5000000
4705,3,8,6,CleanTech,Mumbai,329170,1067379,Yes,High,5000000
4706,4,2,3,HealthTech,Pune,442844,1270034,Yes,High,5000000
4707,16,13,3,CleanTech,Pune,162354,1719131,Yes,High,5000000
4708,14,5,8,HealthTech,Mumbai,1832862,400128,No,Low,500000
4709,10,8,1,AgriTech,Mumbai,1971062,118948,No,Low,500000
4710,15,4,3,FinTech,Chennai,1941447,1120259,No,Low,500000
4711,4,11,10,FinTech,Pune,1559677,102460,No,Low,500000
4712,18,1,4,HealthTech,Kolkata,298181,2456515,Yes,High,5000000
4713,13,7,4,AI,Bangalore,454343,243243,No,Low,500000
4714,2,3,1,EdTech,Kolkata,1512734,2402511,Yes,High,5000000
4715,13,5,6,CleanTech,Chennai,659099,2148989,Yes,High,5000000
4716,18,11,4,HealthTech,Pune,1662792,1793390,Yes,High,5000000
4717,3,14,9,EdTech,Pune,1108586,827616,No,Low,500000
4718,3,0,5,EdTech,Mumbai,537141,2021410,Yes,High,5000000
4719,9,2,7,EdTech,Delhi,1612870,2072190,Yes,High,5000000
4720,13,15,6,AI,Pune,500368,617591,Yes,High,5000000
4721,10,9,9,E-Commerce,Mumbai,531913,1271844,Yes,High,5000000
4722,3,2,4,E-Commerce,Kolkata,1042647,150023,No,Low,500000
4723,10,12,2,CleanTech,Pune,463371,2075420,Yes,High,5000000
4724,5,14,10,HealthTech,Chennai,119319,2348449,Yes,High,5000000
4725,9,8,10,CleanTech,Mumbai,1845033,1313459,No,Low,500000
4726,12,11,9,E-Commerce,Hyderabad,919825,872063,No,Low,500000
4727,14,3,9,EdTech,Mumbai,600196,342943,No,Low,500000
4728,14,2,10,AI,Mumbai,967338,1463883,Yes,High,5000000
4729,20,5,4,EdTech,Pune,1072722,1057886,No,Low,500000
4730,2,14,7,EdTech,Hyderabad,946111,2443697,Yes,High,5000000
4731,13,2,9,AI,Mumbai,922154,768266,No,Low,500000
4732,8,10,5,AgriTech,Mumbai,1900235,2403499,Yes,High,5000000
4733,16,2,2,E-Commerce,Chennai,662085,2050975,Yes,High,5000000
4734,5,5,4,AgriTech,Hyderabad,1817178,515155,No,Low,500000
4735,14,0,7,AgriTech,Kolkata,1742009,1130291,No,Low,500000
4736,20,4,10,AgriTech,Kolkata,537250,1831527,Yes,High,5000000
4737,13,11,4,HealthTech,Kolkata,434703,1727913,Yes,High,5000000
4738,4,3,2,EdTech,Kolkata,1794984,2064853,Yes,High,5000000
4739,19,13,5,AI,Chennai,552702,2182020,Yes,High,5000000
4740,10,1,3,AgriTech,Pune,1521526,1808128,Yes,High,5000000
4741,19,9,6,FinTech,Hyderabad,1632243,883304,No,Low,500000
4742,20,15,6,AI,Hyderabad,367802,1316007,Yes,High,5000000
4743,9,10,7,EdTech,Kolkata,200161,972589,Yes,High,5000000
4744,17,12,9,FinTech,Pune,1895826,756589,No,Low,500000
4745,15,5,8,EdTech,Delhi,1680386,1011220,No,Low,500000
4746,13,3,3,HealthTech,Kolkata,1862595,554775,No,Low,500000
4747,11,15,8,AgriTech,Chennai,502374,688837,Yes,High,5000000
4748,9,11,2,FinTech,Delhi,1216635,2258251,Yes,High,5000000
4749,5,12,10,CleanTech,Chennai,1394082,1787719,Yes,High,5000000
4750,9,14,9,AI,Hyderabad,451750,571981,Yes,High,5000000
4751,6,1,9,EdTech,Chennai,676064,1744647,Yes,High,5000000
4752,10,5,3,AI,Mumbai,1203380,536400,No,Low,500000
4753,11,4,8,AgriTech,Delhi,145277,1728081,Yes,High,5000000
4754,13,14,3,AI,Hyderabad,1556686,1303835,No,Low,500000
4755,4,5,6,HealthTech,Bangalore,1272114,1503441,Yes,High,5000000
4756,5,0,3,AI,Kolkata,1748881,671287,No,Low,500000
4757,14,6,2,AI,Kolkata,754775,1531968,Yes,High,5000000
4758,11,4,10,EdTech,Kolkata,1633699,1991235,Yes,High,5000000
4759,10,3,3,AgriTech,Pune,562539,2209494,Yes,High,5000000
4760,13,3,1,AgriTech,Pune,594239,833606,Yes,High,5000000
4761,16,0,2,FinTech,Hyderabad,1578640,1643527,Yes,High,5000000
4762,5,8,2,E-Commerce,Pune,1724121,1114592,No,Low,500000
4763,9,7,1,AgriTech,Kolkata,1941989,2133524,Yes,High,5000000
4764,20,7,7,AI,Bangalore,670625,1633030,Yes,High,5000000
4765,6,14,4,AgriTech,Chennai,1085035,232799,No,Low,500000
4766,18,8,9,HealthTech,Kolkata,608938,1677512,Yes,High,5000000
4767,8,2,10,FinTech,Delhi,330845,1958240,Yes,High,5000000
4768,6,3,2,AgriTech,Delhi,1963023,1683722,No,Low,500000
4769,16,15,3,EdTech,Hyderabad,187644,370624,Yes,High,5000000
4770,16,2,10,FinTech,Pune,1446335,1304727,No,Low,500000
4771,7,13,4,E-Commerce,Chennai,1798459,104915,No,Low,500000
4772,8,8,1,EdTech,Hyderabad,1847031,784435,No,Low,500000
4773,15,11,1,EdTech,Bangalore,1850529,1274506,No,Low,500000
4774,18,8,6,FinTech,Hyderabad,1542937,539944,No,Low,500000
4775,18,2,2,CleanTech,Delhi,1297134,2178042,Yes,High,5000000
4776,12,5,6,CleanTech,Pune,1512753,664711,No,Low,500000
4777,2,1,10,E-Commerce,Bangalore,682191,1943880,Yes,High,5000000
4778,9,2,1,AgriTech,Pune,1560161,428873,No,Low,500000
4779,13,13,3,E-Commerce,Delhi,1916967,148353,No,Low,500000
4780,18,10,2,E-Commerce,Kolkata,1282070,1182605,No,Low,500000
4781,7,3,9,HealthTech,Mumbai,352621,1547549,Yes,High,5000000
4782,6,3,1,CleanTech,Chennai,233093,1435706,Yes,High,5000000
4783,8,15,2,HealthTech,Chennai,1618340,2236604,Yes,High,5000000
4784,15,14,2,FinTech,Hyderabad,1012244,2257640,Yes,High,5000000
4785,2,13,1,FinTech,Bangalore,504680,1749317,Yes,High,5000000
4786,6,13,6,E-Commerce,Kolkata,805954,826810,Yes,High,5000000
4787,12,0,7,AgriTech,Chennai,875488,255473,No,Low,500000
4788,7,9,5,FinTech,Mumbai,724165,613765,No,Low,500000
4789,3,3,1,AI,Kolkata,769403,504123,No,Low,500000
4790,6,4,1,FinTech,Pune,1078643,2105717,Yes,High,5000000
4791,15,8,4,E-Commerce,Pune,1706230,323843,No,Low,500000
4792,17,14,5,AgriTech,Mumbai,826602,913236,Yes,High,5000000
4793,20,10,7,CleanTech,Delhi,157149,2143796,Yes,High,5000000
4794,9,15,9,CleanTech,Delhi,350282,2088824,Yes,High,5000000
4795,8,0,4,E-Commerce,Pune,657677,296213,No,Low,500000
4796,11,9,1,CleanTech,Chennai,507933,939712,Yes,High,5000000
4797,14,10,7,AgriTech,Mumbai,701176,1654656,Yes,High,5000000
4798,16,6,10,E-Commerce,Hyderabad,1676898,1798832,Yes,High,5000000
4799,16,13,3,EdTech,Delhi,474033,1070251,Yes,High,5000000
4800,8,15,4,E-Commerce,Hyderabad,1095401,1807357,Yes,High,5000000
4801,2,10,5,CleanTech,Mumbai,1519819,663012,No,Low,500000
4802,6,3,10,EdTech,Hyderabad,1252242,2443466,Yes,High,5000000
4803,8,13,8,AgriTech,Delhi,788936,44395,No,Low,500000
4804,16,1,5,HealthTech,Chennai,460243,218901,No,Low,500000
4805,8,8,2,HealthTech,Delhi,1608812,458929,No,Low,500000
4806,13,15,2,AgriTech,Hyderabad,1077302,1944412,Yes,High,5000000
4807,2,2,1,E-Commerce,Hyderabad,442212,84617,No,Low,500000
4808,3,8,6,FinTech,Chennai,1992014,41063,No,Low,500000
4809,14,5,1,CleanTech,Pune,1203344,1466482,Yes,High,5000000
4810,8,9,8,AI,Pune,276369,2375240,Yes,High,5000000
4811,11,9,1,CleanTech,Chennai,129608,2374375,Yes,High,5000000
4812,13,9,2,CleanTech,Bangalore,1673731,2183195,Yes,High,5000000
4813,2,3,2,HealthTech,Hyderabad,1792832,1557874,No,Low,500000
4814,2,13,8,HealthTech,Kolkata,702407,193021,No,Low,500000
4815,15,1,4,HealthTech,Hyderabad,1873120,770129,No,Low,500000
4816,14,3,1,CleanTech,Kolkata,1312638,1844928,Yes,High,5000000
4817,3,2,8,AgriTech,Mumbai,418915,79454,No,Low,500000
4818,17,3,6,AgriTech,Delhi,90937,1823879,Yes,High,5000000
4819,16,11,7,AI,Kolkata,996785,1698701,Yes,High,5000000
4820,6,0,4,AI,Hyderabad,223779,146534,No,Low,500000
4821,8,11,2,EdTech,Delhi,704153,1388593,Yes,High,5000000
4822,4,2,9,HealthTech,Pune,1483498,93449,No,Low,500000
4823,18,0,4,E-Commerce,Hyderabad,1153564,1843819,Yes,High,5000000
4824,6,5,7,E-Commerce,Kolkata,1633062,1671736,Yes,High,5000000
4825,17,3,5,CleanTech,Chennai,1724099,1580716,No,Low,500000
4826,8,8,10,AI,Mumbai,1535408,1420875,No,Low,500000
4827,2,12,2,FinTech,Delhi,1887531,949141,No,Low,500000
4828,10,11,7,EdTech,Hyderabad,155644,134738,No,Low,500000
4829,2,6,1,AI,Hyderabad,1186809,1982062,Yes,High,5000000
4830,18,3,9,AI,Kolkata,1785159,1487844,No,Low,500000
4831,7,7,5,HealthTech,Delhi,1257505,2425528,Yes,High,5000000
4832,16,5,9,HealthTech,Kolkata,1495838,2415729,Yes,High,5000000
4833,6,5,2,AI,Delhi,659651,2109353,Yes,High,5000000
4834,2,13,5,FinTech,Mumbai,857260,1014525,Yes,High,5000000
4835,4,4,8,AI,Bangalore,691614,652755,No,Low,500000
4836,6,2,10,AgriTech,Kolkata,1790632,227867,No,Low,500000
4837,6,9,4,AgriTech,Delhi,1396059,1917461,Yes,High,5000000
4838,12,9,6,HealthTech,Mumbai,1001829,1789126,Yes,High,5000000
4839,6,5,2,FinTech,Hyderabad,555923,1770265,Yes,High,5000000
4840,9,4,6,FinTech,Chennai,367037,1658092,Yes,High,5000000
4841,17,4,10,AgriTech,Pune,198587,838064,Yes,High,5000000
4842,15,11,4,FinTech,Mumbai,119284,2318311,Yes,High,5000000
4843,9,10,8,AgriTech,Kolkata,1397427,1987007,Yes,High,5000000
4844,12,8,9,E-Commerce,Delhi,297057,1522005,Yes,High,5000000
4845,10,0,9,E-Commerce,Chennai,1660554,715006,No,Low,500000
4846,14,9,4,AgriTech,Delhi,1986229,696626,No,Low,500000
4847,18,2,7,CleanTech,Mumbai,261919,1437245,Yes,High,5000000
4848,8,14,5,E-Commerce,Hyderabad,1934892,484234,No,Low,500000
4849,2,7,8,FinTech,Hyderabad,221991,1625428,Yes,High,5000000
4850,11,7,7,AI,Delhi,1482022,2448459,Yes,High,5000000
4851,13,12,5,HealthTech,Bangalore,853365,487707,No,Low,500000
4852,19,8,8,FinTech,Kolkata,1154300,102803,No,Low,500000
4853,4,1,9,E-Commerce,Mumbai,884938,2415018,Yes,High,5000000
4854,8,1,4,EdTech,Pune,1736444,1499909,No,Low,500000
4855,4,12,7,E-Commerce,Chennai,879923,1897656,Yes,High,5000000
4856,20,9,10,AgriTech,Chennai,1058856,1205961,Yes,High,5000000
4857,7,13,2,AgriTech,Mumbai,1345966,970165,No,Low,500000
4858,13,7,3,AgriTech,Chennai,129842,640088,Yes,High,5000000
4859,4,1,4,HealthTech,Chennai,648417,950978,Yes,High,5000000
4860,16,13,6,EdTech,Kolkata,1524855,125417,No,Low,500000
4861,7,10,2,AI,Pune,398249,1700461,Yes,High,5000000
4862,5,0,10,EdTech,Delhi,1479732,205941,No,Low,500000
4863,12,0,5,HealthTech,Bangalore,655085,55785,No,Low,500000
4864,14,5,4,CleanTech,Chennai,1303354,2305638,Yes,High,5000000
4865,14,9,5,CleanTech,Kolkata,77375,1555074,Yes,High,5000000
4866,3,8,10,AI,Chennai,450417,1185997,Yes,High,5000000
4867,8,0,4,FinTech,Pune,1594707,1330071,No,Low,500000
4868,18,14,2,CleanTech,Hyderabad,793633,24930,No,Low,500000
4869,20,14,10,AI,Kolkata,682886,1978408,Yes,High,5000000
4870,18,1,5,AgriTech,Delhi,1710239,2122808,Yes,High,5000000
4871,11,4,6,HealthTech,Chennai,1750389,1340068,No,Low,500000
4872,8,14,3,AgriTech,Pune,781533,1106583,Yes,High,5000000
4873,12,9,9,FinTech,Hyderabad,427560,2048848,Yes,High,5000000
4874,4,0,8,FinTech,Kolkata,829159,314104,No,Low,500000
4875,10,15,6,AI,Chennai,1580684,2162141,Yes,High,5000000
4876,11,12,6,E-Commerce,Bangalore,961257,2298736,Yes,High,5000000
4877,20,15,7,AgriTech,Bangalore,1791425,451301,No,Low,500000
4878,18,3,6,HealthTech,Pune,219145,29034,No,Low,500000
4879,16,6,8,AgriTech,Pune,1490508,419439,No,Low,500000
4880,8,4,7,E-Commerce,Bangalore,271035,1663616,Yes,High,5000000
4881,10,2,10,AI,Chennai,134402,942279,Yes,High,5000000
4882,12,13,8,E-Commerce,Hyderabad,303103,2394089,Yes,High,5000000
4883,4,2,3,FinTech,Mumbai,942950,327186,No,Low,500000
4884,7,12,3,AgriTech,Delhi,489301,400307,No,Low,500000
4885,19,12,3,E-Commerce,Bangalore,136817,308696,Yes,High,5000000
4886,7,5,5,HealthTech,Delhi,1904861,2452829,Yes,High,5000000
4887,16,12,8,FinTech,Hyderabad,413226,1321292,Yes,High,5000000
4888,9,5,2,AgriTech,Pune,110565,2148229,Yes,High,5000000
4889,9,14,9,AgriTech,Bangalore,1533684,1673054,Yes,High,5000000
4890,15,0,4,HealthTech,Mumbai,1092100,1526002,Yes,High,5000000
4891,14,1,6,E-Commerce,Hyderabad,1626495,721809,No,Low,500000
4892,9,5,5,EdTech,Hyderabad,1345619,545104,No,Low,500000
4893,14,10,2,E-Commerce,Hyderabad,1817496,2135611,Yes,High,5000000
4894,20,1,7,CleanTech,Delhi,568276,119487,No,Low,500000
4895,5,0,8,AgriTech,Mumbai,256479,512566,Yes,High,5000000
4896,8,5,10,AgriTech,Chennai,1831969,1002486,No,Low,500000
4897,3,13,6,E-Commerce,Mumbai,302262,2232597,Yes,High,5000000
4898,8,5,1,E-Commerce,Delhi,126632,1750355,Yes,High,5000000
4899,7,10,2,AgriTech,Pune,143802,1920607,Yes,High,5000000
4900,11,3,3,CleanTech,Bangalore,201396,1488022,Yes,High,5000000
4901,6,15,2,HealthTech,Delhi,1083444,1043458,No,Low,500000
4902,11,3,10,HealthTech,Delhi,1226812,2036314,Yes,High,5000000
4903,18,9,1,E-Commerce,Chennai,115180,1035431,Yes,High,5000000
4904,16,11,1,E-Commerce,Pune,1878614,1269246,No,Low,500000
4905,7,0,6,AI,Chennai,573065,618253,Yes,High,5000000
4906,5,13,9,CleanTech,Bangalore,349063,1571812,Yes,High,5000000
4907,5,1,1,AgriTech,Kolkata,1620575,2021719,Yes,High,5000000
4908,10,6,10,HealthTech,Chennai,1630401,1910072,Yes,High,5000000
4909,11,8,1,E-Commerce,Mumbai,1667320,979567,No,Low,500000
4910,9,13,7,AI,Hyderabad,73110,619186,Yes,High,5000000
4911,5,8,5,E-Commerce,Bangalore,796937,599004,No,Low,500000
4912,19,2,4,E-Commerce,Pune,1797428,794437,No,Low,500000
4913,17,9,9,AgriTech,Delhi,1450697,1218557,No,Low,500000
4914,12,2,3,E-Commerce,Bangalore,1180683,2367042,Yes,High,5000000
4915,19,7,10,AgriTech,Delhi,1633829,191243,No,Low,500000
4916,19,11,2,E-Commerce,Mumbai,859734,1696406,Yes,High,5000000
4917,10,11,1,HealthTech,Hyderabad,1376365,1749530,Yes,High,5000000
4918,11,6,3,E-Commerce,Chennai,280406,42194,No,Low,500000
4919,19,13,6,EdTech,Pune,1595818,1400097,No,Low,500000
4920,3,7,3,AgriTech,Delhi,1100625,2213882,Yes,High,5000000
4921,9,9,3,EdTech,Delhi,796105,2040873,Yes,High,5000000
4922,8,0,8,EdTech,Mumbai,402599,1801886,Yes,High,5000000
4923,3,14,6,HealthTech,Bangalore,240531,57296,No,Low,500000
4924,11,15,8,FinTech,Hyderabad,1338145,838235,No,Low,500000
4925,12,4,9,CleanTech,Bangalore,1252886,1394822,Yes,High,5000000
4926,15,2,6,HealthTech,Hyderabad,210508,1580188,Yes,High,5000000
4927,3,12,3,EdTech,Bangalore,1622451,622061,No,Low,500000
4928,11,6,6,EdTech,Bangalore,115799,1732110,Yes,High,5000000
4929,3,12,2,FinTech,Mumbai,1748925,1803951,Yes,High,5000000
4930,17,8,4,FinTech,Kolkata,819389,1448504,Yes,High,5000000
4931,13,4,7,E-Commerce,Kolkata,1017953,2133750,Yes,High,5000000
4932,5,2,1,AI,Chennai,1801129,2484282,Yes,High,5000000
4933,18,1,3,EdTech,Chennai,1624089,934179,No,Low,500000
4934,20,3,7,AgriTech,Kolkata,81097,1800651,Yes,High,5000000
4935,4,12,2,AI,Mumbai,1956311,501533,No,Low,500000
4936,16,1,10,AgriTech,Kolkata,528658,1079567,Yes,High,5000000
4937,19,4,7,CleanTech,Bangalore,1041880,1208451,Yes,High,5000000
4938,3,3,9,E-Commerce,Chennai,1584996,382064,No,Low,500000
4939,14,6,10,E-Commerce,Hyderabad,1396160,707742,No,Low,500000
4940,20,13,4,CleanTech,Kolkata,517849,2030710,Yes,High,5000000
4941,12,12,8,AI,Hyderabad,1722455,368724,No,Low,500000
4942,14,10,1,E-Commerce,Mumbai,1776211,1490030,No,Low,500000
4943,13,13,7,FinTech,Kolkata,1182570,1902704,Yes,High,5000000
4944,2,5,8,AgriTech,Bangalore,1516205,393229,No,Low,500000
4945,5,6,6,AgriTech,Mumbai,761132,1425088,Yes,High,5000000
4946,14,15,4,HealthTech,Chennai,976005,1938672,Yes,High,5000000
4947,8,4,1,EdTech,Delhi,230171,1362117,Yes,High,5000000
4948,11,14,5,EdTech,Bangalore,1021410,2437380,Yes,High,5000000
4949,4,9,10,E-Commerce,Mumbai,583319,1225020,Yes,High,5000000
4950,7,5,1,CleanTech,Chennai,878122,2382368,Yes,High,5000000
4951,17,12,2,HealthTech,Bangalore,1781283,951601,No,Low,500000
4952,13,10,6,AI,Kolkata,780530,1526593,Yes,High,5000000
4953,7,9,10,AgriTech,Kolkata,1667545,573279,No,Low,500000
4954,20,4,2,EdTech,Bangalore,636249,469013,No,Low,500000
4955,17,4,6,AI,Delhi,605451,351365,No,Low,500000
4956,11,4,2,E-Commerce,Bangalore,1356200,1462176,Yes,High,5000000
4957,7,7,6,HealthTech,Kolkata,790757,2045489,Yes,High,5000000
4958,14,1,5,CleanTech,Hyderabad,1944325,365949,No,Low,500000
4959,8,4,4,E-Commerce,Delhi,1091666,1529666,Yes,High,5000000
4960,11,0,10,HealthTech,Kolkata,1445712,670615,No,Low,500000
4961,18,13,2,CleanTech,Delhi,1910130,2199609,Yes,High,5000000
4962,17,2,4,HealthTech,Delhi,1744239,2422740,Yes,High,5000000
4963,17,11,6,E-Commerce,Kolkata,1461262,2188063,Yes,High,5000000
4964,10,6,2,CleanTech,Delhi,538662,419833,No,Low,500000
4965,9,13,5,AgriTech,Mumbai,1231829,2106384,Yes,High,5000000
4966,19,0,10,E-Commerce,Kolkata,1341639,1417223,Yes,High,5000000
4967,16,14,8,AI,Chennai,1827525,1392779,No,Low,500000
4968,2,10,3,FinTech,Kolkata,1729809,91269,No,Low,500000
4969,5,0,9,E-Commerce,Bangalore,1011352,1151936,Yes,High,5000000
4970,4,7,9,FinTech,Chennai,1034932,1376775,Yes,High,5000000
4971,9,9,1,EdTech,Pune,327808,2350447,Yes,High,5000000
4972,20,3,4,FinTech,Mumbai,1384095,2061874,Yes,High,5000000
4973,17,15,7,HealthTech,Mumbai,1504108,1058998,No,Low,500000
4974,14,0,7,AgriTech,Hyderabad,981423,2150699,Yes,High,5000000
4975,11,1,6,AgriTech,Chennai,860084,1495455,Yes,High,5000000
4976,19,8,10,CleanTech,Bangalore,522359,211951,No,Low,500000
4977,10,1,3,AI,Bangalore,998214,2474500,Yes,High,5000000
4978,7,15,7,HealthTech,Bangalore,1062446,1691575,Yes,High,5000000
4979,8,6,3,AgriTech,Kolkata,950982,996612,Yes,High,5000000
4980,3,5,8,HealthTech,Chennai,1954712,1739307,No,Low,500000
4981,15,4,4,AI,Hyderabad,1313310,1656158,Yes,High,5000000
4982,3,5,3,E-Commerce,Hyderabad,1039739,525773,No,Low,500000
4983,16,14,5,FinTech,Hyderabad,441872,76558,No,Low,500000
4984,18,13,2,FinTech,Chennai,768313,781262,Yes,High,5000000
4985,3,15,3,EdTech,Mumbai,533267,1589361,Yes,High,5000000
4986,2,14,2,FinTech,Bangalore,600066,2370516,Yes,High,5000000
4987,11,12,3,CleanTech,Hyderabad,1746962,521988,No,Low,500000
4988,19,2,7,AI,Bangalore,1343386,1874347,Yes,High,5000000
4989,10,11,6,AI,Hyderabad,1743671,210958,No,Low,500000
4990,8,12,7,EdTech,Delhi,1159433,2381368,Yes,High,5000000
4991,14,6,1,HealthTech,Kolkata,526639,845307,Yes,High,5000000
4992,10,13,4,EdTech,Bangalore,554404,1564197,Yes,High,5000000
4993,2,6,1,HealthTech,Hyderabad,1534354,739269,No,Low,500000
4994,16,13,1,AI,Mumbai,1998957,1685252,No,Low,500000
4995,3,6,7,EdTech,Delhi,177910,1972913,Yes,High,5000000
4996,20,11,10,HealthTech,Delhi,1627470,1365499,No,Low,500000
4997,14,4,9,HealthTech,Mumbai,1106719,567736,No,Low,500000
4998,9,8,4,AgriTech,Hyderabad,1426625,1752546,Yes,High,5000000
4999,18,9,3,AgriTech,Hyderabad,860748,2220625,Yes,High,5000000
